[
    {
        "id": "0846a262-5b8a-48ac-8986-00ee951bd775",
        "display": "test/1.png",
        "bbox": [
            "6462",
            "1555",
            "7294",
            "1638"
        ],
        "text": "Body Controller Right",
        "text_to_ignore": []
    },
    {
        "id": "a43d4821-c4fc-40b2-b4e8-2283c539b9d1",
        "display": "test/1.png",
        "bbox": [
            "6859",
            "1636",
            "9768",
            "1709"
        ],
        "text": "XO50A B X051 X052 X054 XO60A B X062 X053A B X055 X056 X058 X059",
        "text_to_ignore": []
    },
    {
        "id": "d2899ed1-ff0e-49cd-be68-f7ce48348f73",
        "display": "test/1.png",
        "bbox": [
            "990",
            "2974",
            "1875",
            "3062"
        ],
        "text": "Body Controller Battery \u00a9",
        "text_to_ignore": []
    },
    {
        "id": "b932d049-a59d-48ca-abcb-80898a2f7da8",
        "display": "test/1.png",
        "bbox": [
            "1222",
            "3062",
            "2388",
            "3130"
        ],
        "text": "X025 X022 X023 X024 X026",
        "text_to_ignore": []
    },
    {
        "id": "5ccf45e0-212c-4dcc-b5cb-586f5e1680cd",
        "display": "test/1.png",
        "bbox": [
            "2070",
            "3190",
            "2507",
            "3240"
        ],
        "text": "X025-H1 CAN",
        "text_to_ignore": []
    },
    {
        "id": "c1f4a1b0-3fb0-40bf-aa14-9b64810b13e6",
        "display": "test/1.png",
        "bbox": [
            "2060",
            "3251",
            "2506",
            "3294"
        ],
        "text": "SENSOR CAN P",
        "text_to_ignore": []
    },
    {
        "id": "a3dc6f63-cacd-43fc-8115-78a6124287ec",
        "display": "test/1.png",
        "bbox": [
            "2072",
            "3342",
            "2508",
            "3390"
        ],
        "text": "X025-G1 CAN",
        "text_to_ignore": []
    },
    {
        "id": "483a4a59-7d60-420f-acad-a29a9c0f5fd6",
        "display": "test/1.png",
        "bbox": [
            "2050",
            "3399",
            "2506",
            "3450"
        ],
        "text": "SENSOR CAN N",
        "text_to_ignore": []
    },
    {
        "id": "5fce6450-dbb4-4468-961f-41021b32ca2b",
        "display": "test/1.png",
        "bbox": [
            "2756",
            "3283",
            "3365",
            "3346"
        ],
        "text": "TWIST-CAN CLP20-B",
        "text_to_ignore": []
    },
    {
        "id": "1c361942-2812-4e67-9c00-0dbb0c5522f6",
        "display": "test/1.png",
        "bbox": [
            "2628",
            "3436",
            "2814",
            "3472"
        ],
        "text": "\u2014\u2014X025",
        "text_to_ignore": []
    },
    {
        "id": "b30bff56-0abe-431f-9407-48daa7c6fbcb",
        "display": "test/1.png",
        "bbox": [
            "4131",
            "3189",
            "4806",
            "3230"
        ],
        "text": "+CLP20-A VT 0.35 FLRY",
        "text_to_ignore": []
    },
    {
        "id": "a753c348-7632-4e3b-b802-7dafcf516b7b",
        "display": "test/1.png",
        "bbox": [
            "4178",
            "3247",
            "4782",
            "3292"
        ],
        "text": "1863.0 3486408-XxX (W)",
        "text_to_ignore": []
    },
    {
        "id": "e39f7ae3-8527-47a4-adbd-7b690fe09427",
        "display": "test/1.png",
        "bbox": [
            "4132",
            "3340",
            "4814",
            "3380"
        ],
        "text": "+CLP21-A TN 0.35 FLRY",
        "text_to_ignore": []
    },
    {
        "id": "89a7864f-6fb9-463d-91ae-c8295cac652a",
        "display": "test/1.png",
        "bbox": [
            "4178",
            "3398",
            "4782",
            "3442"
        ],
        "text": "1863.0 3486408-XxX (W)",
        "text_to_ignore": []
    },
    {
        "id": "157a456b-8d4b-4333-9e08-03f718cf847f",
        "display": "test/1.png",
        "bbox": [
            "5661",
            "3289",
            "6268",
            "3347"
        ],
        "text": "TWIST-CAN CLP20-B",
        "text_to_ignore": []
    },
    {
        "id": "1a1abad8-f557-4412-a711-5056c00b7ba3",
        "display": "test/1.png",
        "bbox": [
            "6206",
            "3438",
            "6392",
            "3472"
        ],
        "text": "X057.",
        "text_to_ignore": []
    },
    {
        "id": "68380f6b-cd26-4323-9c85-128441d95360",
        "display": "test/1.png",
        "bbox": [
            "6512",
            "3192",
            "6942",
            "3246"
        ],
        "text": "X057-16 CAN",
        "text_to_ignore": []
    },
    {
        "id": "eefd8673-d7ef-48ab-8d20-7d881018a353",
        "display": "test/1.png",
        "bbox": [
            "6516",
            "3250",
            "6962",
            "3294"
        ],
        "text": "SENSOR CAN P",
        "text_to_ignore": []
    },
    {
        "id": "47e997ad-0a1b-47ad-870d-4b795b778fba",
        "display": "test/1.png",
        "bbox": [
            "6514",
            "3340",
            "6942",
            "3394"
        ],
        "text": "X057-17 CAN",
        "text_to_ignore": []
    },
    {
        "id": "0c182e19-b63d-40c6-bce6-ac7180122097",
        "display": "test/1.png",
        "bbox": [
            "6514",
            "3399",
            "6972",
            "3448"
        ],
        "text": "SENSOR CAN N",
        "text_to_ignore": []
    },
    {
        "id": "02437d73-a7ec-4924-9f07-7da9d965ec49",
        "display": "test/1.png",
        "bbox": [
            "984",
            "4776",
            "1714",
            "4854"
        ],
        "text": "Security Controller",
        "text_to_ignore": []
    },
    {
        "id": "7eac248d-d079-4ba4-bc74-7db7b5ead4c9",
        "display": "test/1.png",
        "bbox": [
            "2108",
            "4990",
            "2507",
            "5040"
        ],
        "text": "X488-7 CAN",
        "text_to_ignore": []
    },
    {
        "id": "9c335df1-3562-45bd-97d8-6e200b6c60b7",
        "display": "test/1.png",
        "bbox": [
            "2024",
            "5052",
            "2504",
            "5094"
        ],
        "text": "Sensor Bus CAN+",
        "text_to_ignore": []
    },
    {
        "id": "26f3247a-b909-4bf8-98a9-7025f99227c6",
        "display": "test/1.png",
        "bbox": [
            "2758",
            "5092",
            "3361",
            "5140"
        ],
        "text": "TWIST-CAN CLP10-B",
        "text_to_ignore": []
    },
    {
        "id": "08de45f8-182c-492b-966b-466148660bdc",
        "display": "test/1.png",
        "bbox": [
            "4132",
            "4990",
            "4806",
            "5030"
        ],
        "text": "+CLP10-A VT 0.35 FLRY",
        "text_to_ignore": []
    },
    {
        "id": "81305f0b-4720-4424-8677-dff035104a5b",
        "display": "test/1.png",
        "bbox": [
            "4176",
            "5047",
            "4768",
            "5094"
        ],
        "text": "2275.0 3486395-XX (B)",
        "text_to_ignore": []
    },
    {
        "id": "27b19c89-40a5-4991-9942-adbf0ac839c1",
        "display": "test/1.png",
        "bbox": [
            "5662",
            "5092",
            "6268",
            "5140"
        ],
        "text": "TWIST-CAN CLP10-B",
        "text_to_ignore": []
    },
    {
        "id": "b76c60f7-a893-42b7-924e-c44c74a68e16",
        "display": "test/1.png",
        "bbox": [
            "6514",
            "4992",
            "6942",
            "5046"
        ],
        "text": "X052-20 CAN:",
        "text_to_ignore": []
    },
    {
        "id": "3d9c3311-eeff-46f9-b65d-811365bd9b05",
        "display": "test/1.png",
        "bbox": [
            "6516",
            "5050",
            "6964",
            "5098"
        ],
        "text": "SENSOR CAN P",
        "text_to_ignore": []
    },
    {
        "id": "098747e8-95db-4290-a3e0-92a838007d39",
        "display": "test/1.png",
        "bbox": [
            "988",
            "5532",
            "1604",
            "5598"
        ],
        "text": "Radar - Interior",
        "text_to_ignore": []
    },
    {
        "id": "eae4bf23-0206-4cb1-80e5-2184ea4540c7",
        "display": "test/1.png",
        "bbox": [
            "1186",
            "5612",
            "1452",
            "5678"
        ],
        "text": "X400",
        "text_to_ignore": []
    },
    {
        "id": "64461dc0-4f11-44b7-8580-5ece57b00106",
        "display": "test/1.png",
        "bbox": [
            "1318",
            "5120",
            "1594",
            "5172"
        ],
        "text": "120Q",
        "text_to_ignore": []
    },
    {
        "id": "1fc9723d-f9d4-4eee-b13a-e2f5f38110f5",
        "display": "test/1.png",
        "bbox": [
            "2110",
            "5140",
            "2507",
            "5190"
        ],
        "text": "X488-5 CAN",
        "text_to_ignore": []
    },
    {
        "id": "e07757a8-05cb-4617-ae78-0907437bcefa",
        "display": "test/1.png",
        "bbox": [
            "2038",
            "5200",
            "2506",
            "5246"
        ],
        "text": "Sensor Bus CAN-",
        "text_to_ignore": []
    },
    {
        "id": "884236dc-2efb-490d-92f2-eac395e39009",
        "display": "test/1.png",
        "bbox": [
            "2108",
            "5742",
            "2506",
            "5790"
        ],
        "text": "X400-8 CAN",
        "text_to_ignore": []
    },
    {
        "id": "d31669c8-7f37-4d85-970f-165ff5a94ce5",
        "display": "test/1.png",
        "bbox": [
            "1974",
            "5801",
            "2507",
            "5848"
        ],
        "text": "CAN-H (Low Power)",
        "text_to_ignore": []
    },
    {
        "id": "3c07cd98-50cd-417a-a738-12000d3d2f9a",
        "display": "test/1.png",
        "bbox": [
            "2110",
            "5890",
            "2508",
            "5940"
        ],
        "text": "X400-7 CAN",
        "text_to_ignore": []
    },
    {
        "id": "354c89ba-6932-4d07-957f-74cc24d3e4dd",
        "display": "test/1.png",
        "bbox": [
            "1986",
            "5952",
            "2508",
            "5998"
        ],
        "text": "CAN-L (Low Power)",
        "text_to_ignore": []
    },
    {
        "id": "a5403685-0171-4653-ac1c-bd64c7c0e1ad",
        "display": "test/1.png",
        "bbox": [
            "2628",
            "5236",
            "2816",
            "5272"
        ],
        "text": "X488",
        "text_to_ignore": []
    },
    {
        "id": "9dd12e0c-7fd1-4655-8003-009bb46e2a11",
        "display": "test/1.png",
        "bbox": [
            "2756",
            "5840",
            "3364",
            "5894"
        ],
        "text": "TWIST-CAN CLP12-A",
        "text_to_ignore": []
    },
    {
        "id": "01ee45ec-632b-4f9d-a4fe-55f008218c47",
        "display": "test/1.png",
        "bbox": [
            "2628",
            "5986",
            "2816",
            "6022"
        ],
        "text": "X400",
        "text_to_ignore": []
    },
    {
        "id": "1a8818ae-fef7-4c4d-bf61-aceb061a0fe8",
        "display": "test/1.png",
        "bbox": [
            "4132",
            "5140",
            "4814",
            "5180"
        ],
        "text": "+CLP11-A TN 0.35 FLRY",
        "text_to_ignore": []
    },
    {
        "id": "6340c0cf-6c30-4834-8402-69a04591264c",
        "display": "test/1.png",
        "bbox": [
            "4175",
            "5196",
            "4766",
            "5240"
        ],
        "text": "2275.0 3486395-XX (B)",
        "text_to_ignore": []
    },
    {
        "id": "ded9ae92-6cba-4400-8fe1-4c34838d349a",
        "display": "test/1.png",
        "bbox": [
            "4132",
            "5740",
            "4806",
            "5780"
        ],
        "text": "+CLP12-A VT 0.35 FLRY",
        "text_to_ignore": []
    },
    {
        "id": "84bddbf5-dadc-45b0-8ffc-542f0905fb75",
        "display": "test/1.png",
        "bbox": [
            "4176",
            "5798",
            "4766",
            "5842"
        ],
        "text": "2207.0 3486395-XX (B)",
        "text_to_ignore": []
    },
    {
        "id": "3d08e4dd-8c23-49bd-952d-c080978f7399",
        "display": "test/1.png",
        "bbox": [
            "4132",
            "5890",
            "4814",
            "5930"
        ],
        "text": "+CLP13-A TN 0.35 FLRY",
        "text_to_ignore": []
    },
    {
        "id": "7d1696e1-eb40-473e-a38c-a64ad90e0352",
        "display": "test/1.png",
        "bbox": [
            "4176",
            "5948",
            "4768",
            "5992"
        ],
        "text": "2207.0 3486395-XX (B)",
        "text_to_ignore": []
    },
    {
        "id": "baff4421-0a32-4c90-9b57-3dffc4c9f63e",
        "display": "test/1.png",
        "bbox": [
            "5655",
            "5839",
            "6267",
            "5893"
        ],
        "text": "TWIST-CAN CLP12-A",
        "text_to_ignore": []
    },
    {
        "id": "7b30cdd0-4c38-448a-b2ed-098827fe521f",
        "display": "test/1.png",
        "bbox": [
            "6206",
            "5988",
            "6394",
            "6022"
        ],
        "text": "X052",
        "text_to_ignore": []
    },
    {
        "id": "09cf8ec0-d81d-46fb-baec-3c848e1975ea",
        "display": "test/1.png",
        "bbox": [
            "6512",
            "5142",
            "6914",
            "5196"
        ],
        "text": "X052-5 CAN",
        "text_to_ignore": []
    },
    {
        "id": "8db0efe0-af94-43ce-b0c3-ca7782872595",
        "display": "test/1.png",
        "bbox": [
            "6513",
            "5201",
            "6970",
            "5246"
        ],
        "text": "SENSOR CAN N",
        "text_to_ignore": []
    },
    {
        "id": "d60bc56f-6069-43bd-b950-554d2404d284",
        "display": "test/1.png",
        "bbox": [
            "6512",
            "5740",
            "6943",
            "5796"
        ],
        "text": "X052-19 CAN",
        "text_to_ignore": []
    },
    {
        "id": "bfdf3c3b-b002-4c68-8412-98b05f0626c4",
        "display": "test/1.png",
        "bbox": [
            "6514",
            "5799",
            "6964",
            "5850"
        ],
        "text": "SENSOR CAN P",
        "text_to_ignore": []
    },
    {
        "id": "1f56537a-2759-4081-90a0-8ae21899b03b",
        "display": "test/1.png",
        "bbox": [
            "6514",
            "5890",
            "6914",
            "5946"
        ],
        "text": "X052-4 CAN",
        "text_to_ignore": []
    },
    {
        "id": "ada1d4ae-2850-4574-899e-fe66c3c066ff",
        "display": "test/1.png",
        "bbox": [
            "6514",
            "5950",
            "6970",
            "5995"
        ],
        "text": "SENSOR CAN N",
        "text_to_ignore": []
    },
    {
        "id": "bd14a91b-f286-4b21-b11f-279764c54ce9",
        "display": "test/1.png",
        "bbox": [
            "988",
            "6658",
            "1878",
            "6738"
        ],
        "text": "Diagnostic CAN Port #1",
        "text_to_ignore": []
    },
    {
        "id": "3873b3a8-cf44-4bf7-9686-b2e83f7cdcb8",
        "display": "test/1.png",
        "bbox": [
            "2079",
            "6864",
            "2506",
            "6916"
        ],
        "text": "X437-18 CAN",
        "text_to_ignore": []
    },
    {
        "id": "b78b7304-e4d0-41ad-8034-f2034e27aedb",
        "display": "test/1.png",
        "bbox": [
            "2158",
            "6926",
            "2508",
            "6968"
        ],
        "text": "REM CAN P",
        "text_to_ignore": []
    },
    {
        "id": "da2c3dd4-74dd-4479-9d01-962be431d657",
        "display": "test/1.png",
        "bbox": [
            "2080",
            "7018",
            "2506",
            "7066"
        ],
        "text": "X437-19 CAN",
        "text_to_ignore": []
    },
    {
        "id": "d33030f5-0f26-4f39-a0b0-9af08865fc23",
        "display": "test/1.png",
        "bbox": [
            "2148",
            "7078",
            "2506",
            "7118"
        ],
        "text": "REM CAN N",
        "text_to_ignore": []
    },
    {
        "id": "5d9da2b7-bb9e-4b72-bb87-598122cb9038",
        "display": "test/1.png",
        "bbox": [
            "2755",
            "6963",
            "3364",
            "7019"
        ],
        "text": "TWIST-CAN CLP14-B",
        "text_to_ignore": []
    },
    {
        "id": "20ec8f3a-5b32-418e-9c64-1fb03009efe2",
        "display": "test/1.png",
        "bbox": [
            "2628",
            "7112",
            "2814",
            "7146"
        ],
        "text": "X437",
        "text_to_ignore": []
    },
    {
        "id": "0aa57ea5-ef73-4235-bc43-1ed902e493ac",
        "display": "test/1.png",
        "bbox": [
            "4132",
            "6864",
            "4806",
            "6904"
        ],
        "text": "+CLP14-A VT 0.35 FLRY",
        "text_to_ignore": []
    },
    {
        "id": "c183cee8-10e3-4177-93f7-a6e17136a684",
        "display": "test/1.png",
        "bbox": [
            "4180",
            "6922",
            "4756",
            "6964"
        ],
        "text": "1220.0 3486401-XX (J)",
        "text_to_ignore": []
    },
    {
        "id": "bb6fc5ae-69a1-47c6-8280-7e30ede9aded",
        "display": "test/1.png",
        "bbox": [
            "4131",
            "7011",
            "4814",
            "7054"
        ],
        "text": "+CLP15-A TN 0.35 FLRY",
        "text_to_ignore": []
    },
    {
        "id": "8d255134-5351-45f7-8772-8ae2cab63920",
        "display": "test/1.png",
        "bbox": [
            "4178",
            "7071",
            "4758",
            "7118"
        ],
        "text": "1220.0 3486401-XX (J)",
        "text_to_ignore": []
    },
    {
        "id": "818eb342-53e1-4aef-9d27-b44303ca486d",
        "display": "test/1.png",
        "bbox": [
            "5661",
            "6963",
            "6268",
            "7019"
        ],
        "text": "TWIST-CAN CLP14-B",
        "text_to_ignore": []
    },
    {
        "id": "b038d604-eb12-47cc-a9b7-da38252487ed",
        "display": "test/1.png",
        "bbox": [
            "6206",
            "7112",
            "6394",
            "7148"
        ],
        "text": "X055.",
        "text_to_ignore": []
    },
    {
        "id": "828ee38e-8da6-4c82-b878-c995a4671334",
        "display": "test/1.png",
        "bbox": [
            "6513",
            "6868",
            "6942",
            "6920"
        ],
        "text": "X055-14 CAN",
        "text_to_ignore": []
    },
    {
        "id": "5dbdbffe-5a68-4ac4-a64b-03f535262fba",
        "display": "test/1.png",
        "bbox": [
            "6514",
            "6926",
            "6964",
            "6968"
        ],
        "text": "SENSOR CAN P",
        "text_to_ignore": []
    },
    {
        "id": "af50cdd4-bb04-409a-991f-01e0dd96c210",
        "display": "test/1.png",
        "bbox": [
            "6516",
            "7018",
            "6942",
            "7066"
        ],
        "text": "X055-30 CAN",
        "text_to_ignore": []
    },
    {
        "id": "e83e34d8-123a-4649-b6a4-149630f20862",
        "display": "test/1.png",
        "bbox": [
            "6514",
            "7078",
            "6972",
            "7122"
        ],
        "text": "SENSOR CAN N",
        "text_to_ignore": []
    },
    {
        "id": "0f4c738d-3061-409c-940b-3464f7c077a5",
        "display": "test/1.png",
        "bbox": [
            "11672",
            "8626",
            "13852",
            "8656"
        ],
        "text": "THE INFORMATION CONTAINED HEREIN IS DEEMED TO BE CONFIDENTIAL, PROPRIETARY, AND A TRADE SECRET OF TESLA MOTORS. THIS",
        "text_to_ignore": []
    },
    {
        "id": "ec7b7c60-5ff9-4d6d-8542-4cdd227f3bdb",
        "display": "test/1.png",
        "bbox": [
            "11672",
            "8658",
            "13884",
            "8696"
        ],
        "text": "INFORMATION \u201cMAY NOT BE USED, REPRODUCED, OR \u201cDISCLOSED AS THE DIRECT \u201cOR\u201d INDIRECT BASIS FOR THE \u2018DEVELOPMENT, MANUFACTURE ,",
        "text_to_ignore": []
    },
    {
        "id": "1e9936c3-d197-412b-934b-459b0946a980",
        "display": "test/1.png",
        "bbox": [
            "11670",
            "8698",
            "13288",
            "8728"
        ],
        "text": "OR SALE OF PROCESSES OR PRODUCTS WITHOUT THE EXPRESSD WRITTEN CONSENT OF TESLA MOTORS.",
        "text_to_ignore": []
    },
    {
        "id": "c83ecc21-17fa-4de0-871e-6551550cd919",
        "display": "test/1.png",
        "bbox": [
            "11916",
            "8776",
            "12978",
            "8826"
        ],
        "text": "DRAWN CHECKED",
        "text_to_ignore": []
    },
    {
        "id": "b2ca2691-259e-4ca7-8eab-cf67b13a4965",
        "display": "test/1.png",
        "bbox": [
            "13362",
            "8778",
            "13744",
            "8828"
        ],
        "text": "APPROVED",
        "text_to_ignore": []
    },
    {
        "id": "5f1e04af-0e59-4603-9116-90936e48fb7f",
        "display": "test/1.png",
        "bbox": [
            "11664",
            "9078",
            "12048",
            "9126"
        ],
        "text": "MATERIAL",
        "text_to_ignore": []
    },
    {
        "id": "3cbf60df-2aaa-4228-b510-ee7ecfc15d63",
        "display": "test/1.png",
        "bbox": [
            "12602",
            "9076",
            "13020",
            "9126"
        ],
        "text": "FINISHING",
        "text_to_ignore": []
    },
    {
        "id": "6557a8b2-be5b-4fd5-bd1e-16e25c36c109",
        "display": "test/1.png",
        "bbox": [
            "11740",
            "9156",
            "12472",
            "9230"
        ],
        "text": "AS SPECIFIED",
        "text_to_ignore": []
    },
    {
        "id": "7e5efb71-ee57-44db-9cbe-3a1d70092372",
        "display": "test/1.png",
        "bbox": [
            "12674",
            "9156",
            "13408",
            "9229"
        ],
        "text": "AS SPECIFIED",
        "text_to_ignore": []
    },
    {
        "id": "1f40a0db-4104-4644-9ceb-85bfc8be5ed6",
        "display": "test/1.png",
        "bbox": [
            "11666",
            "9302",
            "12082",
            "9352"
        ],
        "text": "PART NAME",
        "text_to_ignore": []
    },
    {
        "id": "8d9d60f1-10a8-4c1a-b664-f9fac6fc19e3",
        "display": "test/1.png",
        "bbox": [
            "11660",
            "9376",
            "12608",
            "9448"
        ],
        "text": "CAN Network: REM",
        "text_to_ignore": []
    },
    {
        "id": "05670ca3-317c-4af5-b226-f0706e6465d9",
        "display": "test/1.png",
        "bbox": [
            "11666",
            "9527",
            "12151",
            "9577"
        ],
        "text": "PART NUMBER",
        "text_to_ignore": []
    },
    {
        "id": "e2071a28-4970-4052-b6e0-2decd6b60bfc",
        "display": "test/1.png",
        "bbox": [
            "13537",
            "9076",
            "13814",
            "9126"
        ],
        "text": "SCALE",
        "text_to_ignore": []
    },
    {
        "id": "53b6fd4d-bb83-4a59-b18d-209393036e3b",
        "display": "test/1.png",
        "bbox": [
            "13596",
            "9154",
            "13901",
            "9223"
        ],
        "text": "NONE",
        "text_to_ignore": []
    },
    {
        "id": "c9b85af2-dadf-4883-a49c-a932928b4c29",
        "display": "test/1.png",
        "bbox": [
            "12788",
            "9526",
            "13364",
            "9577"
        ],
        "text": "REV SHEET",
        "text_to_ignore": []
    },
    {
        "id": "cf411c23-c87c-4c4b-9c82-b9b46e246e0e",
        "display": "test/1.png",
        "bbox": [
            "13613",
            "9528",
            "13853",
            "9575"
        ],
        "text": "SIZE",
        "text_to_ignore": []
    },
    {
        "id": "d8a4988b-2084-40b8-9757-ac4719dfa7fc",
        "display": "test/1.png",
        "bbox": [
            "12878",
            "9646",
            "13585",
            "9716"
        ],
        "text": "12 of 61",
        "text_to_ignore": []
    }
]