[
    {
        "id": "e23f530b-3358-4673-aaf9-077cc1ba44e1",
        "display": "test/4.png",
        "bbox": [
            "688",
            "580",
            "1464",
            "663"
        ],
        "text": "Body Controller Left \u2014",
        "text_to_ignore": []
    },
    {
        "id": "9ebb9d22-db6c-4c60-b0a6-1e424833b59e",
        "display": "test/4.png",
        "bbox": [
            "690",
            "668",
            "1036",
            "736"
        ],
        "text": "A,W,J,D",
        "text_to_ignore": []
    },
    {
        "id": "2187eeec-2b63-44f0-a152-41eaa9b10ffd",
        "display": "test/4.png",
        "bbox": [
            "1285",
            "664",
            "3968",
            "732"
        ],
        "text": "X030A B X031 X032 X034 X038A B X039 X037 X033A B X035 X036",
        "text_to_ignore": []
    },
    {
        "id": "e93b77ba-b095-4374-a1ab-2b106599d81b",
        "display": "test/4.png",
        "bbox": [
            "1324",
            "866",
            "2060",
            "924"
        ],
        "text": "X030A-32 High-Side Drive",
        "text_to_ignore": []
    },
    {
        "id": "613c7b97-140c-4468-badd-a6566b8eaa10",
        "display": "test/4.png",
        "bbox": [
            "1522",
            "928",
            "2058",
            "978"
        ],
        "text": "CHARGE PORT ECU",
        "text_to_ignore": []
    },
    {
        "id": "ac46961d-f7d6-4f77-af34-636f2d65eb66",
        "display": "test/4.png",
        "bbox": [
            "2178",
            "962",
            "2386",
            "998"
        ],
        "text": "\u2014 X030A",
        "text_to_ignore": []
    },
    {
        "id": "63aea1dc-c0ff-4b37-809f-106b5815bcca",
        "display": "test/4.png",
        "bbox": [
            "5709",
            "866",
            "6371",
            "904"
        ],
        "text": "PRM17-A YE 0.35 FLRY",
        "text_to_ignore": []
    },
    {
        "id": "2a4ee138-5706-419d-86eb-6d7d852f7242",
        "display": "test/4.png",
        "bbox": [
            "5758",
            "924",
            "6464",
            "966"
        ],
        "text": "3658.392362 3486394-XX (A)",
        "text_to_ignore": []
    },
    {
        "id": "e4947a71-0784-417a-a3a5-e9feda948986",
        "display": "test/4.png",
        "bbox": [
            "10062",
            "508",
            "10719",
            "585"
        ],
        "text": "Charge Port ECU",
        "text_to_ignore": []
    },
    {
        "id": "8163d83f-7664-4483-8edc-213b845f4c42",
        "display": "test/4.png",
        "bbox": [
            "10114",
            "866",
            "10640",
            "919"
        ],
        "text": "X049-10 Power In",
        "text_to_ignore": []
    },
    {
        "id": "5aa0fde0-34b9-4ac3-8809-558c4da3b00b",
        "display": "test/4.png",
        "bbox": [
            "10116",
            "928",
            "10474",
            "972"
        ],
        "text": "VBAT PROT",
        "text_to_ignore": []
    },
    {
        "id": "b558d0ad-d098-4ea5-b784-d18e4e787dfd",
        "display": "test/4.png",
        "bbox": [
            "10458",
            "590",
            "11178",
            "654"
        ],
        "text": "X049 X048 X047",
        "text_to_ignore": []
    },
    {
        "id": "6e710567-8c75-4817-9e20-61fc12443c5d",
        "display": "test/4.png",
        "bbox": [
            "692",
            "1632",
            "1266",
            "1698"
        ],
        "text": "HV Penthouse",
        "text_to_ignore": []
    },
    {
        "id": "9224a657-c7e4-4afe-b87c-65ce28a4e6cf",
        "display": "test/4.png",
        "bbox": [
            "912",
            "1716",
            "1824",
            "1780"
        ],
        "text": "X585 X585 X586 X587",
        "text_to_ignore": []
    },
    {
        "id": "2a7f44f0-4bbc-43ad-bab6-609b65bebdb9",
        "display": "test/4.png",
        "bbox": [
            "1660",
            "1918",
            "2058",
            "1964"
        ],
        "text": "X585-7 CAN",
        "text_to_ignore": []
    },
    {
        "id": "8da72df6-8b2f-4d18-b21c-7ff5c418b8d0",
        "display": "test/4.png",
        "bbox": [
            "1364",
            "1974",
            "2056",
            "2046"
        ],
        "text": "T ) CP-CAN-H",
        "text_to_ignore": []
    },
    {
        "id": "201f3c59-02ae-48a9-bfbe-08ee31657aaf",
        "display": "test/4.png",
        "bbox": [
            "2303",
            "2014",
            "2922",
            "2070"
        ],
        "text": "TWIST-CAN CPCO01-B",
        "text_to_ignore": []
    },
    {
        "id": "e75be5dc-22c8-42bd-9362-354f21466f21",
        "display": "test/4.png",
        "bbox": [
            "1660",
            "2068",
            "2058",
            "2116"
        ],
        "text": "X585-6 CAN",
        "text_to_ignore": []
    },
    {
        "id": "0fae0bb1-26aa-488e-9cb7-a33be9491f34",
        "display": "test/4.png",
        "bbox": [
            "1737",
            "2125",
            "2060",
            "2170"
        ],
        "text": "CP-CAN-L",
        "text_to_ignore": []
    },
    {
        "id": "6c1855ec-d0e7-4e72-a31b-1c653002bafe",
        "display": "test/4.png",
        "bbox": [
            "1478",
            "2292",
            "2060",
            "2350"
        ],
        "text": "X585-11 Digital Out",
        "text_to_ignore": []
    },
    {
        "id": "febd7664-8b05-4318-af1b-917a18f184cf",
        "display": "test/4.png",
        "bbox": [
            "1652",
            "2352",
            "2056",
            "2394"
        ],
        "text": "CP-LATCH-EN",
        "text_to_ignore": []
    },
    {
        "id": "c43e26b8-069b-4eca-9a1c-b4eae491452d",
        "display": "test/4.png",
        "bbox": [
            "1524",
            "2442",
            "2058",
            "2500"
        ],
        "text": "X585-10 Digital In",
        "text_to_ignore": []
    },
    {
        "id": "1421d81e-99b4-49b2-9be9-a566e203b615",
        "display": "test/4.png",
        "bbox": [
            "1742",
            "2502",
            "2058",
            "2544"
        ],
        "text": "CP-FAULT",
        "text_to_ignore": []
    },
    {
        "id": "90cfad9d-dde8-4c4d-9027-0cbd4048be31",
        "display": "test/4.png",
        "bbox": [
            "2182",
            "2540",
            "2366",
            "2570"
        ],
        "text": "X585",
        "text_to_ignore": []
    },
    {
        "id": "ba398121-47bc-4cd3-8929-12e8a6c0e81b",
        "display": "test/4.png",
        "bbox": [
            "3089",
            "1915",
            "3744",
            "1954"
        ],
        "text": "CPCO1-B VT 0.35 FLRY",
        "text_to_ignore": []
    },
    {
        "id": "d1de721c-47b5-4279-9aca-65d9df40dbeb",
        "display": "test/4.png",
        "bbox": [
            "3139",
            "1973",
            "3732",
            "2020"
        ],
        "text": "275.0 1608422-XX (OJ)",
        "text_to_ignore": []
    },
    {
        "id": "ff7a01ba-366b-4617-b592-b04d013aec8b",
        "display": "test/4.png",
        "bbox": [
            "3092",
            "2064",
            "3766",
            "2104"
        ],
        "text": "CPCO02-B WH 0.35 FLRY",
        "text_to_ignore": []
    },
    {
        "id": "96c14ce6-3d19-4735-9a14-d5c7855a193d",
        "display": "test/4.png",
        "bbox": [
            "3139",
            "2124",
            "3732",
            "2170"
        ],
        "text": "275.0 1608422-XX (OJ)",
        "text_to_ignore": []
    },
    {
        "id": "b7b45212-9637-498d-b28e-cb7ddc1cf93a",
        "display": "test/4.png",
        "bbox": [
            "3094",
            "2290",
            "3749",
            "2330"
        ],
        "text": "CPE10-C RD 0.35 FLRY",
        "text_to_ignore": []
    },
    {
        "id": "f9c43aac-3528-42cf-9c6b-30e970419638",
        "display": "test/4.png",
        "bbox": [
            "3141",
            "2347",
            "3732",
            "2392"
        ],
        "text": "275.0 1608422-XX (OJ)",
        "text_to_ignore": []
    },
    {
        "id": "3ce2f9a1-8f22-4df4-96d8-ab58d3814fd0",
        "display": "test/4.png",
        "bbox": [
            "3094",
            "2440",
            "3745",
            "2480"
        ],
        "text": "CPE11-C GY 0.35 FLRY",
        "text_to_ignore": []
    },
    {
        "id": "9db2ca1e-785d-47e6-83d1-2f071f0af132",
        "display": "test/4.png",
        "bbox": [
            "3142",
            "2498",
            "3734",
            "2544"
        ],
        "text": "275.0 1608422-XX (OJ)",
        "text_to_ignore": []
    },
    {
        "id": "f6cbf8f9-9b09-413e-b3fc-a178693f25a9",
        "display": "test/4.png",
        "bbox": [
            "4508",
            "1900",
            "4744",
            "1938"
        ],
        "text": "X990M",
        "text_to_ignore": []
    },
    {
        "id": "175141cc-f241-4a12-a10b-c054986a8b12",
        "display": "test/4.png",
        "bbox": [
            "4802",
            "1900",
            "5024",
            "1938"
        ],
        "text": "X990F",
        "text_to_ignore": []
    },
    {
        "id": "d8e05e65-0a39-43a7-9e12-cbff4c333ff5",
        "display": "test/4.png",
        "bbox": [
            "3928",
            "2016",
            "4544",
            "2070"
        ],
        "text": "TWIST-CAN CPC0O1-B",
        "text_to_ignore": []
    },
    {
        "id": "e9c5d67b-7803-4023-a947-84c27e29ca51",
        "display": "test/4.png",
        "bbox": [
            "5006",
            "2016",
            "5618",
            "2070"
        ],
        "text": "TWIST-CAN CPCO1-E",
        "text_to_ignore": []
    },
    {
        "id": "46bcc3f4-e1e3-4aa4-99b0-3126e6b9f23a",
        "display": "test/4.png",
        "bbox": [
            "4508",
            "2274",
            "5024",
            "2314"
        ],
        "text": "X990M X990F",
        "text_to_ignore": []
    },
    {
        "id": "5a0801e6-1f3a-43a9-99cb-2283fdf3805b",
        "display": "test/4.png",
        "bbox": [
            "4510",
            "2426",
            "4744",
            "2464"
        ],
        "text": "X990M \u2019",
        "text_to_ignore": []
    },
    {
        "id": "f9b5a8c0-757d-4d5c-aa00-4d7cfdc66cf9",
        "display": "test/4.png",
        "bbox": [
            "4802",
            "2426",
            "5026",
            "2464"
        ],
        "text": "X990F",
        "text_to_ignore": []
    },
    {
        "id": "2ebd8f33-025d-4d21-b6b6-e9e0461b87b0",
        "display": "test/4.png",
        "bbox": [
            "5714",
            "1916",
            "6370",
            "1954"
        ],
        "text": "CPCO1-C VT 0.35 FLRY",
        "text_to_ignore": []
    },
    {
        "id": "b6dbc3c0-4796-450b-85b7-c47060e081d1",
        "display": "test/4.png",
        "bbox": [
            "5764",
            "1974",
            "6370",
            "2016"
        ],
        "text": "2151.0 3486408-XX (W)",
        "text_to_ignore": []
    },
    {
        "id": "a3ad6ec2-a816-4a9b-ac5c-3318740ac3d8",
        "display": "test/4.png",
        "bbox": [
            "5716",
            "2064",
            "6390",
            "2104"
        ],
        "text": "CPCO02-B WH 0.35 FLRY",
        "text_to_ignore": []
    },
    {
        "id": "5e894301-e302-49f1-b8e6-5f8affa7f3fb",
        "display": "test/4.png",
        "bbox": [
            "5764",
            "2124",
            "6370",
            "2166"
        ],
        "text": "2151.0 3486408-XX (W)",
        "text_to_ignore": []
    },
    {
        "id": "273bc86f-db45-4a6c-8210-15411bcf0e93",
        "display": "test/4.png",
        "bbox": [
            "5720",
            "2290",
            "6371",
            "2330"
        ],
        "text": "CPE10-B RD 0.35 FLRY",
        "text_to_ignore": []
    },
    {
        "id": "2c9b586c-60d8-44b8-8bd7-490e63c3c142",
        "display": "test/4.png",
        "bbox": [
            "5768",
            "2347",
            "6374",
            "2390"
        ],
        "text": "2151.0 3486408-XX (W)",
        "text_to_ignore": []
    },
    {
        "id": "ceccd50f-69b7-4e45-8acc-207f8992eec5",
        "display": "test/4.png",
        "bbox": [
            "5719",
            "2438",
            "6369",
            "2480"
        ],
        "text": "CPE11-B GY 0.35 FLRY",
        "text_to_ignore": []
    },
    {
        "id": "c5c162e6-cfc7-4211-85b1-50db8ed6f463",
        "display": "test/4.png",
        "bbox": [
            "5768",
            "2498",
            "6374",
            "2540"
        ],
        "text": "2151.0 3486408-XX (W)",
        "text_to_ignore": []
    },
    {
        "id": "0d0be5ab-692a-4b73-ad76-22c92bd16bb4",
        "display": "test/4.png",
        "bbox": [
            "7134",
            "1900",
            "7368",
            "1938"
        ],
        "text": "X954M",
        "text_to_ignore": []
    },
    {
        "id": "77d3771a-019f-45ec-88b5-bad4b8da9ce2",
        "display": "test/4.png",
        "bbox": [
            "7428",
            "1900",
            "7650",
            "1938"
        ],
        "text": "(X954F",
        "text_to_ignore": []
    },
    {
        "id": "ae37bcfc-8d69-43f2-9877-814a1df9f0b3",
        "display": "test/4.png",
        "bbox": [
            "7282",
            "1954",
            "7514",
            "1992"
        ],
        "text": "11) 11",
        "text_to_ignore": []
    },
    {
        "id": "00c5010e-a15b-429b-aaa3-1e482d0b023b",
        "display": "test/4.png",
        "bbox": [
            "6556",
            "2016",
            "7170",
            "2070"
        ],
        "text": "TWIST-CAN CPCO1-E",
        "text_to_ignore": []
    },
    {
        "id": "7f583b0f-2c2f-4ff9-9c20-5104f2d5179f",
        "display": "test/4.png",
        "bbox": [
            "7427",
            "2050",
            "7651",
            "2090"
        ],
        "text": "\u2014 (X954F",
        "text_to_ignore": []
    },
    {
        "id": "c52fb571-1a2c-4f7c-bfd2-bcd9edaff0c8",
        "display": "test/4.png",
        "bbox": [
            "7134",
            "2274",
            "7650",
            "2314"
        ],
        "text": "X954M ss XO54F",
        "text_to_ignore": []
    },
    {
        "id": "cff7cc4b-732e-4726-8a8b-c80c0aede805",
        "display": "test/4.png",
        "bbox": [
            "7282",
            "2328",
            "7518",
            "2366"
        ],
        "text": "13 13-\u2014-",
        "text_to_ignore": []
    },
    {
        "id": "abc17cba-3e21-47dc-b672-7f67120e23d8",
        "display": "test/4.png",
        "bbox": [
            "7134",
            "2425",
            "7368",
            "2461"
        ],
        "text": "X954M",
        "text_to_ignore": []
    },
    {
        "id": "94c58c13-7f10-43cd-9033-ccb4c5a84d90",
        "display": "test/4.png",
        "bbox": [
            "7428",
            "2426",
            "7650",
            "2464"
        ],
        "text": "X954F",
        "text_to_ignore": []
    },
    {
        "id": "cf482300-acc0-4f11-861f-6b20f32d023e",
        "display": "test/4.png",
        "bbox": [
            "7282",
            "2478",
            "7518",
            "2516"
        ],
        "text": "14 14\u2014",
        "text_to_ignore": []
    },
    {
        "id": "d1f5f9b2-9a7b-4dea-a37d-f2cd7ce8448e",
        "display": "test/4.png",
        "bbox": [
            "8337",
            "1915",
            "8993",
            "1954"
        ],
        "text": "CPCO1-A VT 0.35 FLRY",
        "text_to_ignore": []
    },
    {
        "id": "eaa03b3c-7d37-429a-b447-6a89d22cf0cd",
        "display": "test/4.png",
        "bbox": [
            "8390",
            "1972",
            "9100",
            "2018"
        ],
        "text": "3484.392362 3486394-XX (A)",
        "text_to_ignore": []
    },
    {
        "id": "8e69be49-1d8e-4117-a00c-d03d4d7dcf5b",
        "display": "test/4.png",
        "bbox": [
            "7630",
            "2016",
            "8252",
            "2070"
        ],
        "text": "TWIST-CAN CPC01-D",
        "text_to_ignore": []
    },
    {
        "id": "ee5d50de-e3a8-48d6-9ea9-8e49aa3615fd",
        "display": "test/4.png",
        "bbox": [
            "8340",
            "2066",
            "9008",
            "2104"
        ],
        "text": "CPCO2-A WH 0.35 FLRY",
        "text_to_ignore": []
    },
    {
        "id": "a0f7b660-22de-44fb-899d-b5e15097fdb2",
        "display": "test/4.png",
        "bbox": [
            "8387",
            "2122",
            "9098",
            "2166"
        ],
        "text": "3484.392362 3486394-XX (A)",
        "text_to_ignore": []
    },
    {
        "id": "865f618b-1b2d-4e61-8014-1f8707c09478",
        "display": "test/4.png",
        "bbox": [
            "8341",
            "2289",
            "8999",
            "2331"
        ],
        "text": "CPE10-A RD 0.35 FLRY",
        "text_to_ignore": []
    },
    {
        "id": "7b8406db-3174-4f1c-aa37-24ece3f639c7",
        "display": "test/4.png",
        "bbox": [
            "8392",
            "2348",
            "9104",
            "2394"
        ],
        "text": "3484.392362 3486394-XxX (A)",
        "text_to_ignore": []
    },
    {
        "id": "f7cf9329-fd03-4da6-b2da-4a91ff69b7f6",
        "display": "test/4.png",
        "bbox": [
            "8342",
            "2439",
            "8995",
            "2480"
        ],
        "text": "CPE11-A GY 0.35 FLRY",
        "text_to_ignore": []
    },
    {
        "id": "4c193902-0dab-4c9c-a93f-2da06a7f313c",
        "display": "test/4.png",
        "bbox": [
            "8391",
            "2497",
            "9102",
            "2542"
        ],
        "text": "3484.392362 3486394-XxX (A)",
        "text_to_ignore": []
    },
    {
        "id": "792b55e1-ddd4-4b52-966b-c74adde2ee14",
        "display": "test/4.png",
        "bbox": [
            "10114",
            "1918",
            "10512",
            "1964"
        ],
        "text": "X049-8 CAN",
        "text_to_ignore": []
    },
    {
        "id": "108ce31b-e7a0-49f6-aaed-4ad1a9988db6",
        "display": "test/4.png",
        "bbox": [
            "10114",
            "1975",
            "10439",
            "2021"
        ],
        "text": "CP CAN P",
        "text_to_ignore": []
    },
    {
        "id": "dde75f0a-1bdc-44f8-aba4-c54e595a5553",
        "display": "test/4.png",
        "bbox": [
            "9246",
            "2016",
            "9868",
            "2070"
        ],
        "text": "TWIST-CAN CPC01-D",
        "text_to_ignore": []
    },
    {
        "id": "f0d8ff74-a13f-47c3-960e-2219b09126d1",
        "display": "test/4.png",
        "bbox": [
            "10114",
            "2068",
            "10512",
            "2114"
        ],
        "text": "X049-7 CAN",
        "text_to_ignore": []
    },
    {
        "id": "1124fb8a-b80b-41f8-8bff-661be928d943",
        "display": "test/4.png",
        "bbox": [
            "10114",
            "2126",
            "10448",
            "2172"
        ],
        "text": "CP CAN N",
        "text_to_ignore": []
    },
    {
        "id": "23094bb2-369f-4c2e-a79d-19c4a17d4474",
        "display": "test/4.png",
        "bbox": [
            "10114",
            "2291",
            "10608",
            "2351"
        ],
        "text": "X049-5 Signal In",
        "text_to_ignore": []
    },
    {
        "id": "f7b0128e-b462-404d-9d7e-92269192122f",
        "display": "test/4.png",
        "bbox": [
            "10114",
            "2352",
            "10522",
            "2402"
        ],
        "text": "CP LATCH EN",
        "text_to_ignore": []
    },
    {
        "id": "d5a8b096-3e54-4115-8842-9b87f2c05273",
        "display": "test/4.png",
        "bbox": [
            "10114",
            "2441",
            "10658",
            "2501"
        ],
        "text": "X049-6 Signal \u00a2 Out",
        "text_to_ignore": []
    },
    {
        "id": "8c600d62-f6d8-4dfe-bcef-1400007c3836",
        "display": "test/4.png",
        "bbox": [
            "10116",
            "2499",
            "10576",
            "2552"
        ],
        "text": "HVC CP nFAULT",
        "text_to_ignore": []
    },
    {
        "id": "bf6fa4d2-dbee-4b28-a245-efec0c715dd0",
        "display": "test/4.png",
        "bbox": [
            "9810",
            "2540",
            "9990",
            "2570"
        ],
        "text": "X049",
        "text_to_ignore": []
    },
    {
        "id": "acc26baf-26a9-431c-8cb1-51c44ad7694d",
        "display": "test/4.png",
        "bbox": [
            "11110",
            "1768",
            "11574",
            "1816"
        ],
        "text": "X049-9 Ground",
        "text_to_ignore": []
    },
    {
        "id": "34654a78-049b-4d88-a399-21253db6d726",
        "display": "test/4.png",
        "bbox": [
            "11377",
            "1827",
            "11567",
            "1867"
        ],
        "text": "GND",
        "text_to_ignore": []
    },
    {
        "id": "3b703c6a-6a39-41fe-be7c-45bddf46dba6",
        "display": "test/4.png",
        "bbox": [
            "12162",
            "1766",
            "12821",
            "1804"
        ],
        "text": "GLH43-A BK 0.35 FLRY",
        "text_to_ignore": []
    },
    {
        "id": "a4c54a69-78c0-44d3-893e-c2fde2b1b237",
        "display": "test/4.png",
        "bbox": [
            "12214",
            "1822",
            "12924",
            "1868"
        ],
        "text": "1327.392362 3486394-XX (A)",
        "text_to_ignore": []
    },
    {
        "id": "661de440-653f-40d1-bb26-a14afe2195ac",
        "display": "test/4.png",
        "bbox": [
            "11700",
            "1862",
            "11888",
            "1898"
        ],
        "text": "\u2014\u2014X049",
        "text_to_ignore": []
    },
    {
        "id": "5d9387dd-d5ed-427c-8391-8cf98ed61f8c",
        "display": "test/4.png",
        "bbox": [
            "13143",
            "2345",
            "13293",
            "2476"
        ],
        "text": "OcLD",
        "text_to_ignore": []
    },
    {
        "id": "bf50b712-354f-4762-ab38-379be02c5459",
        "display": "test/4.png",
        "bbox": [
            "685",
            "2904",
            "1360",
            "2990"
        ],
        "text": "Charge Port Inlet",
        "text_to_ignore": []
    },
    {
        "id": "f3b2ca39-b060-402d-94ff-b26985436791",
        "display": "test/4.png",
        "bbox": [
            "1517",
            "3417",
            "2060",
            "3477"
        ],
        "text": "X045-1 Signal Out cm = A",
        "text_to_ignore": []
    },
    {
        "id": "e2d66d0e-8ae2-49b4-b5a6-811e82ca5338",
        "display": "test/4.png",
        "bbox": [
            "1780",
            "3476",
            "2056",
            "3520"
        ],
        "text": "PROX-H",
        "text_to_ignore": []
    },
    {
        "id": "988ae27d-1d12-4e83-81a2-217234ac703a",
        "display": "test/4.png",
        "bbox": [
            "1560",
            "3566",
            "2054",
            "3619"
        ],
        "text": "X045-2 Power In",
        "text_to_ignore": []
    },
    {
        "id": "03c0334d-4ba8-4da2-93e3-2167a60e7082",
        "display": "test/4.png",
        "bbox": [
            "1788",
            "3628",
            "2056",
            "3668"
        ],
        "text": "HEAT-H",
        "text_to_ignore": []
    },
    {
        "id": "90fecae1-8464-4054-9158-804554aa45dc",
        "display": "test/4.png",
        "bbox": [
            "1492",
            "3708",
            "2060",
            "3777"
        ],
        "text": "X045-4 Analog Out \u2014s1\u2014 ema",
        "text_to_ignore": []
    },
    {
        "id": "29bbe2d9-0f8a-4bc7-844b-4096c8194acf",
        "display": "test/4.png",
        "bbox": [
            "1752",
            "3778",
            "2054",
            "3818"
        ],
        "text": "THERM-1",
        "text_to_ignore": []
    },
    {
        "id": "84d746ff-ec82-4923-af7f-f70981bfd11a",
        "display": "test/4.png",
        "bbox": [
            "5722",
            "3416",
            "6357",
            "3454"
        ],
        "text": "CPIO1-A YE 0.50 FLRY",
        "text_to_ignore": []
    },
    {
        "id": "639ea275-147b-43e2-a692-e14492cbf378",
        "display": "test/4.png",
        "bbox": [
            "5772",
            "3474",
            "6388",
            "3516"
        ],
        "text": "3.81834 3486394-XX (A)",
        "text_to_ignore": []
    },
    {
        "id": "c3ce9a13-2ea7-4580-bcb2-160a03c85141",
        "display": "test/4.png",
        "bbox": [
            "5722",
            "3566",
            "6369",
            "3604"
        ],
        "text": "CPIO2-A RD 0.50 FLRY",
        "text_to_ignore": []
    },
    {
        "id": "d37afe05-e473-4b51-b61f-d5d345aea854",
        "display": "test/4.png",
        "bbox": [
            "5772",
            "3624",
            "6388",
            "3666"
        ],
        "text": "3.81834 3486394-XX (A)",
        "text_to_ignore": []
    },
    {
        "id": "857a4bbb-2b72-45d0-ba79-0067ac577998",
        "display": "test/4.png",
        "bbox": [
            "5722",
            "3715",
            "6359",
            "3754"
        ],
        "text": "CPIO3-A YE 0.50 FLRY",
        "text_to_ignore": []
    },
    {
        "id": "18189d78-a602-493a-aa3e-d03d56889eda",
        "display": "test/4.png",
        "bbox": [
            "5772",
            "3774",
            "6388",
            "3816"
        ],
        "text": "3.81834 3486394-XX (A)",
        "text_to_ignore": []
    },
    {
        "id": "3302d373-bad6-44b6-9550-e72b179beb57",
        "display": "test/4.png",
        "bbox": [
            "10114",
            "3418",
            "10608",
            "3476"
        ],
        "text": "X048-4 Signal In",
        "text_to_ignore": []
    },
    {
        "id": "545c7824-def2-4047-9378-f250e2d439ea",
        "display": "test/4.png",
        "bbox": [
            "10116",
            "3476",
            "10513",
            "3520"
        ],
        "text": "PROXIMITY H",
        "text_to_ignore": []
    },
    {
        "id": "3e9eb89d-51ed-4449-ba06-42359c0521cc",
        "display": "test/4.png",
        "bbox": [
            "10114",
            "3564",
            "10784",
            "3625"
        ],
        "text": "X048-1 High-Side Drive",
        "text_to_ignore": []
    },
    {
        "id": "99824031-1f07-4d25-9ff2-0d7152f78638",
        "display": "test/4.png",
        "bbox": [
            "10112",
            "3624",
            "10695",
            "3676"
        ],
        "text": "INLET 1 HEATER OUT",
        "text_to_ignore": []
    },
    {
        "id": "4c4900e1-647b-4eda-a61a-4d9114d7d8a3",
        "display": "test/4.png",
        "bbox": [
            "10114",
            "3715",
            "10638",
            "3776"
        ],
        "text": "X048-20 Signal In",
        "text_to_ignore": []
    },
    {
        "id": "8e1ef75e-dc47-459b-a13c-4e39a0c75cfd",
        "display": "test/4.png",
        "bbox": [
            "10114",
            "3776",
            "10494",
            "3824"
        ],
        "text": "INLET NTC 1",
        "text_to_ignore": []
    },
    {
        "id": "dacf7fc3-2ce2-42a2-addd-267e3d155b58",
        "display": "test/4.png",
        "bbox": [
            "1462",
            "3860",
            "2060",
            "3928"
        ],
        "text": "X045-10 Analog Out \u2014=1 r=Pmena",
        "text_to_ignore": []
    },
    {
        "id": "00d6c1d5-0a38-4621-a4f1-5e535c1a240b",
        "display": "test/4.png",
        "bbox": [
            "1751",
            "3925",
            "2057",
            "3967"
        ],
        "text": "THERM-2",
        "text_to_ignore": []
    },
    {
        "id": "e86d6427-9cd3-4327-ac28-995a179c48ff",
        "display": "test/4.png",
        "bbox": [
            "1586",
            "4016",
            "2058",
            "4066"
        ],
        "text": "X045-8 Ground",
        "text_to_ignore": []
    },
    {
        "id": "2c30faed-9bb3-4bcd-b624-a6dfe7a17000",
        "display": "test/4.png",
        "bbox": [
            "1662",
            "4076",
            "2058",
            "4118"
        ],
        "text": "INLET-1-GND",
        "text_to_ignore": []
    },
    {
        "id": "bf75604a-5734-4c5b-985d-35790ec94381",
        "display": "test/4.png",
        "bbox": [
            "1491",
            "4158",
            "2060",
            "4228"
        ],
        "text": "X045-9 Analog Out \u2014=1 r=Pmena",
        "text_to_ignore": []
    },
    {
        "id": "3503d777-1374-431d-9a97-be26d4702601",
        "display": "test/4.png",
        "bbox": [
            "1751",
            "4228",
            "2055",
            "4268"
        ],
        "text": "THERM-3",
        "text_to_ignore": []
    },
    {
        "id": "f6092e1b-ce7d-46ec-a4bf-bd3ba078e811",
        "display": "test/4.png",
        "bbox": [
            "1488",
            "4318",
            "2060",
            "4376"
        ],
        "text": "X045-11 Signal Out",
        "text_to_ignore": []
    },
    {
        "id": "70f9c050-6191-43e1-9b40-06b7ccb3f67c",
        "display": "test/4.png",
        "bbox": [
            "1488",
            "4376",
            "2058",
            "4420"
        ],
        "text": "INLET-1-CONTINUITY",
        "text_to_ignore": []
    },
    {
        "id": "e77cbe88-3bd4-484b-93b2-2afb74554262",
        "display": "test/4.png",
        "bbox": [
            "1486",
            "4465",
            "2060",
            "4529"
        ],
        "text": "X045-12 Signal Out mits,",
        "text_to_ignore": []
    },
    {
        "id": "9e3ae54c-4aa0-43d9-a8d7-1d6d3a3376b2",
        "display": "test/4.png",
        "bbox": [
            "1832",
            "4526",
            "2060",
            "4570"
        ],
        "text": "PILOT",
        "text_to_ignore": []
    },
    {
        "id": "68040603-35ff-4d6e-8137-ab2f05b6c3be",
        "display": "test/4.png",
        "bbox": [
            "2178",
            "4532",
            "2366",
            "4568"
        ],
        "text": "1X045",
        "text_to_ignore": []
    },
    {
        "id": "ba85a3c5-07eb-4925-b0c1-fb8ed349bced",
        "display": "test/4.png",
        "bbox": [
            "1618",
            "4767",
            "2060",
            "4816"
        ],
        "text": "X046-3 Motor",
        "text_to_ignore": []
    },
    {
        "id": "67614635-0309-405f-b15c-bf9e46bedacb",
        "display": "test/4.png",
        "bbox": [
            "1613",
            "4826",
            "2057",
            "4868"
        ],
        "text": "LATCH-DRIVE-P",
        "text_to_ignore": []
    },
    {
        "id": "e73e762f-0d6f-4364-a3ca-dcde69190e56",
        "display": "test/4.png",
        "bbox": [
            "1508",
            "4915",
            "2060",
            "4975"
        ],
        "text": "X046-2 Digital Out",
        "text_to_ignore": []
    },
    {
        "id": "93f12d13-cf50-41da-b21e-b123e5b84e98",
        "display": "test/4.png",
        "bbox": [
            "1674",
            "4975",
            "2054",
            "5019"
        ],
        "text": "LATCH-SW-1",
        "text_to_ignore": []
    },
    {
        "id": "174d3942-b4f8-4e21-885a-e43bd5f0010d",
        "display": "test/4.png",
        "bbox": [
            "1620",
            "5067",
            "2062",
            "5116"
        ],
        "text": "X046-1 Motor",
        "text_to_ignore": []
    },
    {
        "id": "54916894-e0c0-4222-8a0b-141e213bc530",
        "display": "test/4.png",
        "bbox": [
            "5722",
            "3866",
            "6369",
            "3904"
        ],
        "text": "CPIO4-A BN 0.50 FLRY",
        "text_to_ignore": []
    },
    {
        "id": "08ebb973-5701-4e65-89b7-ba912af1ba77",
        "display": "test/4.png",
        "bbox": [
            "5772",
            "3924",
            "6388",
            "3966"
        ],
        "text": "3.81834 3486394-XX (A)",
        "text_to_ignore": []
    },
    {
        "id": "ebeeb52b-da24-4085-8714-3add20f82d36",
        "display": "test/4.png",
        "bbox": [
            "5722",
            "4016",
            "6368",
            "4054"
        ],
        "text": "CPIO5-A BU 0.50 FLRY",
        "text_to_ignore": []
    },
    {
        "id": "2ba4b5f6-1e4a-4d46-812b-33f03d25f90d",
        "display": "test/4.png",
        "bbox": [
            "5772",
            "4074",
            "6388",
            "4116"
        ],
        "text": "3.81834 3486394-XX (A)",
        "text_to_ignore": []
    },
    {
        "id": "95b4abc0-334a-43cd-8fa1-65050e6517c8",
        "display": "test/4.png",
        "bbox": [
            "5722",
            "4164",
            "6364",
            "4204"
        ],
        "text": "CPIO6-A VT 0.50 FLRY",
        "text_to_ignore": []
    },
    {
        "id": "21cab19b-cc44-47cc-a736-ef3e5ab6cb74",
        "display": "test/4.png",
        "bbox": [
            "5772",
            "4224",
            "6388",
            "4266"
        ],
        "text": "3.81834 3486394-XX (A)",
        "text_to_ignore": []
    },
    {
        "id": "9dbb4981-fc48-46eb-b04e-a31dca46adc3",
        "display": "test/4.png",
        "bbox": [
            "5722",
            "4314",
            "6375",
            "4354"
        ],
        "text": "CPIO7-A GN 0.50 FLRY",
        "text_to_ignore": []
    },
    {
        "id": "45836e32-366a-4cdb-afd3-360421e8422a",
        "display": "test/4.png",
        "bbox": [
            "5772",
            "4374",
            "6388",
            "4416"
        ],
        "text": "3.81834 3486394-XX (A)",
        "text_to_ignore": []
    },
    {
        "id": "2f127cc2-8d12-418e-9854-9dc17c646e83",
        "display": "test/4.png",
        "bbox": [
            "5722",
            "4466",
            "6384",
            "4504"
        ],
        "text": "CPIO8-A WH 0.50 FLRY",
        "text_to_ignore": []
    },
    {
        "id": "2279b1f8-27b7-48d1-a2d8-e7bf16aef3e2",
        "display": "test/4.png",
        "bbox": [
            "5772",
            "4524",
            "6388",
            "4568"
        ],
        "text": "3.81834 3486394-XX (A)",
        "text_to_ignore": []
    },
    {
        "id": "304340ba-e137-46d0-bcf4-219df40dd31b",
        "display": "test/4.png",
        "bbox": [
            "5722",
            "4766",
            "6364",
            "4804"
        ],
        "text": "CPIO9-A VT 0.35 FLRY",
        "text_to_ignore": []
    },
    {
        "id": "238b797a-5005-4976-8633-174e9213a174",
        "display": "test/4.png",
        "bbox": [
            "5772",
            "4824",
            "6412",
            "4866"
        ],
        "text": "4.166952 3486394-XxX (A)",
        "text_to_ignore": []
    },
    {
        "id": "83ccb773-35c7-4696-a20f-19d319a04f56",
        "display": "test/4.png",
        "bbox": [
            "5722",
            "4915",
            "6367",
            "4954"
        ],
        "text": "CPI10-A RD 0.35 FLRY",
        "text_to_ignore": []
    },
    {
        "id": "22a910e6-9cc4-469c-a047-b7f16cea330c",
        "display": "test/4.png",
        "bbox": [
            "5772",
            "4974",
            "6412",
            "5018"
        ],
        "text": "4.166952 3486394-XxX (A)",
        "text_to_ignore": []
    },
    {
        "id": "bc9e0530-eda2-48a1-a01d-3dac933c31b7",
        "display": "test/4.png",
        "bbox": [
            "5722",
            "5066",
            "6368",
            "5104"
        ],
        "text": "CPI11-A BU 0.35 FLRY",
        "text_to_ignore": []
    },
    {
        "id": "0a0c789d-1bc2-4152-a1eb-c01662428c61",
        "display": "test/4.png",
        "bbox": [
            "10114",
            "3867",
            "10636",
            "3927"
        ],
        "text": "X048- 21 Signal In o\u2014 \u2014 =",
        "text_to_ignore": []
    },
    {
        "id": "435c72dc-4d7d-4d74-9cca-064c8bb3ca0d",
        "display": "test/4.png",
        "bbox": [
            "10112",
            "3925",
            "10500",
            "3976"
        ],
        "text": "INLET NTC 2",
        "text_to_ignore": []
    },
    {
        "id": "c923e8ae-501b-4c8b-89a4-6ab2fdfcb3a0",
        "display": "test/4.png",
        "bbox": [
            "10114",
            "4015",
            "10614",
            "4067"
        ],
        "text": "X048-13 Ground",
        "text_to_ignore": []
    },
    {
        "id": "9e3bf026-9203-47fa-a7d4-65eb0182fb40",
        "display": "test/4.png",
        "bbox": [
            "10112",
            "4075",
            "10712",
            "4129"
        ],
        "text": "INLET 1 GND RETURN",
        "text_to_ignore": []
    },
    {
        "id": "a87a7cff-b27f-4800-8397-d733668d821d",
        "display": "test/4.png",
        "bbox": [
            "10114",
            "4166",
            "10636",
            "4223"
        ],
        "text": "X048-22 Signal In",
        "text_to_ignore": []
    },
    {
        "id": "e7d0777e-522b-4676-9189-7572e14f6c8c",
        "display": "test/4.png",
        "bbox": [
            "10112",
            "4224",
            "10498",
            "4275"
        ],
        "text": "INLET. NTC 3",
        "text_to_ignore": []
    },
    {
        "id": "0a231788-b331-4398-abe3-bc144a4414f2",
        "display": "test/4.png",
        "bbox": [
            "10114",
            "4314",
            "10606",
            "4374"
        ],
        "text": "X048-5 Signal In",
        "text_to_ignore": []
    },
    {
        "id": "456925b7-ad48-4125-94e2-9274cbbdccaf",
        "display": "test/4.png",
        "bbox": [
            "10112",
            "4371",
            "10688",
            "4429"
        ],
        "text": "INLET 1 CONTINUITY",
        "text_to_ignore": []
    },
    {
        "id": "3dd99a04-2096-42e9-b67a-86b1f5d2818a",
        "display": "test/4.png",
        "bbox": [
            "10114",
            "4465",
            "10636",
            "4525"
        ],
        "text": "X048-16 Signal In",
        "text_to_ignore": []
    },
    {
        "id": "13baf965-3d79-4357-9077-34fcbb2a50c5",
        "display": "test/4.png",
        "bbox": [
            "10116",
            "4526",
            "10530",
            "4574"
        ],
        "text": "PILOT SIGNAL",
        "text_to_ignore": []
    },
    {
        "id": "1a69461e-b447-46cb-af71-b06d5e5d2b8a",
        "display": "test/4.png",
        "bbox": [
            "10114",
            "4760",
            "10709",
            "4827"
        ],
        "text": "X048-12 Half-Bridge",
        "text_to_ignore": []
    },
    {
        "id": "e2397f1e-1773-4d90-b242-a000d75bab51",
        "display": "test/4.png",
        "bbox": [
            "10116",
            "4826",
            "10562",
            "4876"
        ],
        "text": "LATCH DRIVE P",
        "text_to_ignore": []
    },
    {
        "id": "d1e92320-49c1-4bd7-9d0b-e16f683bd807",
        "display": "test/4.png",
        "bbox": [
            "10114",
            "4914",
            "10636",
            "4976"
        ],
        "text": "X048-23 Signal In",
        "text_to_ignore": []
    },
    {
        "id": "3723284b-807a-4e16-bc89-7bf83653fd89",
        "display": "test/4.png",
        "bbox": [
            "10116",
            "4976",
            "10496",
            "5026"
        ],
        "text": "LATCH SW. 1",
        "text_to_ignore": []
    },
    {
        "id": "1aca97e4-b2a8-4d0e-91aa-be1ce9182a6b",
        "display": "test/4.png",
        "bbox": [
            "10114",
            "5064",
            "10708",
            "5120"
        ],
        "text": "X048-24 Half-Bridge",
        "text_to_ignore": []
    },
    {
        "id": "a888f4d8-93a7-439c-b2a1-1ef0e25a87a4",
        "display": "test/4.png",
        "bbox": [
            "1603",
            "5126",
            "2057",
            "5171"
        ],
        "text": "LATCH-DRIVE-N",
        "text_to_ignore": []
    },
    {
        "id": "77447d3a-e9be-40ef-918c-b9d8144eccbd",
        "display": "test/4.png",
        "bbox": [
            "2178",
            "5130",
            "2366",
            "5168"
        ],
        "text": "x046",
        "text_to_ignore": []
    },
    {
        "id": "84980e9a-df72-4503-897a-eba9bc0576d9",
        "display": "test/4.png",
        "bbox": [
            "1660",
            "5366",
            "2058",
            "5416"
        ],
        "text": "X044-1 CAN",
        "text_to_ignore": []
    },
    {
        "id": "a6c705a0-00b0-4be1-82b3-8c677be06f77",
        "display": "test/4.png",
        "bbox": [
            "1724",
            "5425",
            "2054",
            "5467"
        ],
        "text": "CAN-H-S+",
        "text_to_ignore": []
    },
    {
        "id": "4c2a0197-922f-46b6-aa7f-bd030fdec33f",
        "display": "test/4.png",
        "bbox": [
            "2304",
            "5466",
            "2772",
            "5520"
        ],
        "text": "TWIST CPI12-A",
        "text_to_ignore": []
    },
    {
        "id": "af083eed-b05a-4786-981a-d15559dc13e2",
        "display": "test/4.png",
        "bbox": [
            "1660",
            "5518",
            "2058",
            "5566"
        ],
        "text": "X044-3 CAN",
        "text_to_ignore": []
    },
    {
        "id": "7f8543b6-9e16-483a-b934-9ca66ef4b20f",
        "display": "test/4.png",
        "bbox": [
            "1750",
            "5576",
            "2056",
            "5618"
        ],
        "text": "CAN-L-S-",
        "text_to_ignore": []
    },
    {
        "id": "b1e3d366-48dd-4adf-bd73-bdb4cd7a2cfc",
        "display": "test/4.png",
        "bbox": [
            "1518",
            "5665",
            "2060",
            "5728"
        ],
        "text": "X044- 4 Signal Out as oe ree",
        "text_to_ignore": []
    },
    {
        "id": "99d66e7c-5764-4038-8ad0-846518798dd3",
        "display": "test/4.png",
        "bbox": [
            "1488",
            "5726",
            "2060",
            "5772"
        ],
        "text": "INLET-2-CONTINUITY",
        "text_to_ignore": []
    },
    {
        "id": "1a530101-4ef8-4ace-a3aa-c3093a29b992",
        "display": "test/4.png",
        "bbox": [
            "1518",
            "5817",
            "2060",
            "5877"
        ],
        "text": "X044-2 Signal Out mmm eee",
        "text_to_ignore": []
    },
    {
        "id": "5602f4c7-e31c-4b6c-aaa9-f4b748846d4a",
        "display": "test/4.png",
        "bbox": [
            "1728",
            "5876",
            "2060",
            "5922"
        ],
        "text": "PROX-CC2",
        "text_to_ignore": []
    },
    {
        "id": "609ddd10-9488-4c76-a75b-156de7090344",
        "display": "test/4.png",
        "bbox": [
            "1586",
            "5966",
            "2058",
            "6016"
        ],
        "text": "X044-6 Ground",
        "text_to_ignore": []
    },
    {
        "id": "33249a41-8ff2-4f8b-a323-ea81cf45251d",
        "display": "test/4.png",
        "bbox": [
            "1662",
            "6026",
            "2058",
            "6068"
        ],
        "text": "GND-2-INLET",
        "text_to_ignore": []
    },
    {
        "id": "3f516b6d-728f-48f3-9885-4e9870ce399b",
        "display": "test/4.png",
        "bbox": [
            "1518",
            "6118",
            "2060",
            "6174"
        ],
        "text": "X044-7 Signal Out",
        "text_to_ignore": []
    },
    {
        "id": "eb46f01b-3b9f-4c02-af6f-29e27f61308a",
        "display": "test/4.png",
        "bbox": [
            "1728",
            "6176",
            "2056",
            "6222"
        ],
        "text": "PROX-CC1",
        "text_to_ignore": []
    },
    {
        "id": "32919a92-4ec7-4c3f-8289-69a853deafe7",
        "display": "test/4.png",
        "bbox": [
            "1516",
            "6267",
            "2060",
            "6327"
        ],
        "text": "X044-8 Signal Out",
        "text_to_ignore": []
    },
    {
        "id": "6a9ac6b7-b7a4-4a83-a427-5be84b2c065c",
        "display": "test/4.png",
        "bbox": [
            "1752",
            "6326",
            "2058",
            "6368"
        ],
        "text": "THERM-4",
        "text_to_ignore": []
    },
    {
        "id": "c9a4935c-ad58-4126-bbc7-7305fc0a469c",
        "display": "test/4.png",
        "bbox": [
            "2178",
            "6332",
            "2366",
            "6368"
        ],
        "text": "1X044",
        "text_to_ignore": []
    },
    {
        "id": "289b178d-da22-4f6f-8bf8-3d1674ecacbe",
        "display": "test/4.png",
        "bbox": [
            "5770",
            "5122",
            "6414",
            "5170"
        ],
        "text": "4.166952 3486394-XxX (A)",
        "text_to_ignore": []
    },
    {
        "id": "ae82d434-e93c-4d99-a6e8-f62b8a6d317a",
        "display": "test/4.png",
        "bbox": [
            "5722",
            "5366",
            "6364",
            "5404"
        ],
        "text": "CPI12-A BK 0.50 FLRY",
        "text_to_ignore": []
    },
    {
        "id": "1f43084c-a8e0-4e70-9e23-a12fd206c939",
        "display": "test/4.png",
        "bbox": [
            "5732",
            "5424",
            "6526",
            "5466"
        ],
        "text": "CPGB 3.666952 3486394-XX (A)",
        "text_to_ignore": []
    },
    {
        "id": "dd803efc-958a-4372-9d88-e6d1f19f1aa2",
        "display": "test/4.png",
        "bbox": [
            "5722",
            "5516",
            "6384",
            "5554"
        ],
        "text": "CPI13-A WH 0.50 FLRY",
        "text_to_ignore": []
    },
    {
        "id": "a3358a80-a77c-4099-94ed-81620e176e4b",
        "display": "test/4.png",
        "bbox": [
            "5732",
            "5574",
            "6528",
            "5618"
        ],
        "text": "CPGB 3.666952 3486394-XX (A)",
        "text_to_ignore": []
    },
    {
        "id": "24f204bc-8fbb-4d99-aabe-acab03025354",
        "display": "test/4.png",
        "bbox": [
            "5722",
            "5666",
            "6374",
            "5704"
        ],
        "text": "CPI14-A GN 0.50 FLRY",
        "text_to_ignore": []
    },
    {
        "id": "44e271ff-f20f-4e18-8682-b5a30937050c",
        "display": "test/4.png",
        "bbox": [
            "5732",
            "5724",
            "6528",
            "5768"
        ],
        "text": "CPGB 3.666952 3486394-XX (A)",
        "text_to_ignore": []
    },
    {
        "id": "7bdf8525-a894-4c05-aa4c-044301f5af93",
        "display": "test/4.png",
        "bbox": [
            "5724",
            "5816",
            "6370",
            "5854"
        ],
        "text": "CPI15-A BN 0.50 FLRY",
        "text_to_ignore": []
    },
    {
        "id": "ef9a1bc1-49c0-470f-9cdc-f47a3fb70994",
        "display": "test/4.png",
        "bbox": [
            "5732",
            "5873",
            "6528",
            "5916"
        ],
        "text": "CPGB 3.666952 3486394-XX (A)",
        "text_to_ignore": []
    },
    {
        "id": "6d0d4777-389b-4ad2-914f-f54804ebf296",
        "display": "test/4.png",
        "bbox": [
            "5724",
            "5966",
            "6368",
            "6004"
        ],
        "text": "CPI16-A BU 0.50 FLRY",
        "text_to_ignore": []
    },
    {
        "id": "34a21461-bc7d-4bd3-b2cc-a3fa83bf7047",
        "display": "test/4.png",
        "bbox": [
            "5732",
            "6024",
            "6528",
            "6068"
        ],
        "text": "CPGB 3.666952 3486394-XX (A)",
        "text_to_ignore": []
    },
    {
        "id": "344cde83-5a7d-4e37-92e5-651e7028c379",
        "display": "test/4.png",
        "bbox": [
            "5722",
            "6116",
            "6365",
            "6154"
        ],
        "text": "CPI17-A GY 0.50 FLRY",
        "text_to_ignore": []
    },
    {
        "id": "50bd7ae1-59d7-4961-8050-500b6df03498",
        "display": "test/4.png",
        "bbox": [
            "5732",
            "6171",
            "6526",
            "6216"
        ],
        "text": "CPGB 3.666952 3486394-XX (A)",
        "text_to_ignore": []
    },
    {
        "id": "47e94331-3a19-4fdc-97b2-9b20c39e8e31",
        "display": "test/4.png",
        "bbox": [
            "5722",
            "6265",
            "6357",
            "6304"
        ],
        "text": "CPI18-A YE 0.50 FLRY",
        "text_to_ignore": []
    },
    {
        "id": "19c41d07-69ab-40a2-87aa-bf9dc6c8fba4",
        "display": "test/4.png",
        "bbox": [
            "5732",
            "6322",
            "6528",
            "6368"
        ],
        "text": "CPGB 3.666952 3486394-XX (A)",
        "text_to_ignore": []
    },
    {
        "id": "ce0de8dc-bfce-4eb0-85a8-3fc49121e8f0",
        "display": "test/4.png",
        "bbox": [
            "10116",
            "5126",
            "10570",
            "5176"
        ],
        "text": "LATCH DRIVE N",
        "text_to_ignore": []
    },
    {
        "id": "78ea1ae2-8bf6-4ec2-a14f-4f823f644261",
        "display": "test/4.png",
        "bbox": [
            "10114",
            "5368",
            "10512",
            "5414"
        ],
        "text": "X048-9 CAN",
        "text_to_ignore": []
    },
    {
        "id": "59dd53e1-572e-421a-98ef-e3746d4bddf6",
        "display": "test/4.png",
        "bbox": [
            "10114",
            "5426",
            "10528",
            "5474"
        ],
        "text": "GB DC CAN P",
        "text_to_ignore": []
    },
    {
        "id": "5e85e914-8c69-411c-81a7-7bce7f6fb51f",
        "display": "test/4.png",
        "bbox": [
            "9398",
            "5456",
            "9869",
            "5521"
        ],
        "text": "TWIST CPI12-A",
        "text_to_ignore": []
    },
    {
        "id": "8780cc99-39aa-470f-b08e-596da9fee38e",
        "display": "test/4.png",
        "bbox": [
            "10114",
            "5518",
            "10540",
            "5564"
        ],
        "text": "X048-10 CAN",
        "text_to_ignore": []
    },
    {
        "id": "c7d0e7c5-ae42-4db5-a20e-12824335e294",
        "display": "test/4.png",
        "bbox": [
            "10114",
            "5576",
            "10536",
            "5624"
        ],
        "text": "GB DC CAN N",
        "text_to_ignore": []
    },
    {
        "id": "fb15a542-8c95-4e6c-9960-63dfb4c52cd6",
        "display": "test/4.png",
        "bbox": [
            "10114",
            "5667",
            "10636",
            "5727"
        ],
        "text": "X048- 11 Signal In oo o\u2014\u2014 \u2014 - 7 ne",
        "text_to_ignore": []
    },
    {
        "id": "f4b37806-ebbd-452a-9cb2-4d83fd18f57c",
        "display": "test/4.png",
        "bbox": [
            "10112",
            "5721",
            "10688",
            "5779"
        ],
        "text": "INLET 2 CONTINUITY",
        "text_to_ignore": []
    },
    {
        "id": "81cd2da7-8d56-434e-b4e5-34678c83a812",
        "display": "test/4.png",
        "bbox": [
            "10114",
            "5817",
            "10608",
            "5875"
        ],
        "text": "X048-3 Signal In",
        "text_to_ignore": []
    },
    {
        "id": "9503108c-9952-4666-a23f-f963d917c154",
        "display": "test/4.png",
        "bbox": [
            "10114",
            "5873",
            "10740",
            "5929"
        ],
        "text": "GB DC PROXIMITY CC2",
        "text_to_ignore": []
    },
    {
        "id": "286cce9d-fc00-45fa-ac90-b1360e6d080a",
        "display": "test/4.png",
        "bbox": [
            "10114",
            "5968",
            "10614",
            "6016"
        ],
        "text": "X048-17 Ground",
        "text_to_ignore": []
    },
    {
        "id": "bdc54ed8-214a-448b-bd30-9cabdc148d56",
        "display": "test/4.png",
        "bbox": [
            "10112",
            "6022",
            "10710",
            "6078"
        ],
        "text": "INLET 2 GND RETURN",
        "text_to_ignore": []
    },
    {
        "id": "d82c38ce-dd28-4f49-9952-fb6fd7666173",
        "display": "test/4.png",
        "bbox": [
            "10114",
            "6116",
            "10608",
            "6176"
        ],
        "text": "X048-2 Signal In",
        "text_to_ignore": []
    },
    {
        "id": "c4d63288-9915-47f2-93f1-dfc6ec24a762",
        "display": "test/4.png",
        "bbox": [
            "10114",
            "6175",
            "10732",
            "6223"
        ],
        "text": "GB DC PROXIMITY CC1",
        "text_to_ignore": []
    },
    {
        "id": "75ee7324-c8b2-48b1-b227-29a244f12ba5",
        "display": "test/4.png",
        "bbox": [
            "10114",
            "6265",
            "10610",
            "6329"
        ],
        "text": "X048-6 Signal In",
        "text_to_ignore": []
    },
    {
        "id": "c2a067fc-bcf6-4e3d-8192-5570b1a957d6",
        "display": "test/4.png",
        "bbox": [
            "9806",
            "6326",
            "10500",
            "6376"
        ],
        "text": "x048 INLET NTC 4",
        "text_to_ignore": []
    },
    {
        "id": "cb21d32c-3360-4d37-8ca9-5b0615d39d46",
        "display": "test/4.png",
        "bbox": [
            "688",
            "6658",
            "1382",
            "6740"
        ],
        "text": "Charge Port Door \u00a9",
        "text_to_ignore": []
    },
    {
        "id": "20a64460-614e-44d5-8442-d12e6f98621e",
        "display": "test/4.png",
        "bbox": [
            "686",
            "6726",
            "1839",
            "6822"
        ],
        "text": "Charge Port Door Subassembly",
        "text_to_ignore": []
    },
    {
        "id": "45da9534-c55f-4aed-a127-8e3110fdac8f",
        "display": "test/4.png",
        "bbox": [
            "2087",
            "6737",
            "2824",
            "6804"
        ],
        "text": "CPO2 CPO3 CP04",
        "text_to_ignore": []
    },
    {
        "id": "c068332d-8c07-44d5-bc43-a66f7d6f1b14",
        "display": "test/4.png",
        "bbox": [
            "1558",
            "7016",
            "2056",
            "7069"
        ],
        "text": "CP04-5 Power In",
        "text_to_ignore": []
    },
    {
        "id": "7f3865b6-32bc-47cb-a2dc-427de01e088d",
        "display": "test/4.png",
        "bbox": [
            "1347",
            "7075",
            "2060",
            "7122"
        ],
        "text": "PRESENCE SENSOR POWER",
        "text_to_ignore": []
    },
    {
        "id": "439bef5a-3dfe-4d08-82ff-d7562c188373",
        "display": "test/4.png",
        "bbox": [
            "1516",
            "7168",
            "2060",
            "7226"
        ],
        "text": "CP04-4 Signal Out",
        "text_to_ignore": []
    },
    {
        "id": "b1a09920-9e94-4868-9c2b-ce5e4b446fd3",
        "display": "test/4.png",
        "bbox": [
            "1347",
            "7225",
            "2062",
            "7272"
        ],
        "text": "PRESENCE SENSOR SIGNAL",
        "text_to_ignore": []
    },
    {
        "id": "e1cec89e-ad05-4afe-ad1d-7a75c8f5fa98",
        "display": "test/4.png",
        "bbox": [
            "1598",
            "7315",
            "2058",
            "7375"
        ],
        "text": "CP04-7 Special",
        "text_to_ignore": []
    },
    {
        "id": "6770c07c-0640-40ca-bfca-9bd56aa709fa",
        "display": "test/4.png",
        "bbox": [
            "1622",
            "7376",
            "2056",
            "7418"
        ],
        "text": "UHF ANTENNA",
        "text_to_ignore": []
    },
    {
        "id": "479f0f54-3b7c-4f34-88f5-cfe64a928400",
        "display": "test/4.png",
        "bbox": [
            "1586",
            "7468",
            "2058",
            "7516"
        ],
        "text": "CP04-6 Ground",
        "text_to_ignore": []
    },
    {
        "id": "ac393cb8-d622-4a1f-b232-f98cdaaf2312",
        "display": "test/4.png",
        "bbox": [
            "1518",
            "7526",
            "2058",
            "7574"
        ],
        "text": "TRIM GND RETURN",
        "text_to_ignore": []
    },
    {
        "id": "709ffb6f-806e-4ab5-b457-34a31bb5aa3a",
        "display": "test/4.png",
        "bbox": [
            "5713",
            "7013",
            "6363",
            "7052"
        ],
        "text": "CPDO1-B OG 26 AWM",
        "text_to_ignore": []
    },
    {
        "id": "333f9bc7-0c9f-4b14-b736-6c25f681fd63",
        "display": "test/4.png",
        "bbox": [
            "5762",
            "7069",
            "6634",
            "7122"
        ],
        "text": "620.0 Charge Port Door Subassembly",
        "text_to_ignore": []
    },
    {
        "id": "693b159a-60ca-4d2a-8637-4a343e79e095",
        "display": "test/4.png",
        "bbox": [
            "5713",
            "7163",
            "6374",
            "7203"
        ],
        "text": "CPDO5-B WH 26 AWM",
        "text_to_ignore": []
    },
    {
        "id": "c9525e7e-d3a3-4c2c-96dc-a51410fb9540",
        "display": "test/4.png",
        "bbox": [
            "5764",
            "7214",
            "6635",
            "7272"
        ],
        "text": "620.0 Charge Port Door Subassembly",
        "text_to_ignore": []
    },
    {
        "id": "950f0988-6e37-4796-92dc-45b690173a7d",
        "display": "test/4.png",
        "bbox": [
            "5714",
            "7314",
            "6350",
            "7354"
        ],
        "text": "CPDO2-B YE 22 AWM",
        "text_to_ignore": []
    },
    {
        "id": "7851e906-5dad-4696-89ec-85ea81a75c97",
        "display": "test/4.png",
        "bbox": [
            "5764",
            "7364",
            "6637",
            "7422"
        ],
        "text": "620.0 Charge Port Door Subassembly",
        "text_to_ignore": []
    },
    {
        "id": "34185dc1-18a0-4c62-9858-15024ba2dfad",
        "display": "test/4.png",
        "bbox": [
            "5714",
            "7464",
            "6352",
            "7502"
        ],
        "text": "CPD04-B BK 26 AWM",
        "text_to_ignore": []
    },
    {
        "id": "250c2145-1053-4c31-bd46-9b2122f44029",
        "display": "test/4.png",
        "bbox": [
            "5764",
            "7518",
            "6634",
            "7573"
        ],
        "text": "620.0 Charge Port Door Subassembly",
        "text_to_ignore": []
    },
    {
        "id": "37ba41b0-ddd9-40f0-9367-a46c68037c83",
        "display": "test/4.png",
        "bbox": [
            "10114",
            "7014",
            "10784",
            "7077"
        ],
        "text": "X047-2 High-Side Drive mmm ene hae ere ef",
        "text_to_ignore": []
    },
    {
        "id": "e332b4bc-ce5b-44cf-b460-312386d4d290",
        "display": "test/4.png",
        "bbox": [
            "10116",
            "7075",
            "10826",
            "7121"
        ],
        "text": "PRESENCE SENSOR POWER",
        "text_to_ignore": []
    },
    {
        "id": "9bcb048b-cc33-4ce4-841a-b88610772405",
        "display": "test/4.png",
        "bbox": [
            "10114",
            "7167",
            "10636",
            "7223"
        ],
        "text": "X047-13 Signal In \u2014",
        "text_to_ignore": []
    },
    {
        "id": "7d695be6-debe-4d14-91c2-fd334a58268d",
        "display": "test/4.png",
        "bbox": [
            "10116",
            "7223",
            "10797",
            "7273"
        ],
        "text": "DOOR PRESENCE HALL Al",
        "text_to_ignore": []
    },
    {
        "id": "475b96d4-caee-45e3-b8f7-5f35939da50c",
        "display": "test/4.png",
        "bbox": [
            "10114",
            "7315",
            "10602",
            "7374"
        ],
        "text": "X047-12 Special",
        "text_to_ignore": []
    },
    {
        "id": "e26e05e5-675e-4bc9-934d-446547b6d4b9",
        "display": "test/4.png",
        "bbox": [
            "10116",
            "7376",
            "10550",
            "7420"
        ],
        "text": "UHF ANTENNA",
        "text_to_ignore": []
    },
    {
        "id": "fd8138c2-4920-4d4f-a084-c63f7e0af4c3",
        "display": "test/4.png",
        "bbox": [
            "10114",
            "7468",
            "10584",
            "7516"
        ],
        "text": "X047-3 Ground",
        "text_to_ignore": []
    },
    {
        "id": "53535206-6347-40d5-ab89-35fbeea3fc38",
        "display": "test/4.png",
        "bbox": [
            "10114",
            "7524",
            "10654",
            "7576"
        ],
        "text": "TRIM GND RETURN",
        "text_to_ignore": []
    },
    {
        "id": "be9cf55b-8609-4fd7-beb6-b92f1db27afe",
        "display": "test/4.png",
        "bbox": [
            "1556",
            "7690",
            "2056",
            "7743"
        ],
        "text": "CP04-1 Power In",
        "text_to_ignore": []
    },
    {
        "id": "68dd8780-7fec-4ab5-8571-03ecaa9b7cea",
        "display": "test/4.png",
        "bbox": [
            "1766",
            "7752",
            "2058",
            "7794"
        ],
        "text": "LED RED",
        "text_to_ignore": []
    },
    {
        "id": "507df72a-699f-4420-88ee-ddde2cae39cf",
        "display": "test/4.png",
        "bbox": [
            "1557",
            "7840",
            "2056",
            "7893"
        ],
        "text": "CP04-2 Power In",
        "text_to_ignore": []
    },
    {
        "id": "4b50cf3d-9c14-437f-99ec-d24229a2ae57",
        "display": "test/4.png",
        "bbox": [
            "1706",
            "7902",
            "2058",
            "7952"
        ],
        "text": "LED GREEN",
        "text_to_ignore": []
    },
    {
        "id": "89b3f233-3603-404e-843c-cb18fd2fe1ef",
        "display": "test/4.png",
        "bbox": [
            "1558",
            "7990",
            "2056",
            "8043"
        ],
        "text": "CP04-3 Power In",
        "text_to_ignore": []
    },
    {
        "id": "6b00c65a-664e-4687-97bc-15b1a6158d97",
        "display": "test/4.png",
        "bbox": [
            "1746",
            "8052",
            "2060",
            "8102"
        ],
        "text": "LED BLUE",
        "text_to_ignore": []
    },
    {
        "id": "0b859555-f7ff-48da-99ef-6a27966b9d89",
        "display": "test/4.png",
        "bbox": [
            "1616",
            "8365",
            "2058",
            "8413"
        ],
        "text": "CP02-3 Motor",
        "text_to_ignore": []
    },
    {
        "id": "1e603e1e-4a7a-4fb0-b266-a7971a5c1c1e",
        "display": "test/4.png",
        "bbox": [
            "1634",
            "8426",
            "2058",
            "8472"
        ],
        "text": "BLDC PHASE V",
        "text_to_ignore": []
    },
    {
        "id": "00cd359c-c2f2-4176-95c6-b0a9c3f069f6",
        "display": "test/4.png",
        "bbox": [
            "1616",
            "8516",
            "2059",
            "8564"
        ],
        "text": "CP02-2 Motor",
        "text_to_ignore": []
    },
    {
        "id": "1f7dbc4f-5f07-4913-8e53-f0d15584e355",
        "display": "test/4.png",
        "bbox": [
            "1618",
            "8576",
            "2056",
            "8622"
        ],
        "text": "BLDC PHASE W",
        "text_to_ignore": []
    },
    {
        "id": "f25b94c0-0bd0-4653-b3df-f7c0f4316127",
        "display": "test/4.png",
        "bbox": [
            "1616",
            "8666",
            "2059",
            "8714"
        ],
        "text": "CP02-4 Motor",
        "text_to_ignore": []
    },
    {
        "id": "250f0c05-321f-40cd-ae0c-0d6d203ef530",
        "display": "test/4.png",
        "bbox": [
            "1629",
            "8724",
            "2056",
            "8772"
        ],
        "text": "BLDC PHASE U",
        "text_to_ignore": []
    },
    {
        "id": "5636025e-6c77-4d9b-9743-ac3fcb446f84",
        "display": "test/4.png",
        "bbox": [
            "1586",
            "8815",
            "2057",
            "8864"
        ],
        "text": "CP02-1 Ground",
        "text_to_ignore": []
    },
    {
        "id": "108d63e1-142d-47fe-a325-cae976a7ac60",
        "display": "test/4.png",
        "bbox": [
            "1852",
            "8878",
            "2058",
            "8918"
        ],
        "text": "GND",
        "text_to_ignore": []
    },
    {
        "id": "9aca2a0f-caf3-4d43-861c-e70c14f150ba",
        "display": "test/4.png",
        "bbox": [
            "2992",
            "8328",
            "3400",
            "8382"
        ],
        "text": "SH CPD03-A",
        "text_to_ignore": []
    },
    {
        "id": "fe0b0f0b-fd80-46b1-9c1e-c142cac2c166",
        "display": "test/4.png",
        "bbox": [
            "2988",
            "8466",
            "3477",
            "8514"
        ],
        "text": "TWIST CPDO3-A",
        "text_to_ignore": []
    },
    {
        "id": "59f4a51f-afa8-4a1d-a751-8853a570d183",
        "display": "test/4.png",
        "bbox": [
            "3148",
            "8498",
            "3262",
            "8516"
        ],
        "text": "I",
        "text_to_ignore": []
    },
    {
        "id": "82308915-eee7-4c01-af5f-250897e60ea4",
        "display": "test/4.png",
        "bbox": [
            "2510",
            "8805",
            "2859",
            "8853"
        ],
        "text": "SHIELD887",
        "text_to_ignore": []
    },
    {
        "id": "7749f4af-5463-4c53-a875-1c3183b93ea5",
        "display": "test/4.png",
        "bbox": [
            "5714",
            "7690",
            "6358",
            "7728"
        ],
        "text": "CPD06-B RD 26 AWM",
        "text_to_ignore": []
    },
    {
        "id": "2e664f52-7d68-45f2-8455-c24e0801d036",
        "display": "test/4.png",
        "bbox": [
            "5764",
            "7741",
            "6637",
            "7796"
        ],
        "text": "620.0 Charge Port Door Subassembly",
        "text_to_ignore": []
    },
    {
        "id": "e067f263-9f15-4cdc-ae1c-84953eddc737",
        "display": "test/4.png",
        "bbox": [
            "5714",
            "7840",
            "6366",
            "7878"
        ],
        "text": "CPD08-B GN 26 AWM",
        "text_to_ignore": []
    },
    {
        "id": "11995788-4754-47e2-9674-884b8dcb9970",
        "display": "test/4.png",
        "bbox": [
            "5763",
            "7892",
            "6637",
            "7946"
        ],
        "text": "620.0 Charge Port Door Subassembly",
        "text_to_ignore": []
    },
    {
        "id": "dba88bf2-0c34-40c8-bd91-b82642982e9b",
        "display": "test/4.png",
        "bbox": [
            "5714",
            "7990",
            "6358",
            "8028"
        ],
        "text": "CPD10-B BU 26 AWM",
        "text_to_ignore": []
    },
    {
        "id": "053ce40c-2e54-4081-b82f-6a692a1f0d83",
        "display": "test/4.png",
        "bbox": [
            "5764",
            "8041",
            "6635",
            "8096"
        ],
        "text": "620.0 Charge Port Door Subassembly",
        "text_to_ignore": []
    },
    {
        "id": "299008f0-38e4-49b3-b954-4eabe81761a6",
        "display": "test/4.png",
        "bbox": [
            "5714",
            "8364",
            "6360",
            "8404"
        ],
        "text": "CPDO3-B RD 22 AWM",
        "text_to_ignore": []
    },
    {
        "id": "2bfac596-7075-4030-b0dd-d664631eeda4",
        "display": "test/4.png",
        "bbox": [
            "5764",
            "8414",
            "6635",
            "8472"
        ],
        "text": "420.0 Charge Port Door Subassembly",
        "text_to_ignore": []
    },
    {
        "id": "f8f70ef9-3c75-4756-8375-c216a8cdb30b",
        "display": "test/4.png",
        "bbox": [
            "5714",
            "8514",
            "6365",
            "8554"
        ],
        "text": "CPD12-B GN 22 AWM",
        "text_to_ignore": []
    },
    {
        "id": "2d3ac1e1-e363-4e40-a552-9f9fb6984587",
        "display": "test/4.png",
        "bbox": [
            "5764",
            "8564",
            "6637",
            "8622"
        ],
        "text": "420.0 Charge Port Door Subassembly",
        "text_to_ignore": []
    },
    {
        "id": "32fd5116-9ce3-4205-83e5-59369aa314ca",
        "display": "test/4.png",
        "bbox": [
            "5714",
            "8664",
            "6358",
            "8704"
        ],
        "text": "CPD11-B BU 22 AWM",
        "text_to_ignore": []
    },
    {
        "id": "133a26bd-0708-4f05-9a32-d9661a023f33",
        "display": "test/4.png",
        "bbox": [
            "5762",
            "8718",
            "6634",
            "8773"
        ],
        "text": "420.0 Charge Port Door Subassembly",
        "text_to_ignore": []
    },
    {
        "id": "923df145-dea8-45d2-87ae-f336cfa5a30c",
        "display": "test/4.png",
        "bbox": [
            "8846",
            "8318",
            "9255",
            "8384"
        ],
        "text": "SH CPD03-A",
        "text_to_ignore": []
    },
    {
        "id": "1ae004ca-765c-4fae-9d9f-0d3c2c1223bb",
        "display": "test/4.png",
        "bbox": [
            "8776",
            "8456",
            "9269",
            "8520"
        ],
        "text": "TWIST CPDO3-A",
        "text_to_ignore": []
    },
    {
        "id": "a9d4ce98-c489-4806-b107-89746a2d2574",
        "display": "test/4.png",
        "bbox": [
            "10114",
            "7689",
            "10785",
            "7749"
        ],
        "text": "X047-6 High-Side Drive",
        "text_to_ignore": []
    },
    {
        "id": "6b23bc54-571c-45fa-9917-ff6eb906daf0",
        "display": "test/4.png",
        "bbox": [
            "10116",
            "7749",
            "10407",
            "7796"
        ],
        "text": "LED RED",
        "text_to_ignore": []
    },
    {
        "id": "448720cf-2f52-43bc-82e0-e0732141e483",
        "display": "test/4.png",
        "bbox": [
            "10114",
            "7836",
            "10784",
            "7899"
        ],
        "text": "X047-7 High-Side Drive",
        "text_to_ignore": []
    },
    {
        "id": "a45a0ff9-dfd7-43ec-b101-e4785640d8c3",
        "display": "test/4.png",
        "bbox": [
            "10116",
            "7894",
            "10467",
            "7952"
        ],
        "text": "LED GREEN",
        "text_to_ignore": []
    },
    {
        "id": "d98ee808-c665-4184-a855-158015f790fb",
        "display": "test/4.png",
        "bbox": [
            "10114",
            "7986",
            "10785",
            "8051"
        ],
        "text": "X047- 8 High- -Side Drive",
        "text_to_ignore": []
    },
    {
        "id": "dd20b17f-2cb6-4792-9e68-4db9f5b34a18",
        "display": "test/4.png",
        "bbox": [
            "10114",
            "8051",
            "10428",
            "8102"
        ],
        "text": "LED BLUE \u2014",
        "text_to_ignore": []
    },
    {
        "id": "50ab7a3a-fe6d-40b3-be66-8c8e81293f51",
        "display": "test/4.png",
        "bbox": [
            "10114",
            "8357",
            "10709",
            "8426"
        ],
        "text": "X047-14 Half- Bridge",
        "text_to_ignore": []
    },
    {
        "id": "1511ac4f-e1ec-429d-b470-6b8025968d17",
        "display": "test/4.png",
        "bbox": [
            "10116",
            "8426",
            "10858",
            "8472"
        ],
        "text": "BLDC DOOR DRIVE PHASE A",
        "text_to_ignore": []
    },
    {
        "id": "f8f3eb35-d069-446a-9268-ed6d70422c24",
        "display": "test/4.png",
        "bbox": [
            "10114",
            "8505",
            "10709",
            "8576"
        ],
        "text": "X047-15 Half- Bridge",
        "text_to_ignore": []
    },
    {
        "id": "06b882a6-0e30-47af-acb1-ddf894bfb5e9",
        "display": "test/4.png",
        "bbox": [
            "10116",
            "8574",
            "10856",
            "8622"
        ],
        "text": "BLDC DOOR DRIVE PHASE B",
        "text_to_ignore": []
    },
    {
        "id": "5f2d0341-4df9-4d71-9c33-6422fc06c76a",
        "display": "test/4.png",
        "bbox": [
            "10114",
            "8657",
            "10709",
            "8726"
        ],
        "text": "X047-16 Half- Bridge",
        "text_to_ignore": []
    },
    {
        "id": "a23257df-5820-4962-88d1-47fc26ea2323",
        "display": "test/4.png",
        "bbox": [
            "10116",
            "8726",
            "10860",
            "8772"
        ],
        "text": "BLDC DOOR DRIVE PHASE C",
        "text_to_ignore": []
    },
    {
        "id": "2d80ee3e-6c52-4908-9d70-1a6242da7471",
        "display": "test/4.png",
        "bbox": [
            "9457",
            "8805",
            "9817",
            "8853"
        ],
        "text": "SHIELD887",
        "text_to_ignore": []
    },
    {
        "id": "d8871601-8f11-4a5d-9b24-e31b54952512",
        "display": "test/4.png",
        "bbox": [
            "10114",
            "8815",
            "10583",
            "8864"
        ],
        "text": "X047-9 Ground",
        "text_to_ignore": []
    },
    {
        "id": "db24ce40-89a5-4c04-9fab-8d612f717689",
        "display": "test/4.png",
        "bbox": [
            "10116",
            "8876",
            "10934",
            "8928"
        ],
        "text": "BLDC GROUND SHIELD RETURN",
        "text_to_ignore": []
    },
    {
        "id": "5524abb3-ab74-4cbf-a5e1-04dc3137fd1f",
        "display": "test/4.png",
        "bbox": [
            "11672",
            "8626",
            "13852",
            "8656"
        ],
        "text": "THE INFORMATION CONTAINED HEREIN IS DEEMED TO BE CONFIDENTIAL, PROPRIETARY, AND A TRADE SECRET OF TESLA MOTORS. THIS",
        "text_to_ignore": []
    },
    {
        "id": "3bd6706e-7fbc-43ac-b9bf-b2c2469b01e5",
        "display": "test/4.png",
        "bbox": [
            "11672",
            "8658",
            "13884",
            "8696"
        ],
        "text": "INFORMATION \u201cMAY NOT BE USED, REPRODUCED, OR \u201cDISCLOSED AS THE DIRECT \u201cOR\u201d INDIRECT BASIS FOR THE \u2018DEVELOPMENT, MANUFACTURE ,",
        "text_to_ignore": []
    },
    {
        "id": "48a14bcb-5732-49a9-a7cd-af73f52f5002",
        "display": "test/4.png",
        "bbox": [
            "11670",
            "8698",
            "13288",
            "8728"
        ],
        "text": "OR SALE OF PROCESSES OR PRODUCTS WITHOUT THE EXPRESSD WRITTEN CONSENT OF TESLA MOTORS.",
        "text_to_ignore": []
    },
    {
        "id": "da254f21-7964-467a-97c0-a17f2e014b0e",
        "display": "test/4.png",
        "bbox": [
            "11916",
            "8776",
            "12978",
            "8826"
        ],
        "text": "DRAWN CHECKED",
        "text_to_ignore": []
    },
    {
        "id": "d4f316a0-3238-4fc7-8991-868fc14dcb41",
        "display": "test/4.png",
        "bbox": [
            "13362",
            "8778",
            "13744",
            "8828"
        ],
        "text": "APPROVED",
        "text_to_ignore": []
    },
    {
        "id": "e41c008a-130b-4702-b179-9405073f2173",
        "display": "test/4.png",
        "bbox": [
            "1558",
            "9190",
            "2056",
            "9243"
        ],
        "text": "CP03-3 Power In",
        "text_to_ignore": []
    },
    {
        "id": "088ddb32-0403-4227-81b3-749e1bcdc418",
        "display": "test/4.png",
        "bbox": [
            "1405",
            "9251",
            "2059",
            "9301"
        ],
        "text": "DOOR POSITION POWER",
        "text_to_ignore": []
    },
    {
        "id": "2309bf73-b362-4868-bd5d-4801f67255b6",
        "display": "test/4.png",
        "bbox": [
            "1516",
            "9342",
            "2060",
            "9400"
        ],
        "text": "CP03-2 Signal, Out",
        "text_to_ignore": []
    },
    {
        "id": "bbeea04a-4d05-4eb3-a16e-20a36af6f07e",
        "display": "test/4.png",
        "bbox": [
            "1405",
            "9402",
            "2062",
            "9452"
        ],
        "text": "DOOR POSITION SIGNAL",
        "text_to_ignore": []
    },
    {
        "id": "873280da-b4c3-44ac-b492-603e96c09915",
        "display": "test/4.png",
        "bbox": [
            "1583",
            "9488",
            "2058",
            "9540"
        ],
        "text": "CP03-1 Ground",
        "text_to_ignore": []
    },
    {
        "id": "66a982d5-e30e-486b-8578-e0e1f43c0bf4",
        "display": "test/4.png",
        "bbox": [
            "1466",
            "9546",
            "2060",
            "9601"
        ],
        "text": "DOOR POSITION GND",
        "text_to_ignore": []
    },
    {
        "id": "22ee915b-4d9c-49bd-a593-c56e7ade6419",
        "display": "test/4.png",
        "bbox": [
            "5714",
            "9190",
            "6364",
            "9228"
        ],
        "text": "CPD13-B OG 26 AWM",
        "text_to_ignore": []
    },
    {
        "id": "769535b9-1958-4187-843c-adb747cd64fe",
        "display": "test/4.png",
        "bbox": [
            "5762",
            "9241",
            "6635",
            "9296"
        ],
        "text": "480.0 Charge Port Door Subassembly",
        "text_to_ignore": []
    },
    {
        "id": "f934a80c-ac3c-4939-a333-56b498fc5f74",
        "display": "test/4.png",
        "bbox": [
            "5714",
            "9340",
            "6374",
            "9378"
        ],
        "text": "CPD14-B WH 26 AWM",
        "text_to_ignore": []
    },
    {
        "id": "abb585d1-f041-457f-bfc9-da70c43ac99f",
        "display": "test/4.png",
        "bbox": [
            "5762",
            "9391",
            "6635",
            "9446"
        ],
        "text": "480.0 Charge Port Door Subassembly",
        "text_to_ignore": []
    },
    {
        "id": "121dc43a-ffe0-4cd9-8cb6-65fc6e45ecfd",
        "display": "test/4.png",
        "bbox": [
            "5714",
            "9490",
            "6352",
            "9528"
        ],
        "text": "CPD15-B BK 26 AWM",
        "text_to_ignore": []
    },
    {
        "id": "6c6c711e-63e2-4ece-8370-589b61b87c4a",
        "display": "test/4.png",
        "bbox": [
            "5764",
            "9541",
            "6637",
            "9596"
        ],
        "text": "480.0 Charge Port Door Subassembly",
        "text_to_ignore": []
    },
    {
        "id": "04f2e120-5629-44e7-a04b-d04fe4c5126d",
        "display": "test/4.png",
        "bbox": [
            "10114",
            "9186",
            "10813",
            "9251"
        ],
        "text": "X047- 11 High- Side Drive",
        "text_to_ignore": []
    },
    {
        "id": "ece8e897-ec02-4dba-ba60-bc6e82fb17e6",
        "display": "test/4.png",
        "bbox": [
            "10116",
            "9250",
            "10776",
            "9296"
        ],
        "text": "DOOR POSITION POWER",
        "text_to_ignore": []
    },
    {
        "id": "1e68c9ae-9c9d-43f9-84cc-a2f75f373a66",
        "display": "test/4.png",
        "bbox": [
            "10114",
            "9342",
            "10606",
            "9400"
        ],
        "text": "X047-5 Signal In",
        "text_to_ignore": []
    },
    {
        "id": "6a78a72b-3fcf-4676-a88f-1079f096865a",
        "display": "test/4.png",
        "bbox": [
            "10116",
            "9400",
            "10592",
            "9446"
        ],
        "text": "DOOR POSITION",
        "text_to_ignore": []
    },
    {
        "id": "b1bf9616-05ab-49f3-93e5-d2d6fa893846",
        "display": "test/4.png",
        "bbox": [
            "10114",
            "9489",
            "10614",
            "9541"
        ],
        "text": "X047-10 Ground",
        "text_to_ignore": []
    },
    {
        "id": "bfd81ad5-f9a5-477e-b2fa-934490425917",
        "display": "test/4.png",
        "bbox": [
            "9806",
            "9551",
            "10918",
            "9603"
        ],
        "text": "x047 DOOR POSITION GND RETURN",
        "text_to_ignore": []
    },
    {
        "id": "d65ae540-8452-40f6-b9d2-d2510b9f0e6d",
        "display": "test/4.png",
        "bbox": [
            "11664",
            "9078",
            "12048",
            "9126"
        ],
        "text": "MATERIAL",
        "text_to_ignore": []
    },
    {
        "id": "aee95d57-cdca-43b8-b475-000b14eb18d3",
        "display": "test/4.png",
        "bbox": [
            "12602",
            "9076",
            "13020",
            "9126"
        ],
        "text": "FINISHING",
        "text_to_ignore": []
    },
    {
        "id": "75c77062-2244-42df-847a-ae346c5ef98a",
        "display": "test/4.png",
        "bbox": [
            "11740",
            "9156",
            "12472",
            "9230"
        ],
        "text": "AS SPECIFIED",
        "text_to_ignore": []
    },
    {
        "id": "4de2c7ae-b7ef-4c22-b71d-3b8eba09c01c",
        "display": "test/4.png",
        "bbox": [
            "12674",
            "9156",
            "13408",
            "9229"
        ],
        "text": "AS SPECIFIED",
        "text_to_ignore": []
    },
    {
        "id": "b1e44c62-39d3-4f85-bccf-8e134f8c6670",
        "display": "test/4.png",
        "bbox": [
            "11666",
            "9302",
            "12082",
            "9352"
        ],
        "text": "PART NAME",
        "text_to_ignore": []
    },
    {
        "id": "e77d6c41-4aa8-4878-845f-2562a78e04db",
        "display": "test/4.png",
        "bbox": [
            "11657",
            "9370",
            "12338",
            "9465"
        ],
        "text": "Charge Port",
        "text_to_ignore": []
    },
    {
        "id": "900a6df0-d53b-488d-9fea-0c9604354542",
        "display": "test/4.png",
        "bbox": [
            "11666",
            "9528",
            "12152",
            "9578"
        ],
        "text": "PART NUMBER",
        "text_to_ignore": []
    },
    {
        "id": "f53e2fa9-ea8f-49f5-83e6-163634458de1",
        "display": "test/4.png",
        "bbox": [
            "13537",
            "9076",
            "13814",
            "9126"
        ],
        "text": "SCALE",
        "text_to_ignore": []
    },
    {
        "id": "ba0c286f-8a4f-4dfb-a368-e8c7481a69ff",
        "display": "test/4.png",
        "bbox": [
            "13596",
            "9154",
            "13901",
            "9223"
        ],
        "text": "NONE",
        "text_to_ignore": []
    },
    {
        "id": "533ca881-9592-470c-9345-0e95dc05df5c",
        "display": "test/4.png",
        "bbox": [
            "12788",
            "9526",
            "13364",
            "9577"
        ],
        "text": "REV SHEET",
        "text_to_ignore": []
    },
    {
        "id": "d3fd0442-75ed-42fd-85dd-3f9c23872880",
        "display": "test/4.png",
        "bbox": [
            "13613",
            "9528",
            "13853",
            "9575"
        ],
        "text": "SIZE",
        "text_to_ignore": []
    },
    {
        "id": "a6e1a778-9293-4abe-83aa-3c10d9cb7cb8",
        "display": "test/4.png",
        "bbox": [
            "12878",
            "9646",
            "13585",
            "9716"
        ],
        "text": "15 of 61",
        "text_to_ignore": []
    }
]