[
    {
        "id": "aa4514a8-49f7-453e-bcca-057afc9679ec",
        "display": "test/10.png",
        "bbox": [
            "390",
            "1108",
            "658",
            "1170"
        ],
        "text": "EPAS",
        "text_to_ignore": []
    },
    {
        "id": "516288ac-db4b-4b6b-8c87-faa1e6e4daa0",
        "display": "test/10.png",
        "bbox": [
            "610",
            "1188",
            "1562",
            "1256"
        ],
        "text": "X168 X169 X171 X1 0",
        "text_to_ignore": []
    },
    {
        "id": "730df318-556e-4b64-b235-523f56d72a60",
        "display": "test/10.png",
        "bbox": [
            "5335",
            "951",
            "6225",
            "1037"
        ],
        "text": "Body Controller Battery",
        "text_to_ignore": []
    },
    {
        "id": "f436958c-1ae8-4e6c-868f-86dfbe73d9b0",
        "display": "test/10.png",
        "bbox": [
            "5562",
            "1040",
            "6736",
            "1104"
        ],
        "text": "X025 X022 X023 X024 X026",
        "text_to_ignore": []
    },
    {
        "id": "9a08776c-a55c-40ec-aaee-acb790caf9f6",
        "display": "test/10.png",
        "bbox": [
            "10438",
            "1106",
            "10840",
            "1174"
        ],
        "text": "HCU ESP",
        "text_to_ignore": []
    },
    {
        "id": "a638a10f-62fa-4ead-b819-d8e1d20e2129",
        "display": "test/10.png",
        "bbox": [
            "1360",
            "1316",
            "1758",
            "1364"
        ],
        "text": "X171-2 CAN",
        "text_to_ignore": []
    },
    {
        "id": "8453a784-7fe8-4b87-8446-8acf74a3c89c",
        "display": "test/10.png",
        "bbox": [
            "1463",
            "1374",
            "1758",
            "1425"
        ],
        "text": "CAN1 HI",
        "text_to_ignore": []
    },
    {
        "id": "8fce8583-bdac-4796-89a0-a3a7310ec62a",
        "display": "test/10.png",
        "bbox": [
            "2004",
            "1415",
            "2608",
            "1469"
        ],
        "text": "TWIST-CAN CPY01-B",
        "text_to_ignore": []
    },
    {
        "id": "d0717488-1531-4ae8-89e9-dd0797fdbc00",
        "display": "test/10.png",
        "bbox": [
            "1360",
            "1468",
            "1758",
            "1516"
        ],
        "text": "X171-3 CAN",
        "text_to_ignore": []
    },
    {
        "id": "706c097b-764c-436b-8def-390b9591f031",
        "display": "test/10.png",
        "bbox": [
            "1451",
            "1525",
            "1758",
            "1577"
        ],
        "text": "CAN1 LO",
        "text_to_ignore": []
    },
    {
        "id": "d0113a62-252f-4443-a3d7-8ad3cad94521",
        "display": "test/10.png",
        "bbox": [
            "1876",
            "1562",
            "2062",
            "1598"
        ],
        "text": "\u2014\u2014X171",
        "text_to_ignore": []
    },
    {
        "id": "0ace5671-45c6-4656-872b-1feb232e178d",
        "display": "test/10.png",
        "bbox": [
            "3192",
            "1315",
            "3956",
            "1355"
        ],
        "text": "+CPYO1-A YE WH 0.35 FLRY",
        "text_to_ignore": []
    },
    {
        "id": "169dffce-f3ab-4e15-a22d-6bcfa05aa3e1",
        "display": "test/10.png",
        "bbox": [
            "3239",
            "1373",
            "3844",
            "1416"
        ],
        "text": "1382.0 3486408-XX (W)",
        "text_to_ignore": []
    },
    {
        "id": "760b8dba-b746-4248-9605-7f65133196dd",
        "display": "test/10.png",
        "bbox": [
            "3191",
            "1465",
            "3867",
            "1504"
        ],
        "text": "+CPY02-A YE 0.35 FLRY",
        "text_to_ignore": []
    },
    {
        "id": "9d727306-0cac-4cfc-b052-3d84fce1aa25",
        "display": "test/10.png",
        "bbox": [
            "3240",
            "1524",
            "3844",
            "1566"
        ],
        "text": "1382.0 3486408-XX (W)",
        "text_to_ignore": []
    },
    {
        "id": "af7c3d83-4516-46af-b6f2-b4da2c87ad96",
        "display": "test/10.png",
        "bbox": [
            "3230",
            "2216",
            "3993",
            "2256"
        ],
        "text": "+CPYO9-A YE WH 0.35 FLRY",
        "text_to_ignore": []
    },
    {
        "id": "01daa835-c9eb-4693-9fcc-eb8cc7c1583d",
        "display": "test/10.png",
        "bbox": [
            "3274",
            "2274",
            "3856",
            "2316"
        ],
        "text": "920.0 3486408-XX (W)",
        "text_to_ignore": []
    },
    {
        "id": "b8a59dcb-f733-46f7-a12a-0c8921c4ed26",
        "display": "test/10.png",
        "bbox": [
            "3304",
            "2366",
            "3980",
            "2404"
        ],
        "text": "+CPY10-A YE 0.35 FLRY",
        "text_to_ignore": []
    },
    {
        "id": "d3238c7c-d0d8-407c-a021-201c7166f477",
        "display": "test/10.png",
        "bbox": [
            "3350",
            "2423",
            "3930",
            "2464"
        ],
        "text": "920.0 3486408-XX (W)",
        "text_to_ignore": []
    },
    {
        "id": "64852abe-e990-4d61-8d7a-08f4b2e119a8",
        "display": "test/10.png",
        "bbox": [
            "4532",
            "1416",
            "5144",
            "1470"
        ],
        "text": "TWIST-CAN CPY01-B",
        "text_to_ignore": []
    },
    {
        "id": "f9573dcf-62bf-4294-8147-fc648066d39d",
        "display": "test/10.png",
        "bbox": [
            "4532",
            "2316",
            "5144",
            "2370"
        ],
        "text": "TWIST-CAN CPY09-B",
        "text_to_ignore": []
    },
    {
        "id": "32495159-94b6-4bac-a6ca-5af1602e6ada",
        "display": "test/10.png",
        "bbox": [
            "5388",
            "1318",
            "5814",
            "1370"
        ],
        "text": "X025-F1 CAN",
        "text_to_ignore": []
    },
    {
        "id": "b6b7f188-8be3-41ae-a924-573fae868b86",
        "display": "test/10.png",
        "bbox": [
            "5391",
            "1374",
            "5800",
            "1420"
        ],
        "text": "PARTY CAN P",
        "text_to_ignore": []
    },
    {
        "id": "320ce513-8aae-4e22-82ca-7006a31301bf",
        "display": "test/10.png",
        "bbox": [
            "5388",
            "1468",
            "5816",
            "1520"
        ],
        "text": "X025-E1 CAN",
        "text_to_ignore": []
    },
    {
        "id": "7ca0989b-6e5a-4093-b647-5d518430e9f6",
        "display": "test/10.png",
        "bbox": [
            "5392",
            "1522",
            "5809",
            "1576"
        ],
        "text": "PARTY CAN N",
        "text_to_ignore": []
    },
    {
        "id": "76c14402-2f82-4d8d-bbdc-3e2423d26720",
        "display": "test/10.png",
        "bbox": [
            "5388",
            "2218",
            "5826",
            "2270"
        ],
        "text": "X025-H4 CAN",
        "text_to_ignore": []
    },
    {
        "id": "0c87e157-3b8f-4fbc-a998-0e6efe9bc066",
        "display": "test/10.png",
        "bbox": [
            "5392",
            "2271",
            "5801",
            "2326"
        ],
        "text": "PARTY CAN P",
        "text_to_ignore": []
    },
    {
        "id": "8db55789-0298-44e6-93fd-be7ea49c1f9e",
        "display": "test/10.png",
        "bbox": [
            "5388",
            "2368",
            "5826",
            "2420"
        ],
        "text": "X025-G4 CAN",
        "text_to_ignore": []
    },
    {
        "id": "cae98e17-27e0-4ebd-b9f4-6e8f32337b39",
        "display": "test/10.png",
        "bbox": [
            "5392",
            "2422",
            "5809",
            "2476"
        ],
        "text": "PARTY CAN N",
        "text_to_ignore": []
    },
    {
        "id": "2dbe39df-e465-45fd-aee1-100e8e82b3df",
        "display": "test/10.png",
        "bbox": [
            "5080",
            "2464",
            "5268",
            "2498"
        ],
        "text": "X025",
        "text_to_ignore": []
    },
    {
        "id": "cbf17920-1fc8-4be1-bba6-9e38e6d0ae5e",
        "display": "test/10.png",
        "bbox": [
            "6495",
            "1317",
            "6932",
            "1367"
        ],
        "text": "X025-G2 CAN",
        "text_to_ignore": []
    },
    {
        "id": "acff71b9-87ca-47d9-a1fd-5d06e6d4b5fb",
        "display": "test/10.png",
        "bbox": [
            "6524",
            "1376",
            "6932",
            "1418"
        ],
        "text": "PARTY CAN P",
        "text_to_ignore": []
    },
    {
        "id": "0f057154-5f01-419f-a4ac-8edd35480953",
        "display": "test/10.png",
        "bbox": [
            "7180",
            "1416",
            "7790",
            "1470"
        ],
        "text": "TWIST-CAN CPY07-B",
        "text_to_ignore": []
    },
    {
        "id": "19643867-dd61-4270-98ac-a599d54bc669",
        "display": "test/10.png",
        "bbox": [
            "6508",
            "1468",
            "6932",
            "1520"
        ],
        "text": "X025-F2 CAN",
        "text_to_ignore": []
    },
    {
        "id": "bddd1260-f9f7-447d-a7ae-157eb87bffcd",
        "display": "test/10.png",
        "bbox": [
            "6514",
            "1523",
            "6933",
            "1576"
        ],
        "text": "PARTY CAN N",
        "text_to_ignore": []
    },
    {
        "id": "e25aa478-1740-4edd-9abf-5eba49a22847",
        "display": "test/10.png",
        "bbox": [
            "6493",
            "2218",
            "6932",
            "2270"
        ],
        "text": "X025-H3 CAN",
        "text_to_ignore": []
    },
    {
        "id": "9a59ae7c-4eba-43f5-bafc-19ad47d49f25",
        "display": "test/10.png",
        "bbox": [
            "6524",
            "2273",
            "6933",
            "2326"
        ],
        "text": "PARTY CAN P",
        "text_to_ignore": []
    },
    {
        "id": "3b50a853-04f6-4844-9e4a-db8d6aa0ed37",
        "display": "test/10.png",
        "bbox": [
            "7180",
            "2316",
            "7796",
            "2370"
        ],
        "text": "TWIST-CAN CPY05-D",
        "text_to_ignore": []
    },
    {
        "id": "dfce8df2-2306-4821-ab30-32485c5f73bc",
        "display": "test/10.png",
        "bbox": [
            "6496",
            "2368",
            "6932",
            "2418"
        ],
        "text": "X025-G3 CAN",
        "text_to_ignore": []
    },
    {
        "id": "cb256159-542b-4275-9e1a-d024157fab47",
        "display": "test/10.png",
        "bbox": [
            "6516",
            "2423",
            "6933",
            "2476"
        ],
        "text": "PARTY CAN N",
        "text_to_ignore": []
    },
    {
        "id": "b8f4321a-0190-4403-a753-a8dba41775f5",
        "display": "test/10.png",
        "bbox": [
            "7052",
            "2462",
            "7238",
            "2498"
        ],
        "text": "X025",
        "text_to_ignore": []
    },
    {
        "id": "b48db891-6ae5-4578-bab1-2d9ca28bbe23",
        "display": "test/10.png",
        "bbox": [
            "8330",
            "1316",
            "9094",
            "1356"
        ],
        "text": "+CPYO7-A YE WH 0.35 FLRY",
        "text_to_ignore": []
    },
    {
        "id": "a5f7b464-a402-483f-87aa-9f84e389196b",
        "display": "test/10.png",
        "bbox": [
            "8373",
            "1373",
            "8956",
            "1416"
        ],
        "text": "643.0 3486408-XX (W)",
        "text_to_ignore": []
    },
    {
        "id": "17345a79-6dfb-4922-94fa-53f0f8442a6e",
        "display": "test/10.png",
        "bbox": [
            "8330",
            "1466",
            "9008",
            "1504"
        ],
        "text": "+CPY08-A YE 0.35 FLRY",
        "text_to_ignore": []
    },
    {
        "id": "f706512e-a7e9-47b0-9f8a-27285754b772",
        "display": "test/10.png",
        "bbox": [
            "8373",
            "1522",
            "8956",
            "1566"
        ],
        "text": "643.0 3486408-XX (W)",
        "text_to_ignore": []
    },
    {
        "id": "91fd652d-a111-47ca-8e4d-81dcd250f59f",
        "display": "test/10.png",
        "bbox": [
            "8330",
            "2216",
            "9092",
            "2256"
        ],
        "text": "+CPY05-A YE WH 0.35 FLRY",
        "text_to_ignore": []
    },
    {
        "id": "2080ff33-5e6c-4a97-9834-8fec89ccf890",
        "display": "test/10.png",
        "bbox": [
            "8336",
            "2274",
            "9072",
            "2316"
        ],
        "text": "DRLH 546.0 3486408-XX (W)",
        "text_to_ignore": []
    },
    {
        "id": "054ea01f-52d2-4710-942c-64f751e9ae0d",
        "display": "test/10.png",
        "bbox": [
            "8330",
            "2366",
            "9006",
            "2404"
        ],
        "text": "+CPY06-A YE 0.35 FLRY",
        "text_to_ignore": []
    },
    {
        "id": "7c5a67da-be56-4644-9cbf-9fb7308ff0cc",
        "display": "test/10.png",
        "bbox": [
            "8336",
            "2424",
            "9072",
            "2468"
        ],
        "text": "DRLH 546.0 3486408-XX (W)",
        "text_to_ignore": []
    },
    {
        "id": "944ebd0d-0902-4cfd-a111-529a6e9e32f0",
        "display": "test/10.png",
        "bbox": [
            "9630",
            "1416",
            "10244",
            "1470"
        ],
        "text": "TWIST-CAN CPY07-B",
        "text_to_ignore": []
    },
    {
        "id": "c1a2a482-ef0b-4bf8-acd8-9c9ff8990149",
        "display": "test/10.png",
        "bbox": [
            "9623",
            "2315",
            "10241",
            "2369"
        ],
        "text": "TWIST-CAN CPY05-D",
        "text_to_ignore": []
    },
    {
        "id": "e2fe2152-c479-4d9a-bce1-17f885ded727",
        "display": "test/10.png",
        "bbox": [
            "10489",
            "1314",
            "10916",
            "1366"
        ],
        "text": "X106-26 CAN",
        "text_to_ignore": []
    },
    {
        "id": "8490e955-2ab6-4183-a6ee-3c2461033844",
        "display": "test/10.png",
        "bbox": [
            "10490",
            "1375",
            "10990",
            "1431"
        ],
        "text": "CAN + P Party Bus",
        "text_to_ignore": []
    },
    {
        "id": "414ff4ce-982c-478e-963e-cc5c65da0dd1",
        "display": "test/10.png",
        "bbox": [
            "10490",
            "1466",
            "10916",
            "1516"
        ],
        "text": "X106-14 CAN",
        "text_to_ignore": []
    },
    {
        "id": "6a784715-9957-4cc7-b8fe-aeb7ff38f858",
        "display": "test/10.png",
        "bbox": [
            "10490",
            "1526",
            "10986",
            "1581"
        ],
        "text": "CAN - N Party Bus",
        "text_to_ignore": []
    },
    {
        "id": "1efa7478-5a46-4157-a065-4e491f942df0",
        "display": "test/10.png",
        "bbox": [
            "10190",
            "1562",
            "10368",
            "1598"
        ],
        "text": "X106'\u2014",
        "text_to_ignore": []
    },
    {
        "id": "9dc27455-cce3-4c2f-b6b2-b4e5bbc82fbf",
        "display": "test/10.png",
        "bbox": [
            "10430",
            "2007",
            "11208",
            "2076"
        ],
        "text": "iBooster ECU & DTS",
        "text_to_ignore": []
    },
    {
        "id": "3da06694-661e-40d9-8bf5-2aa942196d8e",
        "display": "test/10.png",
        "bbox": [
            "10660",
            "2090",
            "11154",
            "2156"
        ],
        "text": "X117 X109",
        "text_to_ignore": []
    },
    {
        "id": "aa9d717e-dccc-433c-8460-4bfdf3261f45",
        "display": "test/10.png",
        "bbox": [
            "10489",
            "2216",
            "10916",
            "2266"
        ],
        "text": "X117-18 CAN",
        "text_to_ignore": []
    },
    {
        "id": "33b720cd-fc1d-4f11-85ee-c151280a9af5",
        "display": "test/10.png",
        "bbox": [
            "10489",
            "2276",
            "11106",
            "2332"
        ],
        "text": "Party CAN1 Positive (+)",
        "text_to_ignore": []
    },
    {
        "id": "bb5e38f7-db00-4ed6-89dd-6265dfa2a1a9",
        "display": "test/10.png",
        "bbox": [
            "10490",
            "2368",
            "10916",
            "2416"
        ],
        "text": "X117-10 CAN",
        "text_to_ignore": []
    },
    {
        "id": "8340a7e5-1092-4af6-ad67-214956e74468",
        "display": "test/10.png",
        "bbox": [
            "10489",
            "2425",
            "11118",
            "2483"
        ],
        "text": "Party CAN1 Negative (-)",
        "text_to_ignore": []
    },
    {
        "id": "0dc06281-57c6-4d7a-8c21-82e94053cedc",
        "display": "test/10.png",
        "bbox": [
            "10190",
            "2464",
            "10366",
            "2498"
        ],
        "text": "X117",
        "text_to_ignore": []
    },
    {
        "id": "2d99880f-44c3-437f-924e-11e370a04d22",
        "display": "test/10.png",
        "bbox": [
            "388",
            "3580",
            "1328",
            "3648"
        ],
        "text": "Restraint Control Module",
        "text_to_ignore": []
    },
    {
        "id": "b445678b-ec1a-44d1-869b-16b33e03ea7f",
        "display": "test/10.png",
        "bbox": [
            "631",
            "3663",
            "1118",
            "3729"
        ],
        "text": "X200 X201",
        "text_to_ignore": []
    },
    {
        "id": "76739be5-def0-440c-b2f4-adb62d7fdc26",
        "display": "test/10.png",
        "bbox": [
            "1330",
            "3791",
            "1757",
            "3837"
        ],
        "text": "X201-72 CAN",
        "text_to_ignore": []
    },
    {
        "id": "8526784b-8156-4532-9062-37342e9254c6",
        "display": "test/10.png",
        "bbox": [
            "3192",
            "3789",
            "3956",
            "3831"
        ],
        "text": "+CPY11-A YE WH 0.35 FLRY",
        "text_to_ignore": []
    },
    {
        "id": "a7d3db13-d2ff-46bf-a9da-383894a9a187",
        "display": "test/10.png",
        "bbox": [
            "4532",
            "3216",
            "5144",
            "3270"
        ],
        "text": "TWIST-CAN CPY09-B",
        "text_to_ignore": []
    },
    {
        "id": "76615516-998f-4752-9210-00663e8f2612",
        "display": "test/10.png",
        "bbox": [
            "5337",
            "2831",
            "6114",
            "2911"
        ],
        "text": "Body Controller Left",
        "text_to_ignore": []
    },
    {
        "id": "bb4343d0-0ab7-42cf-b6e0-09ea15e35747",
        "display": "test/10.png",
        "bbox": [
            "5740",
            "2915",
            "6350",
            "2982"
        ],
        "text": "X030A B X031",
        "text_to_ignore": []
    },
    {
        "id": "e77473a4-fcbf-4187-9a39-f1f02ea5afd8",
        "display": "test/10.png",
        "bbox": [
            "5387",
            "3117",
            "5818",
            "3167"
        ],
        "text": "X037-17 CAN",
        "text_to_ignore": []
    },
    {
        "id": "ac80f357-1004-4d2d-ada8-9c91334d2ed6",
        "display": "test/10.png",
        "bbox": [
            "5391",
            "3174",
            "5800",
            "3226"
        ],
        "text": "PARTY CAN P",
        "text_to_ignore": []
    },
    {
        "id": "e027858d-611f-4433-acfb-8243cf621371",
        "display": "test/10.png",
        "bbox": [
            "5388",
            "3268",
            "5818",
            "3320"
        ],
        "text": "X037-16 CAN",
        "text_to_ignore": []
    },
    {
        "id": "797d2cac-e0cf-4292-91a2-22b761c548dd",
        "display": "test/10.png",
        "bbox": [
            "5392",
            "3326",
            "5808",
            "3372"
        ],
        "text": "PARTY CAN N",
        "text_to_ignore": []
    },
    {
        "id": "99c38237-4f34-4757-9ba9-0304d754f57b",
        "display": "test/10.png",
        "bbox": [
            "5080",
            "3362",
            "5266",
            "3398"
        ],
        "text": "X037",
        "text_to_ignore": []
    },
    {
        "id": "1c63acbd-e553-4195-b2b5-441d963c55e9",
        "display": "test/10.png",
        "bbox": [
            "5388",
            "3792",
            "5852",
            "3838"
        ],
        "text": "X030A-13 CAN",
        "text_to_ignore": []
    },
    {
        "id": "a87f109d-6225-4963-97b5-55ba3eaf315e",
        "display": "test/10.png",
        "bbox": [
            "6350",
            "2912",
            "8422",
            "2983"
        ],
        "text": "X032 X034 X038A B X039 X037 X033A B X035 X036",
        "text_to_ignore": []
    },
    {
        "id": "acfdc77a-074f-4f57-abb3-28cc0262af39",
        "display": "test/10.png",
        "bbox": [
            "6580",
            "3792",
            "7006",
            "3838"
        ],
        "text": "X035-27 CAN",
        "text_to_ignore": []
    },
    {
        "id": "b20ec8f1-3f55-4491-b1d4-0a8875c7d66c",
        "display": "test/10.png",
        "bbox": [
            "8365",
            "3788",
            "9132",
            "3831"
        ],
        "text": "+CPY13-A YE WH 0.35 FLRY",
        "text_to_ignore": []
    },
    {
        "id": "cfacdf77-f8de-4269-a2ee-15e24f9de49e",
        "display": "test/10.png",
        "bbox": [
            "10438",
            "3508",
            "11646",
            "3588"
        ],
        "text": "Diagnostic CAN Port #2 - PARTY",
        "text_to_ignore": []
    },
    {
        "id": "1872e1a8-c53a-4625-ac65-8b0f200ab59c",
        "display": "test/10.png",
        "bbox": [
            "10490",
            "3792",
            "10888",
            "3838"
        ],
        "text": "X433-1 CAN",
        "text_to_ignore": []
    },
    {
        "id": "2b1c5abc-daae-4e44-865e-8abee12b7692",
        "display": "test/10.png",
        "bbox": [
            "388",
            "4332",
            "1256",
            "4396"
        ],
        "text": "Hazard + PRND Switch",
        "text_to_ignore": []
    },
    {
        "id": "31ff00bd-0de8-4ffb-b017-c485b5365d84",
        "display": "test/10.png",
        "bbox": [
            "586",
            "4416",
            "894",
            "4480"
        ],
        "text": "1138",
        "text_to_ignore": []
    },
    {
        "id": "0e6ca909-b126-4ddd-b2cc-2a2e46f01c50",
        "display": "test/10.png",
        "bbox": [
            "1306",
            "3852",
            "1758",
            "3900"
        ],
        "text": "CAN2H (Private)",
        "text_to_ignore": []
    },
    {
        "id": "d20ecb36-c59c-4f40-9ade-9ffccf7a4698",
        "display": "test/10.png",
        "bbox": [
            "2006",
            "3892",
            "2608",
            "3946"
        ],
        "text": "TWIST-CAN CPY11-B",
        "text_to_ignore": []
    },
    {
        "id": "0ee14328-8890-4885-91ad-14cbd279f785",
        "display": "test/10.png",
        "bbox": [
            "1330",
            "3942",
            "1758",
            "3990"
        ],
        "text": "X201-71 CAN",
        "text_to_ignore": []
    },
    {
        "id": "f2d33550-d3a8-4ef1-abca-a0c8e3da74a2",
        "display": "test/10.png",
        "bbox": [
            "1318",
            "4002",
            "1758",
            "4050"
        ],
        "text": "CAN2L (Private)",
        "text_to_ignore": []
    },
    {
        "id": "585f70be-434b-4d27-94b0-790d19b68449",
        "display": "test/10.png",
        "bbox": [
            "1876",
            "4036",
            "2062",
            "4072"
        ],
        "text": "\u2014 X201",
        "text_to_ignore": []
    },
    {
        "id": "5bbc8d1b-1084-44a1-bc60-fb4f75d088ad",
        "display": "test/10.png",
        "bbox": [
            "1330",
            "4540",
            "3094",
            "4590"
        ],
        "text": "X1138-2CAN +CPY23-A YE WH 0.35 FLRY",
        "text_to_ignore": []
    },
    {
        "id": "8b053dd2-aec4-4eec-9961-2e034de35325",
        "display": "test/10.png",
        "bbox": [
            "1526",
            "4597",
            "2944",
            "4642"
        ],
        "text": "CAN+ \u2014 780.0 = 2486396-XX (C)",
        "text_to_ignore": []
    },
    {
        "id": "cfe3e2d7-8211-4053-af91-c0729edbf005",
        "display": "test/10.png",
        "bbox": [
            "2004",
            "4640",
            "2486",
            "4688"
        ],
        "text": "TWIST CPY23-B",
        "text_to_ignore": []
    },
    {
        "id": "1476df1c-4cf2-488d-b05e-55e58c4c5daf",
        "display": "test/10.png",
        "bbox": [
            "1330",
            "4674",
            "3544",
            "4740"
        ],
        "text": "PVVIOT NT roo v PVVIOT NF roo X1138-3 CAN A +CPY24-A YE 0.35 FLRY X982M AL",
        "text_to_ignore": []
    },
    {
        "id": "ec2683b9-2f55-4d2b-8d41-7a93e9eba2c7",
        "display": "test/10.png",
        "bbox": [
            "1540",
            "4748",
            "2944",
            "4794"
        ],
        "text": "CAN- - 780.0 2486396-XxX (C) Vv41490",
        "text_to_ignore": []
    },
    {
        "id": "44022ea3-d1af-46b4-abfd-62bc41232a46",
        "display": "test/10.png",
        "bbox": [
            "1876",
            "4786",
            "2086",
            "4822"
        ],
        "text": "X1138",
        "text_to_ignore": []
    },
    {
        "id": "0ce5ac6e-c447-4148-8efd-4505a403fa1b",
        "display": "test/10.png",
        "bbox": [
            "3240",
            "3848",
            "3832",
            "3892"
        ],
        "text": "1460.0 3486394-XX (A)",
        "text_to_ignore": []
    },
    {
        "id": "5a98f943-7240-4399-8b04-49e41241cd93",
        "display": "test/10.png",
        "bbox": [
            "3191",
            "3938",
            "3869",
            "3981"
        ],
        "text": "+CPY12-A YE 0.35 FLRY",
        "text_to_ignore": []
    },
    {
        "id": "fce40592-6ae0-408b-8a95-8aff6321fea5",
        "display": "test/10.png",
        "bbox": [
            "3240",
            "3998",
            "3832",
            "4042"
        ],
        "text": "1460.0 3486394-XX (A)",
        "text_to_ignore": []
    },
    {
        "id": "445995e9-e5a8-448e-a334-15353a4f8638",
        "display": "test/10.png",
        "bbox": [
            "3309",
            "4522",
            "3544",
            "4565"
        ],
        "text": "X982M",
        "text_to_ignore": []
    },
    {
        "id": "9bb0cfc1-feb4-4cc6-907c-b4880cb2dadd",
        "display": "test/10.png",
        "bbox": [
            "3602",
            "4526",
            "3826",
            "4564"
        ],
        "text": "X982F",
        "text_to_ignore": []
    },
    {
        "id": "244e3942-2448-48b0-8a58-c8a8d07ed2e3",
        "display": "test/10.png",
        "bbox": [
            "3458",
            "4578",
            "3694",
            "4616"
        ],
        "text": "\u201414 14\u2014",
        "text_to_ignore": []
    },
    {
        "id": "1fbb1f14-358e-4fb9-9985-0a7f08e36e92",
        "display": "test/10.png",
        "bbox": [
            "2862",
            "4633",
            "3345",
            "4694"
        ],
        "text": "TWIST CPY23-B r s",
        "text_to_ignore": []
    },
    {
        "id": "064c2703-1fb7-4107-95d2-9f1911424228",
        "display": "test/10.png",
        "bbox": [
            "3456",
            "4726",
            "3694",
            "4766"
        ],
        "text": "\u201415 15\u2014",
        "text_to_ignore": []
    },
    {
        "id": "87fad792-7b79-42be-b2b8-437ba10860cb",
        "display": "test/10.png",
        "bbox": [
            "4532",
            "3892",
            "5144",
            "3946"
        ],
        "text": "TWIST-CAN CPY11-B",
        "text_to_ignore": []
    },
    {
        "id": "2204dc0d-33c3-469c-a686-970751ef70e6",
        "display": "test/10.png",
        "bbox": [
            "4055",
            "4539",
            "4816",
            "4580"
        ],
        "text": "+CPY23-B YE WH 0.35 FLRY",
        "text_to_ignore": []
    },
    {
        "id": "896b90a0-3ec6-4277-a728-e88eb4c37218",
        "display": "test/10.png",
        "bbox": [
            "4104",
            "4597",
            "4696",
            "4642"
        ],
        "text": "1932.0 3486394-XX (A) = ash",
        "text_to_ignore": []
    },
    {
        "id": "79887c10-94b2-4d75-ad26-4bdc01e715aa",
        "display": "test/10.png",
        "bbox": [
            "3804",
            "4638",
            "5146",
            "4690"
        ],
        "text": "TWIST-CAN CPY23-C = TWIST-CAN CPY23-C",
        "text_to_ignore": []
    },
    {
        "id": "55281ae5-50b5-494f-92f9-3090d4ec2a7e",
        "display": "test/10.png",
        "bbox": [
            "4056",
            "4684",
            "4728",
            "4730"
        ],
        "text": "\u2014\u2014\u2014 \u2014 seo +CPY24-B YE 0.35 FLRY",
        "text_to_ignore": []
    },
    {
        "id": "1a0a7488-3a97-4c90-ac39-23463be01f9e",
        "display": "test/10.png",
        "bbox": [
            "4104",
            "4748",
            "4696",
            "4792"
        ],
        "text": "1932.0 3486394-XX (A)",
        "text_to_ignore": []
    },
    {
        "id": "142380c2-2075-4a32-ba10-67f0fd7ac293",
        "display": "test/10.png",
        "bbox": [
            "5392",
            "3849",
            "5800",
            "3896"
        ],
        "text": "PARTY CAN P",
        "text_to_ignore": []
    },
    {
        "id": "fc1cab13-9c87-4b91-a92a-f2c934e2ab2d",
        "display": "test/10.png",
        "bbox": [
            "5387",
            "3939",
            "5824",
            "3997"
        ],
        "text": "X030A-1 CAN",
        "text_to_ignore": []
    },
    {
        "id": "885e2530-d819-4f79-93fa-0fc4e51987f7",
        "display": "test/10.png",
        "bbox": [
            "5392",
            "4002",
            "5808",
            "4046"
        ],
        "text": "PARTY CAN N",
        "text_to_ignore": []
    },
    {
        "id": "74efb294-9a77-4f33-a14d-9c32763d4fc2",
        "display": "test/10.png",
        "bbox": [
            "5387",
            "4540",
            "5852",
            "4596"
        ],
        "text": "X030A-14 CAN",
        "text_to_ignore": []
    },
    {
        "id": "cf7fe85f-5076-455b-b66e-b5dd8d211b67",
        "display": "test/10.png",
        "bbox": [
            "5392",
            "4600",
            "5800",
            "4650"
        ],
        "text": "PARTY CAN P",
        "text_to_ignore": []
    },
    {
        "id": "2b7b5d3e-f9d0-4d02-b331-e24ca22d3c70",
        "display": "test/10.png",
        "bbox": [
            "5388",
            "4692",
            "5824",
            "4744"
        ],
        "text": "X030A-2 CAN",
        "text_to_ignore": []
    },
    {
        "id": "748bc0a8-0f9e-4566-a7c0-fe6b1bcd4881",
        "display": "test/10.png",
        "bbox": [
            "5392",
            "4752",
            "5808",
            "4796"
        ],
        "text": "PARTY CAN N",
        "text_to_ignore": []
    },
    {
        "id": "dc334ef1-054d-4a20-aa01-647e7fbc1cf1",
        "display": "test/10.png",
        "bbox": [
            "6598",
            "3852",
            "7008",
            "3894"
        ],
        "text": "PARTY CAN P",
        "text_to_ignore": []
    },
    {
        "id": "8b14211f-3e35-4f95-8629-9c43d49cafd1",
        "display": "test/10.png",
        "bbox": [
            "7254",
            "3890",
            "7868",
            "3946"
        ],
        "text": "TWIST-CAN CPY13-A",
        "text_to_ignore": []
    },
    {
        "id": "e0921c7b-5c06-4992-b331-de6cea175ca8",
        "display": "test/10.png",
        "bbox": [
            "6580",
            "3940",
            "7007",
            "3994"
        ],
        "text": "X035-26 CAN",
        "text_to_ignore": []
    },
    {
        "id": "90bd6c54-bf5b-4336-92e0-cbb00ad51ac8",
        "display": "test/10.png",
        "bbox": [
            "6590",
            "4000",
            "7006",
            "4050"
        ],
        "text": "PARTY CAN N",
        "text_to_ignore": []
    },
    {
        "id": "cb84dc24-5bc4-4cf6-9932-1545e8584c84",
        "display": "test/10.png",
        "bbox": [
            "6578",
            "4541",
            "7006",
            "4589"
        ],
        "text": "X035-43 CAN",
        "text_to_ignore": []
    },
    {
        "id": "f6b01232-31ee-4865-bd89-6d90e6fa1d8d",
        "display": "test/10.png",
        "bbox": [
            "6598",
            "4595",
            "7009",
            "4652"
        ],
        "text": "PARTY CAN P",
        "text_to_ignore": []
    },
    {
        "id": "b611de2e-144f-46c9-b2b8-121159fc7732",
        "display": "test/10.png",
        "bbox": [
            "7254",
            "4640",
            "7867",
            "4694"
        ],
        "text": "TWIST-CAN CPY19-A",
        "text_to_ignore": []
    },
    {
        "id": "3cfb88cf-93ca-4bd7-8176-a7541b2d5a64",
        "display": "test/10.png",
        "bbox": [
            "6580",
            "4692",
            "7006",
            "4740"
        ],
        "text": "X035-42 CAN",
        "text_to_ignore": []
    },
    {
        "id": "891076ad-18ce-437a-b3f0-37f82cca5d07",
        "display": "test/10.png",
        "bbox": [
            "6590",
            "4752",
            "7006",
            "4800"
        ],
        "text": "PARTY CAN N",
        "text_to_ignore": []
    },
    {
        "id": "ca89e691-b254-4009-aa58-4222ec61f719",
        "display": "test/10.png",
        "bbox": [
            "7128",
            "4786",
            "7314",
            "4822"
        ],
        "text": "'X035",
        "text_to_ignore": []
    },
    {
        "id": "1c43220b-3afc-4ef0-be3f-78ec209a9831",
        "display": "test/10.png",
        "bbox": [
            "8412",
            "3848",
            "9110",
            "3894"
        ],
        "text": "2207.201561 3486401-XX (J)",
        "text_to_ignore": []
    },
    {
        "id": "4f29c519-657d-4231-ae61-2817ee1a8676",
        "display": "test/10.png",
        "bbox": [
            "8366",
            "3938",
            "9042",
            "3980"
        ],
        "text": "+CPY14-A YE 0.35 FLRY",
        "text_to_ignore": []
    },
    {
        "id": "f13b4ba9-2124-4589-85d0-280df33e6df9",
        "display": "test/10.png",
        "bbox": [
            "8412",
            "3998",
            "9110",
            "4044"
        ],
        "text": "2207.201561 3486401-XX (J)",
        "text_to_ignore": []
    },
    {
        "id": "96a0cda2-8ff6-418f-ab58-5a010382934b",
        "display": "test/10.png",
        "bbox": [
            "8351",
            "4538",
            "9146",
            "4581"
        ],
        "text": "++CPY19-A YE WH 0.35 FLRY",
        "text_to_ignore": []
    },
    {
        "id": "794ddfd3-43ea-42d2-ae3c-a5e87c84fbca",
        "display": "test/10.png",
        "bbox": [
            "8398",
            "4598",
            "9096",
            "4644"
        ],
        "text": "2213.213592 3486401-XX (J)",
        "text_to_ignore": []
    },
    {
        "id": "c0725635-4e09-498f-b964-ab7e22540c12",
        "display": "test/10.png",
        "bbox": [
            "8354",
            "4690",
            "9058",
            "4730"
        ],
        "text": "++CPY20-A YE 0.35 FLRY",
        "text_to_ignore": []
    },
    {
        "id": "5ef4082e-1156-43dd-8be5-84c3008ccc70",
        "display": "test/10.png",
        "bbox": [
            "8398",
            "4748",
            "9096",
            "4794"
        ],
        "text": "2213.213592 3486401-XX (J)",
        "text_to_ignore": []
    },
    {
        "id": "b6513b0a-acfe-4d6d-8e82-a3c542bcdf6f",
        "display": "test/10.png",
        "bbox": [
            "9628",
            "3884",
            "10243",
            "3946"
        ],
        "text": "TWIST-CAN CPY13-A",
        "text_to_ignore": []
    },
    {
        "id": "933ebfc2-db72-479f-a448-a3a116256b4a",
        "display": "test/10.png",
        "bbox": [
            "9627",
            "4640",
            "10241",
            "4694"
        ],
        "text": "TWIST-CAN CPY19-A",
        "text_to_ignore": []
    },
    {
        "id": "39157be0-2595-4853-9325-b5e8e1e16108",
        "display": "test/10.png",
        "bbox": [
            "10490",
            "3852",
            "10886",
            "3894"
        ],
        "text": "PARTY CAN P",
        "text_to_ignore": []
    },
    {
        "id": "5d2e6893-a933-4349-acc8-341cb4170d6e",
        "display": "test/10.png",
        "bbox": [
            "10490",
            "3942",
            "10888",
            "3990"
        ],
        "text": "X433-2 CAN",
        "text_to_ignore": []
    },
    {
        "id": "c35cf6d6-e65a-4fd4-86bf-6544417a7339",
        "display": "test/10.png",
        "bbox": [
            "10490",
            "4002",
            "10894",
            "4044"
        ],
        "text": "PARTY CAN N",
        "text_to_ignore": []
    },
    {
        "id": "0daebe34-926f-48a3-b2c7-357a1c7ffccb",
        "display": "test/10.png",
        "bbox": [
            "10190",
            "4036",
            "10368",
            "4072"
        ],
        "text": "X433)",
        "text_to_ignore": []
    },
    {
        "id": "5570bdc3-9d37-42e5-aaa6-baf1aa076ee1",
        "display": "test/10.png",
        "bbox": [
            "10428",
            "4162",
            "11924",
            "4244"
        ],
        "text": "Access: remove center console RHS panel",
        "text_to_ignore": []
    },
    {
        "id": "d2e0ed8b-1a65-4b04-bde4-d92ad20168f2",
        "display": "test/10.png",
        "bbox": [
            "10438",
            "4334",
            "10856",
            "4412"
        ],
        "text": "Autopilot",
        "text_to_ignore": []
    },
    {
        "id": "347438a4-aa0f-4021-b991-38c076bb6be5",
        "display": "test/10.png",
        "bbox": [
            "11000",
            "4414",
            "12848",
            "4480"
        ],
        "text": "X149 X150 X838 X839 X835 X865 X836 X828",
        "text_to_ignore": []
    },
    {
        "id": "9569b9f0-c760-4dbc-a7b0-29d301c1a824",
        "display": "test/10.png",
        "bbox": [
            "10489",
            "4541",
            "10916",
            "4589"
        ],
        "text": "X150-15 CAN",
        "text_to_ignore": []
    },
    {
        "id": "e352e77f-bf92-4822-8bea-97408a1db47a",
        "display": "test/10.png",
        "bbox": [
            "10490",
            "4602",
            "10976",
            "4644"
        ],
        "text": "PARTY-CAN-H-Ex",
        "text_to_ignore": []
    },
    {
        "id": "e7b304e6-882f-497e-8796-d2fd451de401",
        "display": "test/10.png",
        "bbox": [
            "10489",
            "4692",
            "10916",
            "4740"
        ],
        "text": "X150-16 CAN",
        "text_to_ignore": []
    },
    {
        "id": "f832b979-0a2d-41ee-9c13-0008e0dd414f",
        "display": "test/10.png",
        "bbox": [
            "10489",
            "4752",
            "10961",
            "4794"
        ],
        "text": "PARTY-CAN-L-Ex",
        "text_to_ignore": []
    },
    {
        "id": "7e4d6ac7-7342-4377-9d9b-b806f5867650",
        "display": "test/10.png",
        "bbox": [
            "10190",
            "4788",
            "10368",
            "4822"
        ],
        "text": "X150",
        "text_to_ignore": []
    },
    {
        "id": "e197183b-667a-47bc-a626-28c165e8211d",
        "display": "test/10.png",
        "bbox": [
            "3094",
            "5124",
            "3318",
            "5162"
        ],
        "text": "X987F",
        "text_to_ignore": []
    },
    {
        "id": "67ddc6ae-3f33-44e2-9a94-241b0b0f6da0",
        "display": "test/10.png",
        "bbox": [
            "3378",
            "5124",
            "3612",
            "5162"
        ],
        "text": "- X987M",
        "text_to_ignore": []
    },
    {
        "id": "d14209e2-afc7-4356-9c1d-852cd119e854",
        "display": "test/10.png",
        "bbox": [
            "2510",
            "5240",
            "4196",
            "5302"
        ],
        "text": "TWIST-CAN CPY15-D ogre 1 xgg7yy PWIST-CAN CPY15-C",
        "text_to_ignore": []
    },
    {
        "id": "b750ec12-e1e8-41ad-b31d-98c51a770870",
        "display": "test/10.png",
        "bbox": [
            "3094",
            "5274",
            "3318",
            "5314"
        ],
        "text": "X987F \u2014",
        "text_to_ignore": []
    },
    {
        "id": "00218123-c351-40ea-aff7-d36167e2e34a",
        "display": "test/10.png",
        "bbox": [
            "3232",
            "6039",
            "3992",
            "6081"
        ],
        "text": "+CPY15-B YE WH 0.35 FLRY",
        "text_to_ignore": []
    },
    {
        "id": "13dcb6b6-ad5a-414f-8ef5-a9492b4cfaad",
        "display": "test/10.png",
        "bbox": [
            "3277",
            "6098",
            "3868",
            "6142"
        ],
        "text": "1521.0 3486395-XX (B)",
        "text_to_ignore": []
    },
    {
        "id": "8068bbdc-d690-4bb4-a552-6ff812cb7d10",
        "display": "test/10.png",
        "bbox": [
            "3343",
            "6188",
            "4015",
            "6230"
        ],
        "text": "+CPY16-B YE 0.35 FLRY",
        "text_to_ignore": []
    },
    {
        "id": "b18cf6fa-f3c9-4866-af3d-6995cb600997",
        "display": "test/10.png",
        "bbox": [
            "3392",
            "6248",
            "3980",
            "6290"
        ],
        "text": "1521.0 3486395-XX (B)",
        "text_to_ignore": []
    },
    {
        "id": "b740af9f-8686-4880-972e-06df0277e08f",
        "display": "test/10.png",
        "bbox": [
            "3942",
            "5138",
            "4706",
            "5181"
        ],
        "text": "+CPY15-A YE WH 0.35 FLRY",
        "text_to_ignore": []
    },
    {
        "id": "c939e23a-3a12-4fc0-b69e-05d740f91491",
        "display": "test/10.png",
        "bbox": [
            "3988",
            "5198",
            "4582",
            "5244"
        ],
        "text": "2471.0 3486394-XX (A) \u2014risjJA rT",
        "text_to_ignore": []
    },
    {
        "id": "62cc19bc-8274-4a65-8d84-2a8dc14d9515",
        "display": "test/10.png",
        "bbox": [
            "4528",
            "5240",
            "5146",
            "5294"
        ],
        "text": "TWIST-CAN CPY15-C",
        "text_to_ignore": []
    },
    {
        "id": "ea50cbbe-50cf-491c-9564-9b46659531d6",
        "display": "test/10.png",
        "bbox": [
            "3941",
            "5287",
            "4617",
            "5331"
        ],
        "text": "+CPY16-A YE 0.35. FLRY",
        "text_to_ignore": []
    },
    {
        "id": "db41ef75-e195-4000-a797-a2e9b261be13",
        "display": "test/10.png",
        "bbox": [
            "3988",
            "5348",
            "4582",
            "5392"
        ],
        "text": "2471.0 3486394-XxX (A)",
        "text_to_ignore": []
    },
    {
        "id": "98eda362-9a8b-4468-8f67-3bcc3405d505",
        "display": "test/10.png",
        "bbox": [
            "4524",
            "6140",
            "5144",
            "6194"
        ],
        "text": "TWIST-CAN CPY15-D",
        "text_to_ignore": []
    },
    {
        "id": "2b75c3d8-8f2f-4d00-b1f8-79c383e4a3de",
        "display": "test/10.png",
        "bbox": [
            "5387",
            "5139",
            "5852",
            "5196"
        ],
        "text": "X030A-15 CAN",
        "text_to_ignore": []
    },
    {
        "id": "e659cd84-0e33-41fa-89bc-93a480bfb814",
        "display": "test/10.png",
        "bbox": [
            "5392",
            "5198",
            "5801",
            "5248"
        ],
        "text": "PARTY CAN P",
        "text_to_ignore": []
    },
    {
        "id": "8754212d-aa53-46ea-91bd-544c8d45ed5e",
        "display": "test/10.png",
        "bbox": [
            "5387",
            "5290",
            "5824",
            "5346"
        ],
        "text": "X030A-3 CAN",
        "text_to_ignore": []
    },
    {
        "id": "bce85c62-271e-4b98-9b97-868bea37f4ff",
        "display": "test/10.png",
        "bbox": [
            "5392",
            "5350",
            "5808",
            "5400"
        ],
        "text": "PARTY CAN N",
        "text_to_ignore": []
    },
    {
        "id": "f033d249-8fe9-4ace-8a81-e82c96a07a3a",
        "display": "test/10.png",
        "bbox": [
            "5070",
            "5386",
            "5266",
            "5422"
        ],
        "text": "X030A.",
        "text_to_ignore": []
    },
    {
        "id": "6f131cb7-923e-41e1-91cf-9eb2fc7815ab",
        "display": "test/10.png",
        "bbox": [
            "5337",
            "5831",
            "6169",
            "5911"
        ],
        "text": "Body Controller Right",
        "text_to_ignore": []
    },
    {
        "id": "d8f0b52c-5ebb-475e-9319-daabe8570f69",
        "display": "test/10.png",
        "bbox": [
            "5735",
            "5912",
            "8642",
            "5980"
        ],
        "text": "XO050A B X051 X052 X054 XO60A B X062 X053A B X055 X056 X058 X059",
        "text_to_ignore": []
    },
    {
        "id": "66004ab3-f332-4177-99fd-facaf31fde10",
        "display": "test/10.png",
        "bbox": [
            "5388",
            "6039",
            "5789",
            "6096"
        ],
        "text": "X052-1 CAN",
        "text_to_ignore": []
    },
    {
        "id": "7a992651-38e3-45ba-923c-1658358f98bd",
        "display": "test/10.png",
        "bbox": [
            "5392",
            "6102",
            "5800",
            "6150"
        ],
        "text": "PARTY CAN P",
        "text_to_ignore": []
    },
    {
        "id": "9ac4a6e4-9789-4d0f-8bca-c8b2d98084b0",
        "display": "test/10.png",
        "bbox": [
            "5387",
            "6190",
            "5818",
            "6247"
        ],
        "text": "X052-16 CAN",
        "text_to_ignore": []
    },
    {
        "id": "e1e9a62e-a220-4afb-992b-833b9a5617e6",
        "display": "test/10.png",
        "bbox": [
            "5392",
            "6252",
            "5808",
            "6298"
        ],
        "text": "PARTY CAN N",
        "text_to_ignore": []
    },
    {
        "id": "fdd1510d-e181-4bf4-a27b-ee1febb1d946",
        "display": "test/10.png",
        "bbox": [
            "6580",
            "6042",
            "7006",
            "6096"
        ],
        "text": "X057-13 CAN",
        "text_to_ignore": []
    },
    {
        "id": "2757ad5e-318a-4663-beed-82cbdae5144a",
        "display": "test/10.png",
        "bbox": [
            "6598",
            "6102",
            "7008",
            "6150"
        ],
        "text": "PARTY CAN P",
        "text_to_ignore": []
    },
    {
        "id": "4f52bc30-94f0-492e-9067-2dabf82c6bb2",
        "display": "test/10.png",
        "bbox": [
            "7254",
            "6140",
            "7868",
            "6194"
        ],
        "text": "TWIST-CAN CPY22-B",
        "text_to_ignore": []
    },
    {
        "id": "dec11eec-90b7-4ef6-8d2d-c33dcebe8622",
        "display": "test/10.png",
        "bbox": [
            "6578",
            "6189",
            "7007",
            "6245"
        ],
        "text": "X057-12 CAN",
        "text_to_ignore": []
    },
    {
        "id": "5ac48ac5-0da9-40ae-9f82-748c24900750",
        "display": "test/10.png",
        "bbox": [
            "6590",
            "6250",
            "7006",
            "6298"
        ],
        "text": "PARTY CAN N",
        "text_to_ignore": []
    },
    {
        "id": "c98ca9b8-4fd1-4388-b42d-225e70ea2ff3",
        "display": "test/10.png",
        "bbox": [
            "7128",
            "6286",
            "7312",
            "6322"
        ],
        "text": "\u2018X057",
        "text_to_ignore": []
    },
    {
        "id": "af577620-d07c-4442-b3be-82c3d2012ec8",
        "display": "test/10.png",
        "bbox": [
            "8215",
            "6038",
            "8980",
            "6081"
        ],
        "text": "+CPY21-A YE WH 0.35 FLRY",
        "text_to_ignore": []
    },
    {
        "id": "8321b372-13d0-421f-a900-f7729c80abb6",
        "display": "test/10.png",
        "bbox": [
            "8264",
            "6098",
            "8868",
            "6140"
        ],
        "text": "1462.0 3486408-XX (W)",
        "text_to_ignore": []
    },
    {
        "id": "a725213a-1bce-42a9-8e58-922ff1b738f4",
        "display": "test/10.png",
        "bbox": [
            "8142",
            "6189",
            "8818",
            "6230"
        ],
        "text": "+CPY22-A YE 0.35 FLRY",
        "text_to_ignore": []
    },
    {
        "id": "e2919702-268e-4948-9e53-52854b5c2e72",
        "display": "test/10.png",
        "bbox": [
            "8190",
            "6248",
            "8792",
            "6290"
        ],
        "text": "1462.0 3486408-XX (W)",
        "text_to_ignore": []
    },
    {
        "id": "04ba611a-aa46-4dc7-90f5-8bf3ad7bc776",
        "display": "test/10.png",
        "bbox": [
            "315",
            "6425",
            "973",
            "6514"
        ],
        "text": "MCU & Gateway",
        "text_to_ignore": []
    },
    {
        "id": "338cc9a6-36aa-4e93-9e9b-7fbfe9d6f287",
        "display": "test/10.png",
        "bbox": [
            "708",
            "6512",
            "3472",
            "6580"
        ],
        "text": "X452 X453 X454 X800 X803 X801 X804 X802 X829 X860 X862 X455",
        "text_to_ignore": []
    },
    {
        "id": "75f628bc-fe24-4b89-9699-3894e1335d6a",
        "display": "test/10.png",
        "bbox": [
            "1284",
            "6642",
            "1682",
            "6690"
        ],
        "text": "X454-5 CAN",
        "text_to_ignore": []
    },
    {
        "id": "88092384-eac3-43b1-a8c1-2ca55e9d4237",
        "display": "test/10.png",
        "bbox": [
            "1276",
            "6702",
            "1684",
            "6750"
        ],
        "text": "PARTY-CAN P",
        "text_to_ignore": []
    },
    {
        "id": "6f34a76e-dc4a-4c8d-a406-05476f00949c",
        "display": "test/10.png",
        "bbox": [
            "1930",
            "6740",
            "2544",
            "6794"
        ],
        "text": "TWIST-CAN CPY17-A",
        "text_to_ignore": []
    },
    {
        "id": "3b31917c-6a4f-4b0d-967b-c59aa8647bc0",
        "display": "test/10.png",
        "bbox": [
            "1284",
            "6792",
            "1682",
            "6840"
        ],
        "text": "X454-6 CAN",
        "text_to_ignore": []
    },
    {
        "id": "6ccecaeb-dbb7-4f22-b059-89f8aa58ce90",
        "display": "test/10.png",
        "bbox": [
            "1265",
            "6848",
            "1682",
            "6898"
        ],
        "text": "PARTY-CAN N",
        "text_to_ignore": []
    },
    {
        "id": "66e5367a-8949-42f7-85c0-69e19dfae040",
        "display": "test/10.png",
        "bbox": [
            "1802",
            "6886",
            "1990",
            "6922"
        ],
        "text": "X454",
        "text_to_ignore": []
    },
    {
        "id": "8f5efad0-e22e-4e6a-9e22-8cf37cbae566",
        "display": "test/10.png",
        "bbox": [
            "3154",
            "6638",
            "3916",
            "6681"
        ],
        "text": "+CPY17-A YE WH 0.35 FLRY",
        "text_to_ignore": []
    },
    {
        "id": "2abe8c08-03ec-4f54-823a-9379e28ade3e",
        "display": "test/10.png",
        "bbox": [
            "3199",
            "6697",
            "3768",
            "6742"
        ],
        "text": "628.0 3486395-XX (B)",
        "text_to_ignore": []
    },
    {
        "id": "3db8af55-d6cf-4652-9b7b-fc33fe3c0e5c",
        "display": "test/10.png",
        "bbox": [
            "3154",
            "6790",
            "3830",
            "6828"
        ],
        "text": "+CPY18-A YE 0.35 FLRY",
        "text_to_ignore": []
    },
    {
        "id": "67320f84-292a-4b62-9151-d9f89156c544",
        "display": "test/10.png",
        "bbox": [
            "3199",
            "6846",
            "3768",
            "6892"
        ],
        "text": "628.0 3486395-XX (B)",
        "text_to_ignore": []
    },
    {
        "id": "e003fef8-2543-4046-8e35-abd02f71e2c6",
        "display": "test/10.png",
        "bbox": [
            "4527",
            "6739",
            "5141",
            "6793"
        ],
        "text": "TWIST-CAN CPY17-A",
        "text_to_ignore": []
    },
    {
        "id": "dfaab274-e160-4f7b-8b82-15187d4f40ec",
        "display": "test/10.png",
        "bbox": [
            "5388",
            "6640",
            "5789",
            "6696"
        ],
        "text": "X052-2 CAN",
        "text_to_ignore": []
    },
    {
        "id": "3d96cacd-cfb5-4180-8a48-18cd8ab7509c",
        "display": "test/10.png",
        "bbox": [
            "5392",
            "6697",
            "5801",
            "6750"
        ],
        "text": "PARTY CAN P",
        "text_to_ignore": []
    },
    {
        "id": "09ae626a-3f46-4eb6-9a67-5e459743ec70",
        "display": "test/10.png",
        "bbox": [
            "5387",
            "6791",
            "5818",
            "6847"
        ],
        "text": "X052-17 CAN",
        "text_to_ignore": []
    },
    {
        "id": "91d67b60-236b-43e5-bbd4-46df04044c69",
        "display": "test/10.png",
        "bbox": [
            "5392",
            "6850",
            "5808",
            "6898"
        ],
        "text": "PARTY CAN N",
        "text_to_ignore": []
    },
    {
        "id": "4985b687-8882-41a0-920b-752178987f2f",
        "display": "test/10.png",
        "bbox": [
            "5080",
            "6888",
            "5268",
            "6922"
        ],
        "text": "X052",
        "text_to_ignore": []
    },
    {
        "id": "7349ee9d-855c-4302-895c-ef8d54af2859",
        "display": "test/10.png",
        "bbox": [
            "314",
            "8455",
            "1272",
            "8538"
        ],
        "text": "Air Suspension Controller",
        "text_to_ignore": []
    },
    {
        "id": "182db8e4-126a-4faf-a582-d0fbf0076ea7",
        "display": "test/10.png",
        "bbox": [
            "729",
            "8536",
            "1680",
            "8604"
        ],
        "text": "X176 X177 X178 X179",
        "text_to_ignore": []
    },
    {
        "id": "74bf5729-f804-4faf-bcdc-828954548d5b",
        "display": "test/10.png",
        "bbox": [
            "1330",
            "8664",
            "1756",
            "8714"
        ],
        "text": "X176-21 CAN",
        "text_to_ignore": []
    },
    {
        "id": "7d633223-cd04-47a8-9765-dccacc7dbbc1",
        "display": "test/10.png",
        "bbox": [
            "1456",
            "8726",
            "1756",
            "8776"
        ],
        "text": "S CAN H",
        "text_to_ignore": []
    },
    {
        "id": "004ff334-fb5b-4567-8320-34ab797da00c",
        "display": "test/10.png",
        "bbox": [
            "2006",
            "8766",
            "2608",
            "8818"
        ],
        "text": "TWIST-CAN CPY03-D",
        "text_to_ignore": []
    },
    {
        "id": "843eeca5-7247-4ec6-b720-9bbf19f5da87",
        "display": "test/10.png",
        "bbox": [
            "1330",
            "8815",
            "1758",
            "8863"
        ],
        "text": "X176-22 CAN",
        "text_to_ignore": []
    },
    {
        "id": "b9ee22a5-2e67-4233-b9c1-ead657696c82",
        "display": "test/10.png",
        "bbox": [
            "1468",
            "8878",
            "1762",
            "8928"
        ],
        "text": "S CAN L",
        "text_to_ignore": []
    },
    {
        "id": "702ba7d4-70c0-46df-af55-1fff07d7e412",
        "display": "test/10.png",
        "bbox": [
            "1875",
            "8911",
            "2065",
            "8945"
        ],
        "text": "X176",
        "text_to_ignore": []
    },
    {
        "id": "be7daa18-c851-4584-8e50-8490b320a286",
        "display": "test/10.png",
        "bbox": [
            "3193",
            "8662",
            "3954",
            "8705"
        ],
        "text": "+CPY03-B YE WH 0.35 FLRY",
        "text_to_ignore": []
    },
    {
        "id": "369dd38f-56c8-45f5-b8ff-92dfc60369f0",
        "display": "test/10.png",
        "bbox": [
            "3242",
            "8722",
            "3846",
            "8764"
        ],
        "text": "1713.0 3486408-XX (W)",
        "text_to_ignore": []
    },
    {
        "id": "7e760faa-11d5-435c-ae7b-d0275ba11374",
        "display": "test/10.png",
        "bbox": [
            "3194",
            "8814",
            "3866",
            "8854"
        ],
        "text": "+CPY04-B YE 0.35 FLRY",
        "text_to_ignore": []
    },
    {
        "id": "e59fbfcb-4136-4840-851b-241ce965842b",
        "display": "test/10.png",
        "bbox": [
            "3242",
            "8872",
            "3847",
            "8917"
        ],
        "text": "1713.0 3486408-XX (W)",
        "text_to_ignore": []
    },
    {
        "id": "13954f8b-049a-4876-bbab-c13ed496dcaa",
        "display": "test/10.png",
        "bbox": [
            "4526",
            "8766",
            "5144",
            "8818"
        ],
        "text": "TWIST-CAN CPY03-D",
        "text_to_ignore": []
    },
    {
        "id": "d43e03f0-a0ce-4372-b439-eb54b32074a0",
        "display": "test/10.png",
        "bbox": [
            "5338",
            "7777",
            "6167",
            "7862"
        ],
        "text": "Body Controller Front \u00a9",
        "text_to_ignore": []
    },
    {
        "id": "824d4677-5347-4ce3-af71-8966da9b099e",
        "display": "test/10.png",
        "bbox": [
            "5650",
            "7864",
            "7054",
            "7928"
        ],
        "text": "X021 X010 X011 X012 X013 X014",
        "text_to_ignore": []
    },
    {
        "id": "7b035330-2e80-436e-a81e-2c3291f7c88c",
        "display": "test/10.png",
        "bbox": [
            "5387",
            "8665",
            "5818",
            "8722"
        ],
        "text": "X011-22 CAN",
        "text_to_ignore": []
    },
    {
        "id": "7cfc6a76-c016-4d3f-b783-ce461c653995",
        "display": "test/10.png",
        "bbox": [
            "5391",
            "8725",
            "5800",
            "8776"
        ],
        "text": "PARTY CAN P",
        "text_to_ignore": []
    },
    {
        "id": "f370d7a1-786c-410c-80d6-d22d16fba14b",
        "display": "test/10.png",
        "bbox": [
            "5387",
            "8815",
            "5818",
            "8869"
        ],
        "text": "X011-21 CAN",
        "text_to_ignore": []
    },
    {
        "id": "ead6d078-89f0-4225-9e77-d20e9f20acfe",
        "display": "test/10.png",
        "bbox": [
            "5392",
            "8875",
            "5808",
            "8924"
        ],
        "text": "PARTY CAN N",
        "text_to_ignore": []
    },
    {
        "id": "7eb91e05-2a93-499a-af53-1a027c51ab44",
        "display": "test/10.png",
        "bbox": [
            "5082",
            "8914",
            "5266",
            "8946"
        ],
        "text": "X011)",
        "text_to_ignore": []
    },
    {
        "id": "02d18603-db98-4d56-9b5d-0864c38532fa",
        "display": "test/10.png",
        "bbox": [
            "6580",
            "7992",
            "7006",
            "8042"
        ],
        "text": "X011-10 CAN",
        "text_to_ignore": []
    },
    {
        "id": "f2edfcaf-dd41-4b14-a735-60462e524740",
        "display": "test/10.png",
        "bbox": [
            "6598",
            "8050",
            "7008",
            "8096"
        ],
        "text": "PARTY CAN P",
        "text_to_ignore": []
    },
    {
        "id": "0c0f46ba-9eb5-461d-9a9b-39c53f51f4ab",
        "display": "test/10.png",
        "bbox": [
            "7254",
            "8088",
            "7868",
            "8144"
        ],
        "text": "TWIST-CAN CPY22-B",
        "text_to_ignore": []
    },
    {
        "id": "34e06cc4-5d04-438b-8b13-b0d14a3e788f",
        "display": "test/10.png",
        "bbox": [
            "6608",
            "8142",
            "7008",
            "8194"
        ],
        "text": "X011-9 CAN",
        "text_to_ignore": []
    },
    {
        "id": "5a9cd45e-a578-4314-8fb0-5b2e073aa76c",
        "display": "test/10.png",
        "bbox": [
            "6590",
            "8200",
            "7006",
            "8250"
        ],
        "text": "PARTY CAN N",
        "text_to_ignore": []
    },
    {
        "id": "27f0a3a8-96a4-4661-8827-2d4c0e47ae01",
        "display": "test/10.png",
        "bbox": [
            "7128",
            "8236",
            "7310",
            "8272"
        ],
        "text": "'Xx011",
        "text_to_ignore": []
    },
    {
        "id": "4a6e6eb1-8d69-4449-aead-cbb7ff6396fc",
        "display": "test/10.png",
        "bbox": [
            "11672",
            "8626",
            "13852",
            "8656"
        ],
        "text": "THE INFORMATION CONTAINED HEREIN IS DEEMED TO BE CONFIDENTIAL, PROPRIETARY, AND A TRADE SECRET OF TESLA MOTORS. THIS",
        "text_to_ignore": []
    },
    {
        "id": "166639bb-79f7-4870-aaae-1b45ce8fd69b",
        "display": "test/10.png",
        "bbox": [
            "11672",
            "8658",
            "13884",
            "8696"
        ],
        "text": "INFORMATION \u201cMAY NOT BE USED, REPRODUCED, OR \u201cDISCLOSED AS THE DIRECT \u201cOR\u201d INDIRECT BASIS FOR THE \u2018DEVELOPMENT, MANUFACTURE ,",
        "text_to_ignore": []
    },
    {
        "id": "21fca345-82d2-4d51-9bfb-21a5eb047757",
        "display": "test/10.png",
        "bbox": [
            "11670",
            "8698",
            "13288",
            "8728"
        ],
        "text": "OR SALE OF PROCESSES OR PRODUCTS WITHOUT THE EXPRESSD WRITTEN CONSENT OF TESLA MOTORS.",
        "text_to_ignore": []
    },
    {
        "id": "0bade3c8-fe08-4562-8c1c-9a32c791861f",
        "display": "test/10.png",
        "bbox": [
            "11916",
            "8776",
            "12978",
            "8826"
        ],
        "text": "DRAWN CHECKED",
        "text_to_ignore": []
    },
    {
        "id": "5436ad90-f922-4663-ad3e-0db48ede6dc8",
        "display": "test/10.png",
        "bbox": [
            "13362",
            "8778",
            "13744",
            "8828"
        ],
        "text": "APPROVED",
        "text_to_ignore": []
    },
    {
        "id": "21af9f35-bdc3-44b6-8b3a-c8b3a212b179",
        "display": "test/10.png",
        "bbox": [
            "11664",
            "9078",
            "12048",
            "9126"
        ],
        "text": "MATERIAL",
        "text_to_ignore": []
    },
    {
        "id": "c6686049-114a-4f4c-a407-bc4acc229d77",
        "display": "test/10.png",
        "bbox": [
            "12602",
            "9076",
            "13020",
            "9126"
        ],
        "text": "FINISHING",
        "text_to_ignore": []
    },
    {
        "id": "b0ac8422-2279-428d-8e84-7be91328c227",
        "display": "test/10.png",
        "bbox": [
            "11740",
            "9156",
            "12472",
            "9230"
        ],
        "text": "AS SPECIFIED",
        "text_to_ignore": []
    },
    {
        "id": "74bf0520-96cb-4d94-9638-c87fa490f374",
        "display": "test/10.png",
        "bbox": [
            "12674",
            "9156",
            "13408",
            "9229"
        ],
        "text": "AS SPECIFIED",
        "text_to_ignore": []
    },
    {
        "id": "7532884c-97b4-4ffb-b99f-867e993a0f08",
        "display": "test/10.png",
        "bbox": [
            "11666",
            "9302",
            "12082",
            "9352"
        ],
        "text": "PART NAME",
        "text_to_ignore": []
    },
    {
        "id": "a152eb84-d1d7-441f-9faa-e71ef929a014",
        "display": "test/10.png",
        "bbox": [
            "11660",
            "9366",
            "12713",
            "9466"
        ],
        "text": "CAN Network: Party",
        "text_to_ignore": []
    },
    {
        "id": "8b748529-1b65-4eb5-ad61-fe2c636037f4",
        "display": "test/10.png",
        "bbox": [
            "11666",
            "9527",
            "12151",
            "9577"
        ],
        "text": "PART NUMBER",
        "text_to_ignore": []
    },
    {
        "id": "79045543-2cfe-4c29-b586-51494c76ee0d",
        "display": "test/10.png",
        "bbox": [
            "13537",
            "9076",
            "13814",
            "9126"
        ],
        "text": "SCALE",
        "text_to_ignore": []
    },
    {
        "id": "fff1ac3e-0e12-41da-825a-d4db0017877c",
        "display": "test/10.png",
        "bbox": [
            "13596",
            "9154",
            "13901",
            "9223"
        ],
        "text": "NONE",
        "text_to_ignore": []
    },
    {
        "id": "257e7c5c-08c5-45ef-a6bd-d9ca8fe4155f",
        "display": "test/10.png",
        "bbox": [
            "12788",
            "9526",
            "13364",
            "9577"
        ],
        "text": "REV SHEET",
        "text_to_ignore": []
    },
    {
        "id": "b965c87c-1932-449f-9883-aa6312895853",
        "display": "test/10.png",
        "bbox": [
            "13613",
            "9528",
            "13853",
            "9575"
        ],
        "text": "SIZE",
        "text_to_ignore": []
    },
    {
        "id": "3ad76fd6-7197-4988-acb0-ba9a5fbb24bd",
        "display": "test/10.png",
        "bbox": [
            "12878",
            "9646",
            "13585",
            "9716"
        ],
        "text": "11 oF 61",
        "text_to_ignore": []
    }
]