[
    {
        "id": "fee57fa2-cc3b-4c72-b6e9-e7f5a8e8eef6",
        "display": "test/8.png",
        "bbox": [
            "463",
            "277",
            "1332",
            "361"
        ],
        "text": "Body Controller Battery",
        "text_to_ignore": []
    },
    {
        "id": "9c297710-7db1-4b70-b880-9dfb6d6ea416",
        "display": "test/8.png",
        "bbox": [
            "882",
            "366",
            "2058",
            "430"
        ],
        "text": "X025 X022 X023 X024 X026",
        "text_to_ignore": []
    },
    {
        "id": "e518e4d5-b58e-4edd-8ab5-d77d2c109ff0",
        "display": "test/8.png",
        "bbox": [
            "1006",
            "928",
            "1984",
            "972"
        ],
        "text": "MX FASCIA LIGHT PARK MS ESP WAKE",
        "text_to_ignore": []
    },
    {
        "id": "8ec67631-f856-4cb7-b0e9-d6f4e3a3cdd2",
        "display": "test/8.png",
        "bbox": [
            "1314",
            "564",
            "1984",
            "627"
        ],
        "text": "X022- 3 High- -Side Drive",
        "text_to_ignore": []
    },
    {
        "id": "5946f604-08e9-4733-b4c5-2b09c5507d89",
        "display": "test/8.png",
        "bbox": [
            "1386",
            "626",
            "1986",
            "676"
        ],
        "text": "HCU ESP ABS MOTOR",
        "text_to_ignore": []
    },
    {
        "id": "521ced62-99cd-4e57-8a6e-22b0903f8940",
        "display": "test/8.png",
        "bbox": [
            "2102",
            "662",
            "2290",
            "698"
        ],
        "text": "x022",
        "text_to_ignore": []
    },
    {
        "id": "de393327-2f71-4121-8619-91dfcf64ce66",
        "display": "test/8.png",
        "bbox": [
            "1284",
            "714",
            "1984",
            "775"
        ],
        "text": "X025-B1 High-Side Drive",
        "text_to_ignore": []
    },
    {
        "id": "74d42a56-36de-486d-b387-8ed036f2bb7c",
        "display": "test/8.png",
        "bbox": [
            "1418",
            "770",
            "1985",
            "830"
        ],
        "text": "HCU ESP ABS VALVE",
        "text_to_ignore": []
    },
    {
        "id": "0958939e-24de-4e4b-b674-45beef8bace7",
        "display": "test/8.png",
        "bbox": [
            "1286",
            "866",
            "1984",
            "926"
        ],
        "text": "X025-E4 High- -Side Drive",
        "text_to_ignore": []
    },
    {
        "id": "dfb502c1-7fdc-4c3c-85f9-1942c09a5ca9",
        "display": "test/8.png",
        "bbox": [
            "1638",
            "960",
            "1750",
            "974"
        ],
        "text": "i",
        "text_to_ignore": []
    },
    {
        "id": "a6b95619-04c0-4984-aee6-008ec512d3ed",
        "display": "test/8.png",
        "bbox": [
            "2102",
            "962",
            "2290",
            "998"
        ],
        "text": "\u2014\u2014X025",
        "text_to_ignore": []
    },
    {
        "id": "ddaa60ce-8658-4e51-86bc-1aac110e43d8",
        "display": "test/8.png",
        "bbox": [
            "3766",
            "282",
            "4166",
            "350"
        ],
        "text": "HCU ESP",
        "text_to_ignore": []
    },
    {
        "id": "41b159e2-4581-4f3f-8407-430d09d7a40f",
        "display": "test/8.png",
        "bbox": [
            "2516",
            "566",
            "3150",
            "604"
        ],
        "text": "+PDRO9-A RD 4 FLXB",
        "text_to_ignore": []
    },
    {
        "id": "b2e8fea9-a7f7-460a-9176-4b16988a263b",
        "display": "test/8.png",
        "bbox": [
            "2560",
            "624",
            "3142",
            "666"
        ],
        "text": "638.0 3486408-XX (W)",
        "text_to_ignore": []
    },
    {
        "id": "fee66d58-ed82-4eb2-a127-3f812f4284d2",
        "display": "test/8.png",
        "bbox": [
            "2516",
            "715",
            "3200",
            "754"
        ],
        "text": "+PDRO8-A VT 2.00 FLRY",
        "text_to_ignore": []
    },
    {
        "id": "92fcdbaa-ff90-4fc3-af8c-168970fe5498",
        "display": "test/8.png",
        "bbox": [
            "2560",
            "774",
            "3142",
            "816"
        ],
        "text": "643.0 3486408-XX (W)",
        "text_to_ignore": []
    },
    {
        "id": "d0cc953d-db2b-40d9-8afa-68004ba65815",
        "display": "test/8.png",
        "bbox": [
            "2516",
            "866",
            "3204",
            "904"
        ],
        "text": "+PDR10-A GY 0.35 FLRY",
        "text_to_ignore": []
    },
    {
        "id": "b99190ad-2fa8-4ad5-8c11-8788f1862c15",
        "display": "test/8.png",
        "bbox": [
            "2560",
            "924",
            "3142",
            "966"
        ],
        "text": "643.0 3486408-XX (W)",
        "text_to_ignore": []
    },
    {
        "id": "d89e8e23-8523-4012-82d6-c833c953605f",
        "display": "test/8.png",
        "bbox": [
            "3506",
            "962",
            "3694",
            "998"
        ],
        "text": "X106 \u2014",
        "text_to_ignore": []
    },
    {
        "id": "24dbbc13-9cc9-4a04-b228-50d638888b27",
        "display": "test/8.png",
        "bbox": [
            "4180",
            "366",
            "4450",
            "430"
        ],
        "text": "X106",
        "text_to_ignore": []
    },
    {
        "id": "ea89a523-6222-4efd-ae27-5bd10c5c2f71",
        "display": "test/8.png",
        "bbox": [
            "3814",
            "566",
            "4312",
            "619"
        ],
        "text": "X106-1 Power In",
        "text_to_ignore": []
    },
    {
        "id": "d104f555-0fba-4465-9d4a-ec81c24f664e",
        "display": "test/8.png",
        "bbox": [
            "4852",
            "568",
            "5434",
            "626"
        ],
        "text": "X106-19 Digital Out",
        "text_to_ignore": []
    },
    {
        "id": "3f4ee202-33de-48a7-9b28-827c08a642ce",
        "display": "test/8.png",
        "bbox": [
            "3818",
            "628",
            "4128",
            "674"
        ],
        "text": "+12V MR",
        "text_to_ignore": []
    },
    {
        "id": "98fb7c05-f892-4ca1-a6ec-4f79923eb518",
        "display": "test/8.png",
        "bbox": [
            "3816",
            "715",
            "4340",
            "765"
        ],
        "text": "X106-25 Power In",
        "text_to_ignore": []
    },
    {
        "id": "96387e6b-dd4c-4576-8814-6f55fe9ffb73",
        "display": "test/8.png",
        "bbox": [
            "4928",
            "713",
            "5432",
            "777"
        ],
        "text": "X106- 8 Digital In",
        "text_to_ignore": []
    },
    {
        "id": "bed09d05-d173-4a99-9d3e-56b9dff8cf57",
        "display": "test/8.png",
        "bbox": [
            "3818",
            "778",
            "4116",
            "828"
        ],
        "text": "+12V VR",
        "text_to_ignore": []
    },
    {
        "id": "357dd963-d0b3-4da4-b2aa-0cd71330ffdd",
        "display": "test/8.png",
        "bbox": [
            "3816",
            "866",
            "4338",
            "924"
        ],
        "text": "X106-28 Signal In",
        "text_to_ignore": []
    },
    {
        "id": "a608026c-4309-4f48-9818-cf028e875e73",
        "display": "test/8.png",
        "bbox": [
            "3818",
            "928",
            "4039",
            "972"
        ],
        "text": "Wake",
        "text_to_ignore": []
    },
    {
        "id": "67e10153-21d4-4923-8f58-13472eb1b0c4",
        "display": "test/8.png",
        "bbox": [
            "4851",
            "1166",
            "5436",
            "1226"
        ],
        "text": "X106-16 Digital Out",
        "text_to_ignore": []
    },
    {
        "id": "84f07ca8-c0d1-4a5d-8ec0-87b763ceb1af",
        "display": "test/8.png",
        "bbox": [
            "5086",
            "626",
            "5434",
            "672"
        ],
        "text": "LF WSS SIG",
        "text_to_ignore": []
    },
    {
        "id": "6cb4f22e-741e-45ab-b5a7-5b353f5eb836",
        "display": "test/8.png",
        "bbox": [
            "5680",
            "666",
            "6166",
            "714"
        ],
        "text": "TWIST ABS06-C",
        "text_to_ignore": []
    },
    {
        "id": "c580c705-23da-434c-927f-41038b5fa96d",
        "display": "test/8.png",
        "bbox": [
            "5070",
            "776",
            "5432",
            "822"
        ],
        "text": "LF WSS RTN",
        "text_to_ignore": []
    },
    {
        "id": "e0635711-709d-4d69-bf1f-6857ad57cb47",
        "display": "test/8.png",
        "bbox": [
            "5082",
            "1226",
            "5434",
            "1272"
        ],
        "text": "RF WSS SIG",
        "text_to_ignore": []
    },
    {
        "id": "7df4105e-3135-4da3-a1fa-c9726bd614d7",
        "display": "test/8.png",
        "bbox": [
            "5683",
            "1272",
            "6162",
            "1312"
        ],
        "text": "TWIST ABS08-C",
        "text_to_ignore": []
    },
    {
        "id": "a273a607-aa64-4c94-8599-be728a6c98bb",
        "display": "test/8.png",
        "bbox": [
            "8666",
            "565",
            "9354",
            "604"
        ],
        "text": "+ABSO6-A RD 0.50 FLRY",
        "text_to_ignore": []
    },
    {
        "id": "824638ab-c76f-4433-8814-4e302dd44c68",
        "display": "test/8.png",
        "bbox": [
            "8710",
            "624",
            "9294",
            "666"
        ],
        "text": "960.0 3486408-XX (W)",
        "text_to_ignore": []
    },
    {
        "id": "c9d06d74-ff41-4ec3-820f-9df03db83652",
        "display": "test/8.png",
        "bbox": [
            "8668",
            "715",
            "9346",
            "754"
        ],
        "text": "+ABS0O7-A VT 0.50 FLRY",
        "text_to_ignore": []
    },
    {
        "id": "fba44454-f5c7-4754-abc1-8254ebd41e6b",
        "display": "test/8.png",
        "bbox": [
            "8710",
            "772",
            "9294",
            "816"
        ],
        "text": "960.0 3486408-XX (W)",
        "text_to_ignore": []
    },
    {
        "id": "a293d1ba-740f-4ea0-866a-e640d11a47f3",
        "display": "test/8.png",
        "bbox": [
            "8665",
            "1165",
            "9354",
            "1204"
        ],
        "text": "+ABS08-A BN 0.50 FLRY",
        "text_to_ignore": []
    },
    {
        "id": "bc6551f2-d281-49ab-abb2-223dfa7492d0",
        "display": "test/8.png",
        "bbox": [
            "8712",
            "1221",
            "9318",
            "1270"
        ],
        "text": "2246.0 3486408-XX (W)",
        "text_to_ignore": []
    },
    {
        "id": "f6eb41e0-633b-472b-a241-e164f5c7c4a5",
        "display": "test/8.png",
        "bbox": [
            "12616",
            "355",
            "13500",
            "437"
        ],
        "text": "Wheel Speed Sensor FL",
        "text_to_ignore": []
    },
    {
        "id": "97d89045-dba0-4a96-90bf-60db9bdf7244",
        "display": "test/8.png",
        "bbox": [
            "12664",
            "566",
            "13162",
            "619"
        ],
        "text": "X154-1 Power In",
        "text_to_ignore": []
    },
    {
        "id": "5abb9ac1-a5bb-4d25-bb28-81f22af4ea1d",
        "display": "test/8.png",
        "bbox": [
            "12660",
            "626",
            "13090",
            "685"
        ],
        "text": "Supply voltage",
        "text_to_ignore": []
    },
    {
        "id": "2d8f0d92-340d-45ef-b14d-af2077cff375",
        "display": "test/8.png",
        "bbox": [
            "11934",
            "666",
            "12420",
            "714"
        ],
        "text": "TWIST ABS06-C",
        "text_to_ignore": []
    },
    {
        "id": "56c60d66-f428-4d08-a4d0-ae4978ae1774",
        "display": "test/8.png",
        "bbox": [
            "12664",
            "716",
            "13216",
            "776"
        ],
        "text": "X154-2 Digital Out",
        "text_to_ignore": []
    },
    {
        "id": "7fa94fb5-5918-4797-803c-96735dc344db",
        "display": "test/8.png",
        "bbox": [
            "12358",
            "778",
            "13062",
            "834"
        ],
        "text": "X154 Signal output",
        "text_to_ignore": []
    },
    {
        "id": "3a08069b-89d7-4319-b2b2-f6d9e288c479",
        "display": "test/8.png",
        "bbox": [
            "12616",
            "955",
            "13508",
            "1037"
        ],
        "text": "Wheel Speed Sensor FR",
        "text_to_ignore": []
    },
    {
        "id": "0c7def1a-d5ae-4489-b263-ad48beefcf60",
        "display": "test/8.png",
        "bbox": [
            "12664",
            "1166",
            "13162",
            "1219"
        ],
        "text": "X155-1 Power In",
        "text_to_ignore": []
    },
    {
        "id": "0db366b6-5c9b-48ad-af36-c5344d7cbb0e",
        "display": "test/8.png",
        "bbox": [
            "12664",
            "1228",
            "13090",
            "1278"
        ],
        "text": "Supply voltage",
        "text_to_ignore": []
    },
    {
        "id": "01932521-bcf5-4d29-97de-d5fab968bdc0",
        "display": "test/8.png",
        "bbox": [
            "12036",
            "1272",
            "12358",
            "1278"
        ],
        "text": "L J ICT ADCHO CF",
        "text_to_ignore": []
    },
    {
        "id": "a60d9821-71d0-4c9b-8a67-9d495ec0ea79",
        "display": "test/8.png",
        "bbox": [
            "12835",
            "438",
            "13104",
            "504"
        ],
        "text": "X154",
        "text_to_ignore": []
    },
    {
        "id": "4d6ca65a-9991-4ca9-8b55-5a8f1b84519b",
        "display": "test/8.png",
        "bbox": [
            "4926",
            "1316",
            "5430",
            "1376"
        ],
        "text": "X106-4 Digital In",
        "text_to_ignore": []
    },
    {
        "id": "6e66f9f1-329e-42bc-aa6e-c35edc2f820a",
        "display": "test/8.png",
        "bbox": [
            "4851",
            "1766",
            "5436",
            "1826"
        ],
        "text": "X106-31 Digital Out",
        "text_to_ignore": []
    },
    {
        "id": "a42cd6e0-c0cc-4f34-b2bd-4efab8deb08d",
        "display": "test/8.png",
        "bbox": [
            "4897",
            "1916",
            "5430",
            "1976"
        ],
        "text": "X106-18 3 Digital In",
        "text_to_ignore": []
    },
    {
        "id": "5dfe6bb0-f7d8-462e-8c3f-a53da9e65474",
        "display": "test/8.png",
        "bbox": [
            "4851",
            "2366",
            "5436",
            "2424"
        ],
        "text": "X106-17 Digital Out",
        "text_to_ignore": []
    },
    {
        "id": "fcbe0ddd-aece-4af8-aab3-03f53238b392",
        "display": "test/8.png",
        "bbox": [
            "4896",
            "2516",
            "5428",
            "2558"
        ],
        "text": "X106-29 Digital In",
        "text_to_ignore": []
    },
    {
        "id": "0d15e009-b4e2-4aca-b9d8-3b1aaf2c89a7",
        "display": "test/8.png",
        "bbox": [
            "5070",
            "1376",
            "5432",
            "1420"
        ],
        "text": "RF WSS RTN",
        "text_to_ignore": []
    },
    {
        "id": "f78414cc-7211-4276-99a7-9d6bd2048d93",
        "display": "test/8.png",
        "bbox": [
            "5968",
            "1766",
            "6644",
            "1804"
        ],
        "text": "+ABS18-B VT 0.50 FLRY",
        "text_to_ignore": []
    },
    {
        "id": "b9ee8f3d-fc72-4332-ae70-ae59ee730784",
        "display": "test/8.png",
        "bbox": [
            "5082",
            "1824",
            "5434",
            "1872"
        ],
        "text": "LR WSS SIG",
        "text_to_ignore": []
    },
    {
        "id": "b95774ef-94f8-4777-a53c-0729aa0b0684",
        "display": "test/8.png",
        "bbox": [
            "6014",
            "1824",
            "6620",
            "1864"
        ],
        "text": "2023.0 3486408-Xx (W)",
        "text_to_ignore": []
    },
    {
        "id": "648fe40f-5c17-4fbc-96df-6e4a64afa168",
        "display": "test/8.png",
        "bbox": [
            "5970",
            "1916",
            "6648",
            "1954"
        ],
        "text": "- +ABS19-B GY 0.50 FLRY \u00a9",
        "text_to_ignore": []
    },
    {
        "id": "b3561cca-8987-49aa-bc2a-7d05a6f96d61",
        "display": "test/8.png",
        "bbox": [
            "5070",
            "1974",
            "6620",
            "2020"
        ],
        "text": "LRWSS RTN 2023.0 3486408-Xx (W)",
        "text_to_ignore": []
    },
    {
        "id": "101653ad-7332-4f2a-8404-d6ca82be5538",
        "display": "test/8.png",
        "bbox": [
            "5076",
            "2426",
            "5434",
            "2472"
        ],
        "text": "RR WSS SIG",
        "text_to_ignore": []
    },
    {
        "id": "12397428-0a76-4aa7-974f-7c658b1378cb",
        "display": "test/8.png",
        "bbox": [
            "5680",
            "2466",
            "6168",
            "2514"
        ],
        "text": "TWIST ABS20-D",
        "text_to_ignore": []
    },
    {
        "id": "be148be3-9149-42e9-a5ca-d6186dd8772b",
        "display": "test/8.png",
        "bbox": [
            "6908",
            "1750",
            "7144",
            "1788"
        ],
        "text": "X977M",
        "text_to_ignore": []
    },
    {
        "id": "ac597212-27ab-428f-8948-874f1f309efe",
        "display": "test/8.png",
        "bbox": [
            "7202",
            "1750",
            "7426",
            "1788"
        ],
        "text": "X977F",
        "text_to_ignore": []
    },
    {
        "id": "a4ddfdbd-cfd2-46f5-9953-93e2f98c6988",
        "display": "test/8.png",
        "bbox": [
            "6460",
            "1865",
            "6945",
            "1914"
        ],
        "text": "TWIST ABS18-C",
        "text_to_ignore": []
    },
    {
        "id": "650e0617-175d-4817-8cb7-5e047630dea3",
        "display": "test/8.png",
        "bbox": [
            "7404",
            "1866",
            "7894",
            "1914"
        ],
        "text": "TWIST ABS18-D",
        "text_to_ignore": []
    },
    {
        "id": "4a16230a-d6a5-423b-904f-2aea46ee0a3c",
        "display": "test/8.png",
        "bbox": [
            "6380",
            "2366",
            "7064",
            "2404"
        ],
        "text": "+ABS20-C BU 0.50 FLRY",
        "text_to_ignore": []
    },
    {
        "id": "1ea6b73f-e207-4a1c-b256-8269eb059a5e",
        "display": "test/8.png",
        "bbox": [
            "6424",
            "2424",
            "7030",
            "2466"
        ],
        "text": "2055.0 3486408-XX (W)",
        "text_to_ignore": []
    },
    {
        "id": "c341982e-cc02-41fa-999a-21470b837488",
        "display": "test/8.png",
        "bbox": [
            "7280",
            "2466",
            "7766",
            "2514"
        ],
        "text": "TWIST ABS20-D",
        "text_to_ignore": []
    },
    {
        "id": "83f3fad9-17ed-4a28-ab7f-b7fbfbe06996",
        "display": "test/8.png",
        "bbox": [
            "6380",
            "2515",
            "7054",
            "2554"
        ],
        "text": "+ABS21-C YE 0.50 FLRY",
        "text_to_ignore": []
    },
    {
        "id": "1426aacb-e1d6-4df8-86e5-4d9d16d1ec34",
        "display": "test/8.png",
        "bbox": [
            "8666",
            "1316",
            "9368",
            "1354"
        ],
        "text": "+ABSO9-A WH = 0.50 FLRY",
        "text_to_ignore": []
    },
    {
        "id": "1e210afb-ec7f-45b4-b0e9-7230d9ec53de",
        "display": "test/8.png",
        "bbox": [
            "8712",
            "1372",
            "9318",
            "1416"
        ],
        "text": "2246.0 3486408-XX (W)",
        "text_to_ignore": []
    },
    {
        "id": "07858cd1-7639-4d62-b860-fb3cd922ba6a",
        "display": "test/8.png",
        "bbox": [
            "7692",
            "1750",
            "8943",
            "1804"
        ],
        "text": "+ABS18-C VT 0.50 FLRY X976M \u2014",
        "text_to_ignore": []
    },
    {
        "id": "3eb427ca-7064-45bd-bf7b-9f641de902e2",
        "display": "test/8.png",
        "bbox": [
            "7738",
            "1802",
            "9094",
            "1866"
        ],
        "text": "\u2014\u2014\u2014S SO =o ms 2500.0 3486395- xX (B) Oo fi 18 187",
        "text_to_ignore": []
    },
    {
        "id": "e9c4a9c4-98b8-403d-b104-1e3b45254fac",
        "display": "test/8.png",
        "bbox": [
            "8253",
            "1865",
            "8744",
            "1914"
        ],
        "text": "TWIST ABS18-D",
        "text_to_ignore": []
    },
    {
        "id": "10f57629-f740-480d-b17e-2013cbc4f5b5",
        "display": "test/8.png",
        "bbox": [
            "7692",
            "1900",
            "8944",
            "1954"
        ],
        "text": "YIO'Y PVVIOT AP DI IOC +ABS19-C GY 0.50 FLRY X976M (\" an",
        "text_to_ignore": []
    },
    {
        "id": "5482ef8f-80ca-45a5-b5ba-4a8c71999dcc",
        "display": "test/8.png",
        "bbox": [
            "7738",
            "1952",
            "9094",
            "2016"
        ],
        "text": "fo \u2014\u2014 EO \u2014 tt =o Mw 2500.0 3486395- XX (B ) 19 197",
        "text_to_ignore": []
    },
    {
        "id": "1c9192be-6214-4124-adc3-9bdf363f7eff",
        "display": "test/8.png",
        "bbox": [
            "7734",
            "2349",
            "7967",
            "2387"
        ],
        "text": "X978M",
        "text_to_ignore": []
    },
    {
        "id": "6b868253-27dc-4052-a617-7b0dc5fa8132",
        "display": "test/8.png",
        "bbox": [
            "8028",
            "2350",
            "8250",
            "2388"
        ],
        "text": "X978F",
        "text_to_ignore": []
    },
    {
        "id": "c4fbda19-b833-4af9-9b09-33fe60daf969",
        "display": "test/8.png",
        "bbox": [
            "8780",
            "2350",
            "10288",
            "2404"
        ],
        "text": "+ABS20-B BU 0.50 FLRY X993M",
        "text_to_ignore": []
    },
    {
        "id": "ec0d3d40-7328-485f-b95a-5ec6a75bfa8b",
        "display": "test/8.png",
        "bbox": [
            "8826",
            "2424",
            "9414",
            "2466"
        ],
        "text": "4084.0 3486395-XxX (B)",
        "text_to_ignore": []
    },
    {
        "id": "209bcba1-39be-46ed-a5ab-587dc56fc0ba",
        "display": "test/8.png",
        "bbox": [
            "8230",
            "2466",
            "8716",
            "2514"
        ],
        "text": "TWIST ABS20-C",
        "text_to_ignore": []
    },
    {
        "id": "024a5421-4472-426e-8ae6-5f428548a63e",
        "display": "test/8.png",
        "bbox": [
            "7734",
            "2499",
            "7967",
            "2537"
        ],
        "text": "X978M",
        "text_to_ignore": []
    },
    {
        "id": "3bc69527-6256-4c79-ad0d-10a8b48391c6",
        "display": "test/8.png",
        "bbox": [
            "8028",
            "2500",
            "8250",
            "2538"
        ],
        "text": "\u2018 X978F",
        "text_to_ignore": []
    },
    {
        "id": "3298789f-9e58-4936-91f4-e0e50109e353",
        "display": "test/8.png",
        "bbox": [
            "8779",
            "2499",
            "10287",
            "2554"
        ],
        "text": "PVVIOT APADICU +ABS21-B YE 0.50 FLRY \u00bbX993M a",
        "text_to_ignore": []
    },
    {
        "id": "e57c34eb-0c11-4e15-b865-55c387c0138b",
        "display": "test/8.png",
        "bbox": [
            "9002",
            "1750",
            "9226",
            "1788"
        ],
        "text": "- X976F",
        "text_to_ignore": []
    },
    {
        "id": "3f9e1feb-2748-4367-aa7a-dd0da19a3d5d",
        "display": "test/8.png",
        "bbox": [
            "9492",
            "1766",
            "10172",
            "1804"
        ],
        "text": "+ABS18-A VT 0.50 FLRY",
        "text_to_ignore": []
    },
    {
        "id": "bfbe7883-f35f-48e9-8890-487c598c46fe",
        "display": "test/8.png",
        "bbox": [
            "9536",
            "1822",
            "10132",
            "1868"
        ],
        "text": "3734.0 3486394-XX (A)",
        "text_to_ignore": []
    },
    {
        "id": "2ea2f7ab-b988-4f16-86b8-0542cb53d067",
        "display": "test/8.png",
        "bbox": [
            "9130",
            "1865",
            "9612",
            "1914"
        ],
        "text": "- TWIST ABS18-B",
        "text_to_ignore": []
    },
    {
        "id": "397341f7-2aa4-4c6e-90fc-da6e76e813ed",
        "display": "test/8.png",
        "bbox": [
            "10060",
            "1866",
            "10544",
            "1914"
        ],
        "text": "TWIST ABS18-B",
        "text_to_ignore": []
    },
    {
        "id": "9b6b9783-637c-461d-9bc9-81456ad5f77b",
        "display": "test/8.png",
        "bbox": [
            "9002",
            "1898",
            "9226",
            "1938"
        ],
        "text": "X976F IV",
        "text_to_ignore": []
    },
    {
        "id": "a8a84c07-e530-4b52-aaf7-44dc93982b95",
        "display": "test/8.png",
        "bbox": [
            "9494",
            "1916",
            "10174",
            "1954"
        ],
        "text": "+ABS19-A GY 0.50 FLRY",
        "text_to_ignore": []
    },
    {
        "id": "7945a46d-f8ff-4804-ac91-b37164b01929",
        "display": "test/8.png",
        "bbox": [
            "9538",
            "1972",
            "10130",
            "2016"
        ],
        "text": "3734.0 3486394-XX (A)",
        "text_to_ignore": []
    },
    {
        "id": "f57805ac-b416-4395-b110-6a275f2221de",
        "display": "test/8.png",
        "bbox": [
            "9608",
            "2466",
            "10096",
            "2514"
        ],
        "text": "TWIST ABS20-C",
        "text_to_ignore": []
    },
    {
        "id": "dcb11435-6aeb-49fe-afc4-7d5021eacdf4",
        "display": "test/8.png",
        "bbox": [
            "10508",
            "1750",
            "10742",
            "1788"
        ],
        "text": "X992M",
        "text_to_ignore": []
    },
    {
        "id": "38c5ce2c-946f-442f-b5e6-9a1be308adc9",
        "display": "test/8.png",
        "bbox": [
            "10802",
            "1750",
            "11026",
            "1788"
        ],
        "text": "- X992F",
        "text_to_ignore": []
    },
    {
        "id": "37339067-b76b-4238-8739-04c33d60bf1a",
        "display": "test/8.png",
        "bbox": [
            "11289",
            "1766",
            "11971",
            "1804"
        ],
        "text": "+ABS18-D VT 0.50 FLRY",
        "text_to_ignore": []
    },
    {
        "id": "65de1f6f-98d6-4450-9dae-260667c975aa",
        "display": "test/8.png",
        "bbox": [
            "10654",
            "1802",
            "10894",
            "1842"
        ],
        "text": "\u201410 10\u2014",
        "text_to_ignore": []
    },
    {
        "id": "87f07054-d0dc-405c-a8a7-8a87c29d9864",
        "display": "test/8.png",
        "bbox": [
            "11336",
            "1822",
            "11949",
            "1865"
        ],
        "text": "20.5 Chassis Harness RL",
        "text_to_ignore": []
    },
    {
        "id": "3917fc10-44b8-4680-ac5e-c507fb485371",
        "display": "test/8.png",
        "bbox": [
            "11004",
            "1866",
            "11484",
            "1914"
        ],
        "text": "TWIST ABS18-E",
        "text_to_ignore": []
    },
    {
        "id": "15eb518e-e280-4712-9c48-11baf9281f87",
        "display": "test/8.png",
        "bbox": [
            "10509",
            "1899",
            "10741",
            "1937"
        ],
        "text": "X992M \"",
        "text_to_ignore": []
    },
    {
        "id": "f24e7d73-ea12-46d9-a6bb-b3551e853e4a",
        "display": "test/8.png",
        "bbox": [
            "10802",
            "1900",
            "11024",
            "1938"
        ],
        "text": "X992F",
        "text_to_ignore": []
    },
    {
        "id": "cec9eb2e-6bd6-4df6-b5dc-3ea32287fb57",
        "display": "test/8.png",
        "bbox": [
            "11289",
            "1915",
            "11976",
            "1954"
        ],
        "text": "- +ABS19-D GY 0.50 FLRY",
        "text_to_ignore": []
    },
    {
        "id": "924da620-7404-459f-8ffc-f3533ae33447",
        "display": "test/8.png",
        "bbox": [
            "10656",
            "1954",
            "10890",
            "1992"
        ],
        "text": "711-117",
        "text_to_ignore": []
    },
    {
        "id": "17995f30-ff66-4836-b8ab-986439681df8",
        "display": "test/8.png",
        "bbox": [
            "11336",
            "1972",
            "11948",
            "2012"
        ],
        "text": "20.5. Chassis Harness RL",
        "text_to_ignore": []
    },
    {
        "id": "a6810c9f-d51c-4fb3-be88-1924f96eb8c4",
        "display": "test/8.png",
        "bbox": [
            "10351",
            "2349",
            "10575",
            "2387"
        ],
        "text": "X993F",
        "text_to_ignore": []
    },
    {
        "id": "528f0b73-89a1-4be8-a746-88eb64256537",
        "display": "test/8.png",
        "bbox": [
            "11064",
            "2365",
            "11751",
            "2404"
        ],
        "text": "+ABS20-D BU 0.50 FLRY",
        "text_to_ignore": []
    },
    {
        "id": "7c0e5a44-52a2-4340-bb58-b40c79a1fed2",
        "display": "test/8.png",
        "bbox": [
            "10204",
            "2402",
            "10444",
            "2442"
        ],
        "text": "\u201410)10\u2014",
        "text_to_ignore": []
    },
    {
        "id": "6a4ee17a-a837-4be1-985a-c94f0a9d6f66",
        "display": "test/8.png",
        "bbox": [
            "11112",
            "2424",
            "11750",
            "2462"
        ],
        "text": "17.25 Chassis Harness RR",
        "text_to_ignore": []
    },
    {
        "id": "7c0af37d-66bd-4f53-b3ff-e4a12ee2212b",
        "display": "test/8.png",
        "bbox": [
            "10554",
            "2466",
            "11034",
            "2514"
        ],
        "text": "TWIST ABS20-E",
        "text_to_ignore": []
    },
    {
        "id": "89c4a9eb-d800-48e1-a03f-d0831d66a5ee",
        "display": "test/8.png",
        "bbox": [
            "10352",
            "2500",
            "10576",
            "2538"
        ],
        "text": "X993F",
        "text_to_ignore": []
    },
    {
        "id": "f1cd7c2d-fc9b-424f-aec1-fd711c034993",
        "display": "test/8.png",
        "bbox": [
            "11064",
            "2516",
            "11742",
            "2554"
        ],
        "text": "+ABS21-D YE 0.50 FLRY",
        "text_to_ignore": []
    },
    {
        "id": "4df39224-88e4-4015-b54b-7086fa956608",
        "display": "test/8.png",
        "bbox": [
            "11938",
            "1280",
            "12418",
            "1312"
        ],
        "text": "TWIST ABSQ6-C",
        "text_to_ignore": []
    },
    {
        "id": "eb096bf1-02a2-4f68-87a4-4c6c24435d1c",
        "display": "test/8.png",
        "bbox": [
            "12664",
            "1313",
            "13218",
            "1377"
        ],
        "text": "X155-2 Digital Out",
        "text_to_ignore": []
    },
    {
        "id": "a1a7022f-1ae2-4296-8df4-a686d0189f4b",
        "display": "test/8.png",
        "bbox": [
            "12356",
            "1376",
            "13062",
            "1430"
        ],
        "text": "X15. Signal output",
        "text_to_ignore": []
    },
    {
        "id": "626859b3-8735-4153-b295-d0d288b5f5a8",
        "display": "test/8.png",
        "bbox": [
            "12616",
            "1555",
            "13508",
            "1637"
        ],
        "text": "Wheel Speed Sensor RL",
        "text_to_ignore": []
    },
    {
        "id": "8e9e58c0-4a10-47ec-adcb-2e4769cfca3c",
        "display": "test/8.png",
        "bbox": [
            "12664",
            "1767",
            "13162",
            "1819"
        ],
        "text": "X156-1 Power In",
        "text_to_ignore": []
    },
    {
        "id": "ff46bad6-1da6-4519-ad32-75a16b82a6f5",
        "display": "test/8.png",
        "bbox": [
            "12661",
            "1826",
            "13090",
            "1883"
        ],
        "text": "Supply voltage",
        "text_to_ignore": []
    },
    {
        "id": "2efe984f-fe21-4ee6-b865-c3d9208d1e99",
        "display": "test/8.png",
        "bbox": [
            "11940",
            "1866",
            "12420",
            "1914"
        ],
        "text": "TWIST ABS18-E",
        "text_to_ignore": []
    },
    {
        "id": "3594762d-1d59-4933-ac9b-3c3562178137",
        "display": "test/8.png",
        "bbox": [
            "12664",
            "1913",
            "13216",
            "1977"
        ],
        "text": "X156-2 Digital Out",
        "text_to_ignore": []
    },
    {
        "id": "80a0064a-d778-4855-a74e-aa5ab149b6b1",
        "display": "test/8.png",
        "bbox": [
            "12356",
            "1974",
            "13062",
            "2034"
        ],
        "text": "X113) Signal output",
        "text_to_ignore": []
    },
    {
        "id": "f4b95770-fac1-41ec-9dc8-ab8ef97c9c58",
        "display": "test/8.png",
        "bbox": [
            "12616",
            "2155",
            "13514",
            "2237"
        ],
        "text": "Wheel Speed Sensor RR",
        "text_to_ignore": []
    },
    {
        "id": "fd6be295-9023-4ec5-b25e-93989eec7ca3",
        "display": "test/8.png",
        "bbox": [
            "12664",
            "2366",
            "13162",
            "2419"
        ],
        "text": "X157-1 Power In",
        "text_to_ignore": []
    },
    {
        "id": "c81aed64-c55e-4a66-8187-61135987ae99",
        "display": "test/8.png",
        "bbox": [
            "12661",
            "2425",
            "13091",
            "2484"
        ],
        "text": "Supply voltage",
        "text_to_ignore": []
    },
    {
        "id": "730a5405-c239-4edf-af61-c9d676724c48",
        "display": "test/8.png",
        "bbox": [
            "11940",
            "2466",
            "12420",
            "2514"
        ],
        "text": "TWIST ABS20-E",
        "text_to_ignore": []
    },
    {
        "id": "d4d3fa4d-660b-4c7c-b66e-ac1289fb7e4e",
        "display": "test/8.png",
        "bbox": [
            "12663",
            "2516",
            "13218",
            "2558"
        ],
        "text": "X157-2 Digital Out",
        "text_to_ignore": []
    },
    {
        "id": "b755ba7f-84d9-4127-bfcd-cdedfecd3e31",
        "display": "test/8.png",
        "bbox": [
            "5062",
            "2576",
            "5434",
            "2620"
        ],
        "text": "RR WSS RTN",
        "text_to_ignore": []
    },
    {
        "id": "4d156cca-138a-4fee-a3a2-d3becc7113db",
        "display": "test/8.png",
        "bbox": [
            "5004",
            "2816",
            "5432",
            "2866"
        ],
        "text": "X106-33 CAN",
        "text_to_ignore": []
    },
    {
        "id": "bbce8330-bce3-49bf-a401-82336ee4a659",
        "display": "test/8.png",
        "bbox": [
            "4974",
            "2873",
            "6898",
            "2922"
        ],
        "text": "CAN + P Chassis 1354.0 3486408-XX (W) =, AFL C\u2122\"\u2122\u2122 jm AAL STFSTL Ian =",
        "text_to_ignore": []
    },
    {
        "id": "fee1991c-7c1d-4b0d-a571-2f1ec65f088e",
        "display": "test/8.png",
        "bbox": [
            "5004",
            "2966",
            "5432",
            "3016"
        ],
        "text": "X106-20 CAN",
        "text_to_ignore": []
    },
    {
        "id": "9c0754d2-302b-4be7-968e-5627a2f95f9f",
        "display": "test/8.png",
        "bbox": [
            "4980",
            "3022",
            "6994",
            "3072"
        ],
        "text": "CAN - N Chassis 594.061805 3486408-XX (W)",
        "text_to_ignore": []
    },
    {
        "id": "d16622ef-e74f-4039-a7f6-2268420fb206",
        "display": "test/8.png",
        "bbox": [
            "5004",
            "3264",
            "5432",
            "3316"
        ],
        "text": "X106-26 CAN",
        "text_to_ignore": []
    },
    {
        "id": "e06cc6d4-b551-4ea3-9825-c4ad55060890",
        "display": "test/8.png",
        "bbox": [
            "4931",
            "3324",
            "5432",
            "3381"
        ],
        "text": "CAN + P Party Bus",
        "text_to_ignore": []
    },
    {
        "id": "260af7e7-219d-468b-a00e-3f677ad5d023",
        "display": "test/8.png",
        "bbox": [
            "5004",
            "3416",
            "5432",
            "3464"
        ],
        "text": "X106-14 CAN",
        "text_to_ignore": []
    },
    {
        "id": "f13b41f5-6749-442a-9d24-d48731e5aea6",
        "display": "test/8.png",
        "bbox": [
            "4936",
            "3474",
            "5432",
            "3531"
        ],
        "text": "CAN - N Party Bus",
        "text_to_ignore": []
    },
    {
        "id": "1cefd189-f9ab-4b9f-93bc-915b2d46ea81",
        "display": "test/8.png",
        "bbox": [
            "4932",
            "3641",
            "5431",
            "3690"
        ],
        "text": "X106-13 Ground",
        "text_to_ignore": []
    },
    {
        "id": "cbcd37f9-ff31-44f7-8b60-4e521ac04f72",
        "display": "test/8.png",
        "bbox": [
            "4932",
            "3792",
            "5432",
            "3838"
        ],
        "text": "X106-38 Ground",
        "text_to_ignore": []
    },
    {
        "id": "8cb7ae36-34ef-4b7a-8475-610bd7efd6b8",
        "display": "test/8.png",
        "bbox": [
            "6248",
            "2816",
            "7065",
            "2854"
        ],
        "text": "++CCH12-C GN WH 0.35 FLRY",
        "text_to_ignore": []
    },
    {
        "id": "9dd9d96f-ea2f-499e-b244-1cd3b1fbba05",
        "display": "test/8.png",
        "bbox": [
            "5679",
            "2915",
            "6307",
            "2969"
        ],
        "text": "TWIST-CAN CCH12-C",
        "text_to_ignore": []
    },
    {
        "id": "0fba74c7-ce55-4133-922a-26e0eaf1e7e6",
        "display": "test/8.png",
        "bbox": [
            "6246",
            "2966",
            "6978",
            "3004"
        ],
        "text": "++CCH13-C GN 0.35 FLRY",
        "text_to_ignore": []
    },
    {
        "id": "db808224-4989-4018-bdff-b7adaa51e480",
        "display": "test/8.png",
        "bbox": [
            "6264",
            "3262",
            "7030",
            "3307"
        ],
        "text": "+CPYO7-A YE WH 0.35 FLRY",
        "text_to_ignore": []
    },
    {
        "id": "8fde2227-db6a-4ba8-a83f-5541a8533a8d",
        "display": "test/8.png",
        "bbox": [
            "6314",
            "3324",
            "6894",
            "3366"
        ],
        "text": "643.0 3486408-XX (W)",
        "text_to_ignore": []
    },
    {
        "id": "122a091d-4557-4c92-8da5-0d9dfff260e7",
        "display": "test/8.png",
        "bbox": [
            "5680",
            "3366",
            "6292",
            "3420"
        ],
        "text": "TWIST-CAN CPY07-B",
        "text_to_ignore": []
    },
    {
        "id": "50670fa3-c84f-4b86-807e-44e9b14eed13",
        "display": "test/8.png",
        "bbox": [
            "6266",
            "3414",
            "6942",
            "3454"
        ],
        "text": "+CPY08-A YE 0.35 FLRY",
        "text_to_ignore": []
    },
    {
        "id": "975ed76d-f85f-423b-bd05-981a4ea61c92",
        "display": "test/8.png",
        "bbox": [
            "6316",
            "3474",
            "6894",
            "3516"
        ],
        "text": "643.0 3486408-XX (W)",
        "text_to_ignore": []
    },
    {
        "id": "3f87cec0-cf1a-4ad2-ab21-44be5d3c145e",
        "display": "test/8.png",
        "bbox": [
            "5134",
            "3702",
            "5434",
            "3750"
        ],
        "text": "GND MR",
        "text_to_ignore": []
    },
    {
        "id": "b14e011a-beb4-4670-b982-2a433e78b9bd",
        "display": "test/8.png",
        "bbox": [
            "6424",
            "2572",
            "7032",
            "2620"
        ],
        "text": "2055.0 3486408-XX (W)",
        "text_to_ignore": []
    },
    {
        "id": "a44299c3-58aa-4f3d-b1e7-3601e8d6fa10",
        "display": "test/8.png",
        "bbox": [
            "6492",
            "3640",
            "7116",
            "3678"
        ],
        "text": "+GFR22-A BK 4 FLXB",
        "text_to_ignore": []
    },
    {
        "id": "3a9f73e0-188e-45e0-8b3c-1ea048b56079",
        "display": "test/8.png",
        "bbox": [
            "6535",
            "3696",
            "7118",
            "3742"
        ],
        "text": "285.0 3486408-XX (W)",
        "text_to_ignore": []
    },
    {
        "id": "445206c7-7fb1-4edb-8867-4436d20ab9ec",
        "display": "test/8.png",
        "bbox": [
            "6350",
            "3790",
            "7022",
            "3828"
        ],
        "text": "+GFR23-A BK 2.00 FLRY",
        "text_to_ignore": []
    },
    {
        "id": "189e10c2-8e89-4534-8879-92a71ba92608",
        "display": "test/8.png",
        "bbox": [
            "8824",
            "2572",
            "9416",
            "2616"
        ],
        "text": "4084.0 3486395-XxX (B)",
        "text_to_ignore": []
    },
    {
        "id": "bbfae573-474a-42bc-92a7-38f785d03ce1",
        "display": "test/8.png",
        "bbox": [
            "7656",
            "2782",
            "8146",
            "2832"
        ],
        "text": "-Z127-+CCH12",
        "text_to_ignore": []
    },
    {
        "id": "11823c93-a105-4cfa-954e-edd1cdf97638",
        "display": "test/8.png",
        "bbox": [
            "7656",
            "3052",
            "8146",
            "3102"
        ],
        "text": "-Z128-+CCH13",
        "text_to_ignore": []
    },
    {
        "id": "7e60835c-836e-4753-877e-60528241f823",
        "display": "test/8.png",
        "bbox": [
            "11112",
            "2574",
            "11750",
            "2612"
        ],
        "text": "17.25 Chassis Harness RR",
        "text_to_ignore": []
    },
    {
        "id": "d310c66d-f9a6-4cf3-816f-7663127db488",
        "display": "test/8.png",
        "bbox": [
            "12356",
            "2576",
            "13062",
            "2630"
        ],
        "text": "X114) Signal output",
        "text_to_ignore": []
    },
    {
        "id": "72c0d443-493a-4cc3-9f78-c2f8d97d7e88",
        "display": "test/8.png",
        "bbox": [
            "385",
            "4701",
            "1217",
            "4789"
        ],
        "text": "Body Controller Front \u2014",
        "text_to_ignore": []
    },
    {
        "id": "439d0cd3-49e7-4b13-a523-54829f52d57a",
        "display": "test/8.png",
        "bbox": [
            "896",
            "4790",
            "2302",
            "4854"
        ],
        "text": "X021 X010 X011 X012 X013 X014",
        "text_to_ignore": []
    },
    {
        "id": "e109edaa-6209-4833-bf5b-3be9a118af65",
        "display": "test/8.png",
        "bbox": [
            "1238",
            "4992",
            "1908",
            "5050"
        ],
        "text": "X012-1 High-Side Drive",
        "text_to_ignore": []
    },
    {
        "id": "ac3a84a8-05f5-4228-81a9-32efbe9ac1f0",
        "display": "test/8.png",
        "bbox": [
            "2480",
            "4990",
            "3170",
            "5030"
        ],
        "text": "+PDRO6-A RD 4.00 FLRB",
        "text_to_ignore": []
    },
    {
        "id": "d1bec1f0-b23d-41c5-9e79-d6e5e2037679",
        "display": "test/8.png",
        "bbox": [
            "1584",
            "5052",
            "1910",
            "5098"
        ],
        "text": "IBOOSTER",
        "text_to_ignore": []
    },
    {
        "id": "cf3d54ce-b6db-4768-8b8f-efeed3f5ec91",
        "display": "test/8.png",
        "bbox": [
            "2486",
            "5047",
            "3244",
            "5092"
        ],
        "text": "DRLH 2158.0 3486408-XX (W)",
        "text_to_ignore": []
    },
    {
        "id": "235325cd-9eb2-4345-bab6-6cea5576d892",
        "display": "test/8.png",
        "bbox": [
            "2028",
            "5088",
            "2214",
            "5118"
        ],
        "text": "Xx012",
        "text_to_ignore": []
    },
    {
        "id": "84e3fec6-3c8c-4cdd-9989-9568e61fcf93",
        "display": "test/8.png",
        "bbox": [
            "3760",
            "4707",
            "4534",
            "4777"
        ],
        "text": "iBooster ECU & DTS",
        "text_to_ignore": []
    },
    {
        "id": "8a1e7719-2fe5-44e6-a431-2d343f230142",
        "display": "test/8.png",
        "bbox": [
            "4180",
            "4790",
            "4674",
            "4856"
        ],
        "text": "X117 X109",
        "text_to_ignore": []
    },
    {
        "id": "646732f8-0314-4f2f-a3f2-0bf7741df3b2",
        "display": "test/8.png",
        "bbox": [
            "3814",
            "4992",
            "4310",
            "5041"
        ],
        "text": "X117-1 Power In",
        "text_to_ignore": []
    },
    {
        "id": "4a6faa8b-dbe0-49b1-af8f-7619d19d779f",
        "display": "test/8.png",
        "bbox": [
            "4932",
            "4992",
            "5430",
            "5040"
        ],
        "text": "X117-2 Power In",
        "text_to_ignore": []
    },
    {
        "id": "8a04042c-7353-46cf-8f28-cc9718afedbe",
        "display": "test/8.png",
        "bbox": [
            "3818",
            "5049",
            "4505",
            "5106"
        ],
        "text": "+12V UBB motor positive",
        "text_to_ignore": []
    },
    {
        "id": "1fb7352a-211b-461a-a73b-99a2601f1bc8",
        "display": "test/8.png",
        "bbox": [
            "4557",
            "5049",
            "5435",
            "5104"
        ],
        "text": "VRef U5VExt DTS power from ECU",
        "text_to_ignore": []
    },
    {
        "id": "5e4dc759-e706-43cd-9cf9-457191b2c94e",
        "display": "test/8.png",
        "bbox": [
            "5118",
            "3852",
            "5432",
            "3900"
        ],
        "text": "GND ECU",
        "text_to_ignore": []
    },
    {
        "id": "e574ba1c-88df-4627-acba-fdd9424bc4a3",
        "display": "test/8.png",
        "bbox": [
            "5552",
            "3886",
            "5740",
            "3922"
        ],
        "text": "X106",
        "text_to_ignore": []
    },
    {
        "id": "09e9559e-e205-4e35-b42a-adcee21d7faa",
        "display": "test/8.png",
        "bbox": [
            "6384",
            "3846",
            "6970",
            "3894"
        ],
        "text": "285.0 3486408-XX (W)",
        "text_to_ignore": []
    },
    {
        "id": "744e0dd2-e464-46e1-8f00-9c4bf80a2f3e",
        "display": "test/8.png",
        "bbox": [
            "7665",
            "3949",
            "7818",
            "4192"
        ],
        "text": "L CLNI@OSD",
        "text_to_ignore": []
    },
    {
        "id": "2103e030-37f8-49a3-a9a3-3050f448c893",
        "display": "test/8.png",
        "bbox": [
            "7964",
            "3977",
            "8118",
            "4192"
        ],
        "text": "L 9NIG0S9D",
        "text_to_ignore": []
    },
    {
        "id": "450c2571-40b5-445a-944e-b209aa77ee97",
        "display": "test/8.png",
        "bbox": [
            "8516",
            "4989",
            "9218",
            "5030"
        ],
        "text": "+ABS25-A WH 0.50 FLRY",
        "text_to_ignore": []
    },
    {
        "id": "bffc7f24-ef22-4ca5-b64f-9891f5959cb0",
        "display": "test/8.png",
        "bbox": [
            "8524",
            "5048",
            "9260",
            "5092"
        ],
        "text": "DRLH 258.0 3486408-XX (W)",
        "text_to_ignore": []
    },
    {
        "id": "418c6bab-3261-4d14-8b97-98c31758fba9",
        "display": "test/8.png",
        "bbox": [
            "12304",
            "4782",
            "13084",
            "4850"
        ],
        "text": "iBooster ECU & DTS",
        "text_to_ignore": []
    },
    {
        "id": "9b57f191-4ff7-48f1-a26a-0249e2dfe0bf",
        "display": "test/8.png",
        "bbox": [
            "12744",
            "4866",
            "13224",
            "4930"
        ],
        "text": "X117 X109",
        "text_to_ignore": []
    },
    {
        "id": "7d2c49a3-0e09-4add-a32e-1ff782e101f7",
        "display": "test/8.png",
        "bbox": [
            "12364",
            "4992",
            "12856",
            "5040"
        ],
        "text": "X109-2 Power In",
        "text_to_ignore": []
    },
    {
        "id": "4ddb829c-5f74-46c0-b0ee-5474a6dee4cc",
        "display": "test/8.png",
        "bbox": [
            "12366",
            "5052",
            "13078",
            "5106"
        ],
        "text": "VRef U5V power from ECU",
        "text_to_ignore": []
    },
    {
        "id": "f0081020-6842-4f15-aed8-3683165ce2ac",
        "display": "test/8.png",
        "bbox": [
            "1210",
            "5142",
            "1908",
            "5200"
        ],
        "text": "X010-G3 High-Side Drive",
        "text_to_ignore": []
    },
    {
        "id": "93020b46-11ae-45ea-b7b3-2eccba6aefe8",
        "display": "test/8.png",
        "bbox": [
            "2480",
            "5140",
            "3158",
            "5180"
        ],
        "text": "+PDRO7-A YE 0.35 FLRY",
        "text_to_ignore": []
    },
    {
        "id": "26e152f8-75a2-4315-9894-bea5a8ccb497",
        "display": "test/8.png",
        "bbox": [
            "1432",
            "5200",
            "1908",
            "5246"
        ],
        "text": "IBOOSTER WAKE",
        "text_to_ignore": []
    },
    {
        "id": "741b75c8-7e6e-47f5-8114-42830e09f1f5",
        "display": "test/8.png",
        "bbox": [
            "2484",
            "5198",
            "3244",
            "5242"
        ],
        "text": "DRLH 2223.0 3486408-XX (W)",
        "text_to_ignore": []
    },
    {
        "id": "b9547244-5ae3-4bee-a559-f5313c538837",
        "display": "test/8.png",
        "bbox": [
            "2028",
            "5236",
            "2216",
            "5272"
        ],
        "text": "X010",
        "text_to_ignore": []
    },
    {
        "id": "1c7e4a49-500e-47bd-9c57-74bc0718d2d4",
        "display": "test/8.png",
        "bbox": [
            "3506",
            "5238",
            "3692",
            "5272"
        ],
        "text": "X117",
        "text_to_ignore": []
    },
    {
        "id": "8a422106-7efb-4c4a-8ec0-fd076dee30f8",
        "display": "test/8.png",
        "bbox": [
            "3816",
            "5141",
            "4340",
            "5189"
        ],
        "text": "X117-20 Power In",
        "text_to_ignore": []
    },
    {
        "id": "3b185453-44f6-46a2-89d9-147deb633094",
        "display": "test/8.png",
        "bbox": [
            "4784",
            "5140",
            "5428",
            "5193"
        ],
        "text": "X117-22 Hall Sensor In",
        "text_to_ignore": []
    },
    {
        "id": "4257ebb0-c073-44fb-85d4-7c605744b408",
        "display": "test/8.png",
        "bbox": [
            "3818",
            "5200",
            "4040",
            "5246"
        ],
        "text": "Wake",
        "text_to_ignore": []
    },
    {
        "id": "c5077e7f-44ab-4914-aa16-ca15a0487690",
        "display": "test/8.png",
        "bbox": [
            "4792",
            "5200",
            "5432",
            "5256"
        ],
        "text": "PTS1 hall effect signal 1",
        "text_to_ignore": []
    },
    {
        "id": "1c3353b0-cacf-4d03-8a6f-04f8ba542b0d",
        "display": "test/8.png",
        "bbox": [
            "4784",
            "5292",
            "5428",
            "5340"
        ],
        "text": "X117-23 Hall Sensor In",
        "text_to_ignore": []
    },
    {
        "id": "6caad8fd-55d1-4e2a-92ae-cfbd9adc69c0",
        "display": "test/8.png",
        "bbox": [
            "4792",
            "5350",
            "5432",
            "5406"
        ],
        "text": "PTS2 hall effect signal 2",
        "text_to_ignore": []
    },
    {
        "id": "e9df3b6e-e0bc-46d8-8e7e-dfafc300d73b",
        "display": "test/8.png",
        "bbox": [
            "4962",
            "5441",
            "5431",
            "5491"
        ],
        "text": "X117-8 Ground",
        "text_to_ignore": []
    },
    {
        "id": "fa592001-19f4-46d0-99eb-8ea3301509bb",
        "display": "test/8.png",
        "bbox": [
            "4592",
            "5496",
            "5432",
            "5554"
        ],
        "text": "AGnd Pos DTS ground from ECU",
        "text_to_ignore": []
    },
    {
        "id": "3b3225a2-4212-49c3-8466-4e678ea9fbdc",
        "display": "test/8.png",
        "bbox": [
            "5004",
            "5742",
            "5432",
            "5790"
        ],
        "text": "X117-18 CAN",
        "text_to_ignore": []
    },
    {
        "id": "a5f13d03-db17-4cbf-9b77-e8cab5e7e1f9",
        "display": "test/8.png",
        "bbox": [
            "4818",
            "5802",
            "5434",
            "5856"
        ],
        "text": "Party CAN1 Positive (+)",
        "text_to_ignore": []
    },
    {
        "id": "88c237da-bfcb-4257-8564-6952c03d6434",
        "display": "test/8.png",
        "bbox": [
            "5002",
            "5892",
            "5432",
            "5940"
        ],
        "text": "X117-10 CAN",
        "text_to_ignore": []
    },
    {
        "id": "07c8b59f-578d-43b5-adae-b58ba73b5810",
        "display": "test/8.png",
        "bbox": [
            "4806",
            "5952",
            "5434",
            "6006"
        ],
        "text": "Party CAN1 Negative (-)",
        "text_to_ignore": []
    },
    {
        "id": "fb10a037-c841-4a15-a4f0-f52037e76fbe",
        "display": "test/8.png",
        "bbox": [
            "5004",
            "6192",
            "5432",
            "6240"
        ],
        "text": "X117-25 CAN",
        "text_to_ignore": []
    },
    {
        "id": "4090bb6c-7c92-489b-801f-066f0737ec76",
        "display": "test/8.png",
        "bbox": [
            "4770",
            "6251",
            "5434",
            "6300"
        ],
        "text": "Chassis CAN2 Positive (+)",
        "text_to_ignore": []
    },
    {
        "id": "d66a254b-4360-4228-b601-97a40f2d7651",
        "display": "test/8.png",
        "bbox": [
            "5004",
            "6341",
            "5432",
            "6389"
        ],
        "text": "X117-16 CAN",
        "text_to_ignore": []
    },
    {
        "id": "53021e4a-0484-43c1-97f5-7439f685565f",
        "display": "test/8.png",
        "bbox": [
            "5679",
            "5240",
            "6162",
            "5288"
        ],
        "text": "TWIST ABS25-B",
        "text_to_ignore": []
    },
    {
        "id": "33afdb16-65e6-4e2a-bbd3-9db3aea3be6f",
        "display": "test/8.png",
        "bbox": [
            "6266",
            "5740",
            "7030",
            "5780"
        ],
        "text": "+CPYO5-A YE WH 0.35 FLRY",
        "text_to_ignore": []
    },
    {
        "id": "8e5ddc36-466f-4fef-876a-6eb5484481a8",
        "display": "test/8.png",
        "bbox": [
            "6274",
            "5798",
            "7012",
            "5842"
        ],
        "text": "DRLH 546.0 3486408-XX (W)",
        "text_to_ignore": []
    },
    {
        "id": "17d75e32-824d-4b3e-8e15-6f5f014826d9",
        "display": "test/8.png",
        "bbox": [
            "5680",
            "5835",
            "6299",
            "5892"
        ],
        "text": "TWIST-CAN CPY05-D",
        "text_to_ignore": []
    },
    {
        "id": "18acbe77-c86f-4fda-9cfb-eea3d88ca022",
        "display": "test/8.png",
        "bbox": [
            "6266",
            "5890",
            "6942",
            "5930"
        ],
        "text": "+CPYO6-A YE 0.35 FLRY",
        "text_to_ignore": []
    },
    {
        "id": "a9bb4889-74fb-45aa-83c5-2336ca16c6ad",
        "display": "test/8.png",
        "bbox": [
            "6274",
            "5948",
            "7012",
            "5994"
        ],
        "text": "DRLH 546.0 3486408-XX (W)",
        "text_to_ignore": []
    },
    {
        "id": "dca49aec-a6b1-48f2-b4ba-baea5c296934",
        "display": "test/8.png",
        "bbox": [
            "6250",
            "6188",
            "7066",
            "6231"
        ],
        "text": "++CCH12-B GN WH 0.35 FLRY",
        "text_to_ignore": []
    },
    {
        "id": "7ef0a255-33c6-43a9-a9e6-b8682a84732c",
        "display": "test/8.png",
        "bbox": [
            "6256",
            "6248",
            "7016",
            "6292"
        ],
        "text": "DRLH 1257.0 3486408-XX (W)",
        "text_to_ignore": []
    },
    {
        "id": "ba74eeec-18ee-4a41-8be4-ed90c5761949",
        "display": "test/8.png",
        "bbox": [
            "5680",
            "6284",
            "6305",
            "6344"
        ],
        "text": "TWIST-CAN CCH12-B",
        "text_to_ignore": []
    },
    {
        "id": "15ad4476-f430-4b4c-94c3-1c670a61d5f3",
        "display": "test/8.png",
        "bbox": [
            "6248",
            "6340",
            "6978",
            "6378"
        ],
        "text": "++CCH13-B GN 0.35 FLRY",
        "text_to_ignore": []
    },
    {
        "id": "17aa95da-b134-480a-a721-ee94f0538138",
        "display": "test/8.png",
        "bbox": [
            "8518",
            "5140",
            "9210",
            "5180"
        ],
        "text": "+ABS22-A GN 0.50 FLRY",
        "text_to_ignore": []
    },
    {
        "id": "296d4519-1694-4bec-9276-0a1b93f6515e",
        "display": "test/8.png",
        "bbox": [
            "8524",
            "5198",
            "9260",
            "5244"
        ],
        "text": "DRLH 258.0 3486408-XX (W)",
        "text_to_ignore": []
    },
    {
        "id": "04d113ca-2269-4a67-8d3e-8ed3a048b45b",
        "display": "test/8.png",
        "bbox": [
            "8518",
            "5289",
            "9200",
            "5328"
        ],
        "text": "+ABS23-A BU 0.50 FLRY",
        "text_to_ignore": []
    },
    {
        "id": "d926701a-82b1-47f0-a91d-77621c45b160",
        "display": "test/8.png",
        "bbox": [
            "8524",
            "5346",
            "9260",
            "5392"
        ],
        "text": "DRLH 258.0 3486408-XX (W)",
        "text_to_ignore": []
    },
    {
        "id": "94f3e44e-ed10-481f-b715-985525f654aa",
        "display": "test/8.png",
        "bbox": [
            "8518",
            "5440",
            "9204",
            "5480"
        ],
        "text": "+ABS24-A BN 0.50 FLRY",
        "text_to_ignore": []
    },
    {
        "id": "a55b4326-6b37-4cf0-a058-fcb1ce266a98",
        "display": "test/8.png",
        "bbox": [
            "8524",
            "5498",
            "9260",
            "5542"
        ],
        "text": "DRLH 258.0 3486408-XX (W)",
        "text_to_ignore": []
    },
    {
        "id": "92aa2b52-41f3-40b3-9235-6feafdf27273",
        "display": "test/8.png",
        "bbox": [
            "12364",
            "5141",
            "13032",
            "5190"
        ],
        "text": "X109-1 Hall Sensor Out",
        "text_to_ignore": []
    },
    {
        "id": "78ecbef0-6b1c-4368-9856-b4d04d101103",
        "display": "test/8.png",
        "bbox": [
            "12366",
            "5200",
            "12834",
            "5256"
        ],
        "text": "PTS1 digital out",
        "text_to_ignore": []
    },
    {
        "id": "4ae83920-df7c-4058-9761-77e35a7230fa",
        "display": "test/8.png",
        "bbox": [
            "11636",
            "5240",
            "12118",
            "5288"
        ],
        "text": "TWIST ABS25-B",
        "text_to_ignore": []
    },
    {
        "id": "3f38b2bf-b043-4fac-9604-0caa63310a66",
        "display": "test/8.png",
        "bbox": [
            "12364",
            "5292",
            "13032",
            "5340"
        ],
        "text": "X109-3 Hall Sensor Out",
        "text_to_ignore": []
    },
    {
        "id": "9c053556-0dd7-41d0-a634-2773bc851020",
        "display": "test/8.png",
        "bbox": [
            "12366",
            "5352",
            "12834",
            "5406"
        ],
        "text": "PTS2 digital out",
        "text_to_ignore": []
    },
    {
        "id": "9b09ea27-8683-434a-9156-d524b0d0e7ef",
        "display": "test/8.png",
        "bbox": [
            "12364",
            "5439",
            "12833",
            "5490"
        ],
        "text": "X109-4 Ground",
        "text_to_ignore": []
    },
    {
        "id": "7e7c3249-1f7d-4357-ad5e-fc49fc367155",
        "display": "test/8.png",
        "bbox": [
            "12056",
            "5502",
            "13050",
            "5557"
        ],
        "text": "X109 , AGnd Pos ground to ECU",
        "text_to_ignore": []
    },
    {
        "id": "636d14c0-899b-4428-aa2c-e26fa0a412d7",
        "display": "test/8.png",
        "bbox": [
            "1170",
            "7376",
            "1909",
            "7428"
        ],
        "text": "BRAKE FLUID LEVEL SENSOR",
        "text_to_ignore": []
    },
    {
        "id": "479b7724-bb93-4d62-b038-f833146fe1b9",
        "display": "test/8.png",
        "bbox": [
            "990",
            "7521",
            "1908",
            "7579"
        ],
        "text": "BRAKE FLUID SENSOR GND RETURN",
        "text_to_ignore": []
    },
    {
        "id": "47592542-04f6-41e2-85b1-c5f3dc918a1e",
        "display": "test/8.png",
        "bbox": [
            "1382",
            "7318",
            "1904",
            "7376"
        ],
        "text": "X011-49 Signal In",
        "text_to_ignore": []
    },
    {
        "id": "4f2d4186-e42b-4bee-8693-885d8d7f6285",
        "display": "test/8.png",
        "bbox": [
            "2482",
            "7314",
            "3166",
            "7354"
        ],
        "text": "+BRKO5-A BU 0.50 FLRY",
        "text_to_ignore": []
    },
    {
        "id": "cd8ac610-8281-487f-8a18-bb3c6277b0a4",
        "display": "test/8.png",
        "bbox": [
            "2488",
            "7372",
            "3246",
            "7416"
        ],
        "text": "DRLH 2259.0 3486408-XX (W)",
        "text_to_ignore": []
    },
    {
        "id": "1df1fb14-cb79-47ac-befc-404be5a171f2",
        "display": "test/8.png",
        "bbox": [
            "1405",
            "7465",
            "1908",
            "7517"
        ],
        "text": "X011-19 Ground",
        "text_to_ignore": []
    },
    {
        "id": "b4742760-3671-44b5-b5a0-a211bd3e5ebb",
        "display": "test/8.png",
        "bbox": [
            "2478",
            "7464",
            "3170",
            "7504"
        ],
        "text": "+RTNO5-A BN 0.50 FLRY",
        "text_to_ignore": []
    },
    {
        "id": "1a30c2f5-c39d-48a2-93db-bdb68a5b7741",
        "display": "test/8.png",
        "bbox": [
            "2486",
            "7522",
            "3244",
            "7566"
        ],
        "text": "DRLH 2259.0 3486408-XX (W)",
        "text_to_ignore": []
    },
    {
        "id": "b401cb06-7a5b-4a11-82e4-a59dde2c25a0",
        "display": "test/8.png",
        "bbox": [
            "2028",
            "7562",
            "2212",
            "7596"
        ],
        "text": "X011",
        "text_to_ignore": []
    },
    {
        "id": "4cb48667-e9a8-4421-ac33-ef35016cc866",
        "display": "test/8.png",
        "bbox": [
            "3768",
            "7106",
            "4422",
            "7172"
        ],
        "text": "Brake Fluid Level",
        "text_to_ignore": []
    },
    {
        "id": "2fd55948-ffc3-4f69-9391-cdfd5b48a138",
        "display": "test/8.png",
        "bbox": [
            "3508",
            "7534",
            "3694",
            "7566"
        ],
        "text": "X115",
        "text_to_ignore": []
    },
    {
        "id": "c18b74cc-3bb2-4d73-a8ad-cf16e548814f",
        "display": "test/8.png",
        "bbox": [
            "4755",
            "6401",
            "5434",
            "6456"
        ],
        "text": "Chassis CAN2 Negative (-)",
        "text_to_ignore": []
    },
    {
        "id": "955445af-97c9-437f-91dc-869690f3ab49",
        "display": "test/8.png",
        "bbox": [
            "4962",
            "6565",
            "5432",
            "6617"
        ],
        "text": "X117-9 Ground",
        "text_to_ignore": []
    },
    {
        "id": "247dd0b9-35f8-4105-a8b8-75124e223c97",
        "display": "test/8.png",
        "bbox": [
            "3986",
            "7190",
            "4252",
            "7252"
        ],
        "text": "X115",
        "text_to_ignore": []
    },
    {
        "id": "fa53aecf-b179-4162-b3f5-e798e8562185",
        "display": "test/8.png",
        "bbox": [
            "3816",
            "7309",
            "4384",
            "7377"
        ],
        "text": "X115-B Analog Out",
        "text_to_ignore": []
    },
    {
        "id": "fcfdd9a2-a704-489a-b03a-6fee0b19f50c",
        "display": "test/8.png",
        "bbox": [
            "3816",
            "7376",
            "4278",
            "7420"
        ],
        "text": "Brake Fluid Level",
        "text_to_ignore": []
    },
    {
        "id": "2a10fee4-2ed7-46f4-9c54-a2001977bf35",
        "display": "test/8.png",
        "bbox": [
            "3816",
            "7465",
            "4292",
            "7517"
        ],
        "text": "X115-A Ground",
        "text_to_ignore": []
    },
    {
        "id": "1f5da396-b1c1-467e-ae76-620249d90fa6",
        "display": "test/8.png",
        "bbox": [
            "3816",
            "7528",
            "4020",
            "7568"
        ],
        "text": "GND",
        "text_to_ignore": []
    },
    {
        "id": "ac22ccc3-4a8a-4840-b9fa-e4f6bf70e5e2",
        "display": "test/8.png",
        "bbox": [
            "6256",
            "6400",
            "7112",
            "6442"
        ],
        "text": "DRLH 497.061805 3486408-XX (W)",
        "text_to_ignore": []
    },
    {
        "id": "252b991a-9060-43c9-b350-a9688898343c",
        "display": "test/8.png",
        "bbox": [
            "5168",
            "6626",
            "5432",
            "6670"
        ],
        "text": "Ground",
        "text_to_ignore": []
    },
    {
        "id": "9e2aaeeb-94fd-4819-8a69-dd6917989125",
        "display": "test/8.png",
        "bbox": [
            "5552",
            "6662",
            "5738",
            "6696"
        ],
        "text": "IX117",
        "text_to_ignore": []
    },
    {
        "id": "5bbefe8b-a5f1-42c5-89b0-6845a64fd8c1",
        "display": "test/8.png",
        "bbox": [
            "6350",
            "6565",
            "7024",
            "6604"
        ],
        "text": "+GFR20-A BK 4.00 FLRB",
        "text_to_ignore": []
    },
    {
        "id": "774b1475-9f6b-4664-88a7-793211f7e068",
        "display": "test/8.png",
        "bbox": [
            "6350",
            "6622",
            "7108",
            "6666"
        ],
        "text": "DRLH 1573.0 3486408-XX (W)",
        "text_to_ignore": []
    },
    {
        "id": "b3ad2a57-b768-4f05-bdfb-949ffd1c0dab",
        "display": "test/8.png",
        "bbox": [
            "7668",
            "6828",
            "7814",
            "6946"
        ],
        "text": "PIN6",
        "text_to_ignore": []
    },
    {
        "id": "83e710fd-74df-45df-baa1-fe6bf9ee2c0a",
        "display": "test/8.png",
        "bbox": [
            "7672",
            "6996",
            "7818",
            "7122"
        ],
        "text": "OLSD",
        "text_to_ignore": []
    },
    {
        "id": "88779dd1-9537-437c-a0c4-be65873a0007",
        "display": "test/8.png",
        "bbox": [
            "462",
            "7930",
            "1240",
            "8012"
        ],
        "text": "Body Controller Left",
        "text_to_ignore": []
    },
    {
        "id": "292c5b1b-6721-45c5-86d6-ea2df4c558b0",
        "display": "test/8.png",
        "bbox": [
            "865",
            "8012",
            "3546",
            "8080"
        ],
        "text": "X030A B X031 X032 X034 X038A B X039 X037 X033A B X035 X036",
        "text_to_ignore": []
    },
    {
        "id": "ed8ecaf5-7c7f-4225-9f55-7be674f5cf4c",
        "display": "test/8.png",
        "bbox": [
            "464",
            "8829",
            "1294",
            "8912"
        ],
        "text": "Body Controller Right",
        "text_to_ignore": []
    },
    {
        "id": "d7447969-d2b1-4feb-bdff-0c0cf68bdfcb",
        "display": "test/8.png",
        "bbox": [
            "1312",
            "8206",
            "1909",
            "8276"
        ],
        "text": "X030B- 4 Half- Bridge",
        "text_to_ignore": []
    },
    {
        "id": "3ed03843-6773-4e2e-8693-f343a068ec99",
        "display": "test/8.png",
        "bbox": [
            "1230",
            "8276",
            "1904",
            "8318"
        ],
        "text": "PARKING BRAKE PHASE A",
        "text_to_ignore": []
    },
    {
        "id": "7a8ed98c-d561-41b3-8a45-bcf32269ce5f",
        "display": "test/8.png",
        "bbox": [
            "2156",
            "8316",
            "2608",
            "8362"
        ],
        "text": "TWIST EPBO1 -F",
        "text_to_ignore": []
    },
    {
        "id": "1f2103c6-2dfe-40a1-b6f3-16d962842efa",
        "display": "test/8.png",
        "bbox": [
            "1311",
            "8359",
            "1909",
            "8425"
        ],
        "text": "X030B-3, Half- Bridge",
        "text_to_ignore": []
    },
    {
        "id": "553794ac-aa1c-4dc3-84e2-0d695e616d87",
        "display": "test/8.png",
        "bbox": [
            "1232",
            "8428",
            "1908",
            "8472"
        ],
        "text": "PARKING BRAKE PHASE B",
        "text_to_ignore": []
    },
    {
        "id": "d02133ca-fb1a-4f51-804f-917372fe6121",
        "display": "test/8.png",
        "bbox": [
            "2028",
            "8462",
            "2236",
            "8498"
        ],
        "text": "X030B",
        "text_to_ignore": []
    },
    {
        "id": "7e0dfd1a-ed86-403e-afac-d560d4d0bb01",
        "display": "test/8.png",
        "bbox": [
            "2932",
            "8214",
            "3602",
            "8252"
        ],
        "text": "+EPBO1-A YE 2.00 FLRY",
        "text_to_ignore": []
    },
    {
        "id": "43d3bd44-b438-478c-871b-423de34234ff",
        "display": "test/8.png",
        "bbox": [
            "2977",
            "8270",
            "3594",
            "8316"
        ],
        "text": "4887.75 3486394-XX (A)",
        "text_to_ignore": []
    },
    {
        "id": "3d77f738-bf20-4166-98b1-05bb1884daf0",
        "display": "test/8.png",
        "bbox": [
            "2934",
            "8361",
            "3612",
            "8404"
        ],
        "text": "+EPBO2-A BU 2.00 FLRY",
        "text_to_ignore": []
    },
    {
        "id": "0269a666-f8b3-4a41-8423-5a07ba9ac2fa",
        "display": "test/8.png",
        "bbox": [
            "2978",
            "8422",
            "3596",
            "8468"
        ],
        "text": "4887.75 3486394-XX (A)",
        "text_to_ignore": []
    },
    {
        "id": "4e112f53-3629-48e0-a752-1b145626f4bc",
        "display": "test/8.png",
        "bbox": [
            "4360",
            "8199",
            "4876",
            "8238"
        ],
        "text": "X992M(\u2014 X992F",
        "text_to_ignore": []
    },
    {
        "id": "ba7dd981-7efe-4c68-ab86-1483e0bb6bf1",
        "display": "test/8.png",
        "bbox": [
            "3924",
            "8316",
            "4396",
            "8364"
        ],
        "text": "TWIST EPBO1-F",
        "text_to_ignore": []
    },
    {
        "id": "c76370bb-24fb-44b7-ba88-0b0e586d47cc",
        "display": "test/8.png",
        "bbox": [
            "4856",
            "8314",
            "5348",
            "8366"
        ],
        "text": "TWIST EPBO1-M",
        "text_to_ignore": []
    },
    {
        "id": "7216ebc9-3fa1-4455-9726-e370c603cfb8",
        "display": "test/8.png",
        "bbox": [
            "6350",
            "8214",
            "7014",
            "8252"
        ],
        "text": "+EPBO1-A YE 2.00 FLRY",
        "text_to_ignore": []
    },
    {
        "id": "77069347-3b15-4fcc-b23a-bb3585db975c",
        "display": "test/8.png",
        "bbox": [
            "6391",
            "8271",
            "7120",
            "8313"
        ],
        "text": "19.651388 Chassis Harness RL",
        "text_to_ignore": []
    },
    {
        "id": "8b5337ad-4c10-4c02-8146-15e9860847b9",
        "display": "test/8.png",
        "bbox": [
            "6350",
            "8364",
            "7024",
            "8404"
        ],
        "text": "+EPBO2-A BU 2.00 FLRY",
        "text_to_ignore": []
    },
    {
        "id": "42a3910f-f0dc-4fe6-af69-9a50b7a3dc54",
        "display": "test/8.png",
        "bbox": [
            "6392",
            "8421",
            "7120",
            "8463"
        ],
        "text": "19.651388 Chassis Harness RL",
        "text_to_ignore": []
    },
    {
        "id": "0b4cdd8d-e78d-4cf6-bda0-e6dd8d0c5668",
        "display": "test/8.png",
        "bbox": [
            "8864",
            "8004",
            "9678",
            "8088"
        ],
        "text": "Park Brake Caliper LH",
        "text_to_ignore": []
    },
    {
        "id": "33d58f67-2007-4374-8593-c4b10edc199b",
        "display": "test/8.png",
        "bbox": [
            "8176",
            "8316",
            "8668",
            "8366"
        ],
        "text": "TWIST EPBO1-M",
        "text_to_ignore": []
    },
    {
        "id": "499bbb95-34b5-496a-8244-47dcf7c6e5b6",
        "display": "test/8.png",
        "bbox": [
            "8580",
            "8462",
            "8792",
            "8498"
        ],
        "text": "X103A",
        "text_to_ignore": []
    },
    {
        "id": "01a61dfa-3e2b-4312-824d-fd6ac0efb2a3",
        "display": "test/8.png",
        "bbox": [
            "8862",
            "8906",
            "9686",
            "8958"
        ],
        "text": "Park Brake Calinoer RH",
        "text_to_ignore": []
    },
    {
        "id": "e2808e59-6a16-46d9-b85a-2efee8f9e5ac",
        "display": "test/8.png",
        "bbox": [
            "9096",
            "8090",
            "9408",
            "8154"
        ],
        "text": "X103A",
        "text_to_ignore": []
    },
    {
        "id": "c04ddb96-65be-40c3-bbc4-512aa8d85bcf",
        "display": "test/8.png",
        "bbox": [
            "8914",
            "8204",
            "9516",
            "8278"
        ],
        "text": "X103A-1 Half-Bridge",
        "text_to_ignore": []
    },
    {
        "id": "50c758eb-7ab7-4903-abb2-80cdb515721a",
        "display": "test/8.png",
        "bbox": [
            "8915",
            "8277",
            "9290",
            "8332"
        ],
        "text": "Power Apply",
        "text_to_ignore": []
    },
    {
        "id": "80dc3782-367c-4c5b-bee4-6656d2517242",
        "display": "test/8.png",
        "bbox": [
            "8916",
            "8354",
            "9516",
            "8428"
        ],
        "text": "X103A-2 Half-Bridge",
        "text_to_ignore": []
    },
    {
        "id": "62c54602-bb8f-45f7-9213-d9f234dccf5b",
        "display": "test/8.png",
        "bbox": [
            "8915",
            "8427",
            "9328",
            "8470"
        ],
        "text": "Power Release",
        "text_to_ignore": []
    },
    {
        "id": "68b9075c-8840-44ed-a18c-faa3b9d18862",
        "display": "test/8.png",
        "bbox": [
            "11672",
            "8626",
            "13852",
            "8656"
        ],
        "text": "THE INFORMATION CONTAINED HEREIN IS DEEMED TO BE CONFIDENTIAL, PROPRIETARY, AND A TRADE SECRET OF TESLA MOTORS. THIS",
        "text_to_ignore": []
    },
    {
        "id": "c12e568d-e74e-43ad-a057-d6c8ff7b11f5",
        "display": "test/8.png",
        "bbox": [
            "11672",
            "8658",
            "13884",
            "8696"
        ],
        "text": "INFORMATION \u201cMAY NOT BE USED, REPRODUCED, OR \u201cDISCLOSED AS THE DIRECT \u201cOR\u201d INDIRECT BASIS FOR THE \u2018DEVELOPMENT, MANUFACTURE ,",
        "text_to_ignore": []
    },
    {
        "id": "c547a732-9f1f-45d8-89fc-1c7926ba1ec6",
        "display": "test/8.png",
        "bbox": [
            "11670",
            "8698",
            "13288",
            "8728"
        ],
        "text": "OR SALE OF PROCESSES OR PRODUCTS WITHOUT THE EXPRESSD WRITTEN CONSENT OF TESLA MOTORS.",
        "text_to_ignore": []
    },
    {
        "id": "705886b0-f384-482d-9a83-1cffd1ccc2cd",
        "display": "test/8.png",
        "bbox": [
            "11916",
            "8776",
            "12978",
            "8826"
        ],
        "text": "DRAWN CHECKED",
        "text_to_ignore": []
    },
    {
        "id": "5fe0a29d-ef29-4aed-bcca-6ee4548818b6",
        "display": "test/8.png",
        "bbox": [
            "13362",
            "8778",
            "13744",
            "8828"
        ],
        "text": "APPROVED",
        "text_to_ignore": []
    },
    {
        "id": "65e60e18-c2bc-496a-81e2-3dc23119d5a6",
        "display": "test/8.png",
        "bbox": [
            "866",
            "8960",
            "1436",
            "8974"
        ],
        "text": "INGIVUTNVY VY INU J 1",
        "text_to_ignore": []
    },
    {
        "id": "a3802a25-5480-44c9-88c5-15e1cc225552",
        "display": "test/8.png",
        "bbox": [
            "1442",
            "8960",
            "3760",
            "8978"
        ],
        "text": "INGIO INVITE AINA UO INGYIYIINVY VY NUYS INGIVY MNYUYIVY MU SYS",
        "text_to_ignore": []
    },
    {
        "id": "035168fa-a606-46dc-bdee-2ca7d2e92f42",
        "display": "test/8.png",
        "bbox": [
            "1312",
            "9107",
            "1909",
            "9176"
        ],
        "text": "X050B-4 Half-Bridge",
        "text_to_ignore": []
    },
    {
        "id": "a3586d78-141b-430e-9432-fffb6e3f08e7",
        "display": "test/8.png",
        "bbox": [
            "1230",
            "9175",
            "1904",
            "9220"
        ],
        "text": "PARKING BRAKE PHASE A",
        "text_to_ignore": []
    },
    {
        "id": "2879773d-e67b-4df9-8af6-5c308cb80eaa",
        "display": "test/8.png",
        "bbox": [
            "2156",
            "9216",
            "2616",
            "9262"
        ],
        "text": "TWIST EPBO3-E",
        "text_to_ignore": []
    },
    {
        "id": "fc86ae8b-27a7-4469-9f22-7d086179fd8e",
        "display": "test/8.png",
        "bbox": [
            "1312",
            "9256",
            "1909",
            "9326"
        ],
        "text": "X050B-3 Half-Bridge",
        "text_to_ignore": []
    },
    {
        "id": "e4f21b38-4804-41cf-8647-f2d12be16b1d",
        "display": "test/8.png",
        "bbox": [
            "1232",
            "9324",
            "1908",
            "9370"
        ],
        "text": "PARKING BRAKE PHASE B",
        "text_to_ignore": []
    },
    {
        "id": "0de2dd25-ab73-48e5-9772-df16f220ec2f",
        "display": "test/8.png",
        "bbox": [
            "2028",
            "9362",
            "2236",
            "9398"
        ],
        "text": "\u2014 X050B",
        "text_to_ignore": []
    },
    {
        "id": "d840bd7b-e4fd-4497-bcb7-35b9676bb1b0",
        "display": "test/8.png",
        "bbox": [
            "2934",
            "9114",
            "3602",
            "9152"
        ],
        "text": "+EPBO3-A YE 2.00 FLRY",
        "text_to_ignore": []
    },
    {
        "id": "478ff71c-bbee-4d0d-96a5-d272f045806a",
        "display": "test/8.png",
        "bbox": [
            "2978",
            "9172",
            "3568",
            "9216"
        ],
        "text": "4168.0 3486395-XX (B)",
        "text_to_ignore": []
    },
    {
        "id": "d87ff46b-40a5-4e0e-85f6-74e6df65a405",
        "display": "test/8.png",
        "bbox": [
            "2934",
            "9264",
            "3628",
            "9304"
        ],
        "text": "+EPBO4-A WH 2.00 FLRY",
        "text_to_ignore": []
    },
    {
        "id": "d08d54fc-d6e3-4bf0-b526-82d0794eaf78",
        "display": "test/8.png",
        "bbox": [
            "2978",
            "9322",
            "3568",
            "9366"
        ],
        "text": "4168.0 3486395-XX (B)",
        "text_to_ignore": []
    },
    {
        "id": "d05c91ff-e438-4d8e-a7f6-78024b8cf36c",
        "display": "test/8.png",
        "bbox": [
            "4360",
            "9098",
            "4594",
            "9138"
        ],
        "text": "X993M",
        "text_to_ignore": []
    },
    {
        "id": "35586f01-f59f-4d2a-bb9b-3e142ca08613",
        "display": "test/8.png",
        "bbox": [
            "4652",
            "9100",
            "4876",
            "9138"
        ],
        "text": "X993F",
        "text_to_ignore": []
    },
    {
        "id": "21a38acb-1e80-4592-96e2-2799628a4917",
        "display": "test/8.png",
        "bbox": [
            "3922",
            "9216",
            "4396",
            "9264"
        ],
        "text": "TWIST EPBO3-E",
        "text_to_ignore": []
    },
    {
        "id": "2cb9f9e0-2fd2-4f53-acd2-e1d7c84d4650",
        "display": "test/8.png",
        "bbox": [
            "4856",
            "9214",
            "5328",
            "9262"
        ],
        "text": "TWIST EPBO3-L",
        "text_to_ignore": []
    },
    {
        "id": "2ab917b7-3d20-42d6-ae04-03af22c0d640",
        "display": "test/8.png",
        "bbox": [
            "6350",
            "9113",
            "7014",
            "9152"
        ],
        "text": "+EPBO3-A YE 2.00 FLRY",
        "text_to_ignore": []
    },
    {
        "id": "338b9fb8-93a5-44d9-a0a4-b903ace54330",
        "display": "test/8.png",
        "bbox": [
            "6390",
            "9171",
            "7124",
            "9213"
        ],
        "text": "24.360077 Chassis Harness RR",
        "text_to_ignore": []
    },
    {
        "id": "d4b6d494-3c6d-46ed-9341-53e48142633e",
        "display": "test/8.png",
        "bbox": [
            "6350",
            "9261",
            "7040",
            "9304"
        ],
        "text": "+EPBO4-A WH 2.00 FLRY",
        "text_to_ignore": []
    },
    {
        "id": "01ffccd6-577c-42ff-ab7b-4087b27adef6",
        "display": "test/8.png",
        "bbox": [
            "6390",
            "9321",
            "7124",
            "9362"
        ],
        "text": "24.360077 Chassis Harness RR",
        "text_to_ignore": []
    },
    {
        "id": "a591835e-632e-40da-afe6-2a04c84d7bc6",
        "display": "test/8.png",
        "bbox": [
            "8198",
            "9216",
            "8672",
            "9264"
        ],
        "text": "TWIST EPBO3-L",
        "text_to_ignore": []
    },
    {
        "id": "42c47848-0dc8-499f-bd37-61f49ffbb7f4",
        "display": "test/8.png",
        "bbox": [
            "8580",
            "9362",
            "8792",
            "9396"
        ],
        "text": "X104A.\u2014",
        "text_to_ignore": []
    },
    {
        "id": "3bae3f5c-7896-431c-be5e-e05f2717da89",
        "display": "test/8.png",
        "bbox": [
            "9332",
            "8960",
            "9506",
            "8972"
        ],
        "text": "MiinNw.'!",
        "text_to_ignore": []
    },
    {
        "id": "7d85a51f-db9c-4d9e-ae97-3e11c27177ef",
        "display": "test/8.png",
        "bbox": [
            "9106",
            "8990",
            "9418",
            "9051"
        ],
        "text": "X104A",
        "text_to_ignore": []
    },
    {
        "id": "0adb58de-b7dc-4cda-bbfd-2e9e1d33332a",
        "display": "test/8.png",
        "bbox": [
            "8916",
            "9115",
            "9514",
            "9174"
        ],
        "text": "X104A-1 Half-Bridge",
        "text_to_ignore": []
    },
    {
        "id": "d1f7509f-ff27-4b9f-8579-1ed96f7c6983",
        "display": "test/8.png",
        "bbox": [
            "8915",
            "9177",
            "9291",
            "9234"
        ],
        "text": "Power Apply",
        "text_to_ignore": []
    },
    {
        "id": "3be420c4-6806-4335-8927-aa836a822a52",
        "display": "test/8.png",
        "bbox": [
            "8914",
            "9266",
            "9514",
            "9326"
        ],
        "text": "X104A-2 Half-Bridge",
        "text_to_ignore": []
    },
    {
        "id": "dc1cbb4e-9fb6-4f93-828a-ce9fbe238685",
        "display": "test/8.png",
        "bbox": [
            "8916",
            "9326",
            "9328",
            "9370"
        ],
        "text": "Power Release",
        "text_to_ignore": []
    },
    {
        "id": "5979a39a-e945-4029-8a31-23220ea8f573",
        "display": "test/8.png",
        "bbox": [
            "11664",
            "9078",
            "12048",
            "9126"
        ],
        "text": "MATERIAL",
        "text_to_ignore": []
    },
    {
        "id": "74f7595e-ed57-43c6-bd1b-0244cb7428fa",
        "display": "test/8.png",
        "bbox": [
            "12602",
            "9076",
            "13020",
            "9126"
        ],
        "text": "FINISHING",
        "text_to_ignore": []
    },
    {
        "id": "9ad5b625-4813-48fa-bedf-8342647850e5",
        "display": "test/8.png",
        "bbox": [
            "11740",
            "9156",
            "12472",
            "9230"
        ],
        "text": "AS SPECIFIED",
        "text_to_ignore": []
    },
    {
        "id": "4700d90a-760a-48ce-9823-68b1f03eefe2",
        "display": "test/8.png",
        "bbox": [
            "12674",
            "9156",
            "13408",
            "9229"
        ],
        "text": "AS SPECIFIED",
        "text_to_ignore": []
    },
    {
        "id": "a4ef0297-dad8-46c5-8ae7-b99267797b1b",
        "display": "test/8.png",
        "bbox": [
            "11666",
            "9302",
            "12082",
            "9352"
        ],
        "text": "PART NAME",
        "text_to_ignore": []
    },
    {
        "id": "4d56fd9d-0858-414f-ad41-b700d4244635",
        "display": "test/8.png",
        "bbox": [
            "11659",
            "9360",
            "12766",
            "9465"
        ],
        "text": "Braking & Stability",
        "text_to_ignore": []
    },
    {
        "id": "02acc5f8-45a3-4c7a-aa53-29d0d1a56201",
        "display": "test/8.png",
        "bbox": [
            "11666",
            "9528",
            "12152",
            "9578"
        ],
        "text": "PART NUMBER",
        "text_to_ignore": []
    },
    {
        "id": "53c1abe0-683a-4a55-a79c-add1a44407ff",
        "display": "test/8.png",
        "bbox": [
            "13537",
            "9076",
            "13814",
            "9126"
        ],
        "text": "SCALE",
        "text_to_ignore": []
    },
    {
        "id": "5ed4d6cd-ef6f-408b-a63a-7c5cdf275634",
        "display": "test/8.png",
        "bbox": [
            "13596",
            "9154",
            "13901",
            "9223"
        ],
        "text": "NONE",
        "text_to_ignore": []
    },
    {
        "id": "554b2462-ffdb-48a2-a6bd-65730907bc9c",
        "display": "test/8.png",
        "bbox": [
            "12788",
            "9526",
            "13364",
            "9577"
        ],
        "text": "REV SHEET",
        "text_to_ignore": []
    },
    {
        "id": "109c5f49-4dba-4370-bd99-a93ca6e91aa5",
        "display": "test/8.png",
        "bbox": [
            "13613",
            "9528",
            "13853",
            "9575"
        ],
        "text": "SIZE",
        "text_to_ignore": []
    },
    {
        "id": "69f39f53-0eee-467e-bbd1-bdda0e21a056",
        "display": "test/8.png",
        "bbox": [
            "12878",
            "9646",
            "13585",
            "9716"
        ],
        "text": "9 oF 61",
        "text_to_ignore": []
    }
]