[
    {
        "id": "ab390bf1-27c4-4144-9c5f-6749c85412bc",
        "display": "test/9.png",
        "bbox": [
            "614",
            "282",
            "1016",
            "350"
        ],
        "text": "HCU ESP",
        "text_to_ignore": []
    },
    {
        "id": "328d24b2-6dff-496d-9e18-2befd12e96cb",
        "display": "test/9.png",
        "bbox": [
            "836",
            "366",
            "1104",
            "430"
        ],
        "text": "X106",
        "text_to_ignore": []
    },
    {
        "id": "f592b6e1-78c1-4093-bfcf-31f1aadbe9d3",
        "display": "test/9.png",
        "bbox": [
            "607",
            "1032",
            "1384",
            "1098"
        ],
        "text": "iBooster ECU & DTS",
        "text_to_ignore": []
    },
    {
        "id": "d6250862-1639-4aca-90b5-1f5fc5b4e0b6",
        "display": "test/9.png",
        "bbox": [
            "834",
            "1113",
            "1328",
            "1181"
        ],
        "text": "X117 X109",
        "text_to_ignore": []
    },
    {
        "id": "34ef7754-5f8e-4385-846e-41cb734adf1e",
        "display": "test/9.png",
        "bbox": [
            "1600",
            "552",
            "2060",
            "596"
        ],
        "text": "CAN + P Chassis",
        "text_to_ignore": []
    },
    {
        "id": "076a114f-7c32-4b62-9e2d-2365ef6f3592",
        "display": "test/9.png",
        "bbox": [
            "2305",
            "589",
            "2934",
            "647"
        ],
        "text": "TWIST-CAN CCH12-C fortiiasy =",
        "text_to_ignore": []
    },
    {
        "id": "b35cade4-91d4-42a1-b116-078e723254c1",
        "display": "test/9.png",
        "bbox": [
            "1604",
            "702",
            "2060",
            "746"
        ],
        "text": "CAN - N Chassis",
        "text_to_ignore": []
    },
    {
        "id": "3dd8f1bf-0d41-4cff-b212-a0f4e7d37d78",
        "display": "test/9.png",
        "bbox": [
            "2178",
            "738",
            "2366",
            "772"
        ],
        "text": "X106",
        "text_to_ignore": []
    },
    {
        "id": "17496e47-28ce-4d46-9180-bd411cfc082a",
        "display": "test/9.png",
        "bbox": [
            "2798",
            "490",
            "3616",
            "530"
        ],
        "text": "++CCH12-C GN WH 0.35 FLRY",
        "text_to_ignore": []
    },
    {
        "id": "9198a1d3-d8f7-4ec8-a0a2-5e306b0b17d0",
        "display": "test/9.png",
        "bbox": [
            "2846",
            "548",
            "3450",
            "594"
        ],
        "text": "1354.0 3486408-XxX (W)",
        "text_to_ignore": []
    },
    {
        "id": "9d86cf63-e9f1-4e03-8076-58041e01c427",
        "display": "test/9.png",
        "bbox": [
            "2648",
            "640",
            "3377",
            "680"
        ],
        "text": "++CCH13-C GN 0.35 FLRY",
        "text_to_ignore": []
    },
    {
        "id": "aa253c39-5b7d-4d0e-ac9b-8353b79a0448",
        "display": "test/9.png",
        "bbox": [
            "2693",
            "697",
            "3392",
            "740"
        ],
        "text": "594.061805 3486408-XxX (W)",
        "text_to_ignore": []
    },
    {
        "id": "b58854e3-9944-4256-97c1-ccac3dd0ecf4",
        "display": "test/9.png",
        "bbox": [
            "2762",
            "1240",
            "3578",
            "1278"
        ],
        "text": "++CCH12-B GN WH 0.35 FLRY",
        "text_to_ignore": []
    },
    {
        "id": "82ba1c35-a3d0-4b0b-9369-d7ce9e0f0e53",
        "display": "test/9.png",
        "bbox": [
            "5212",
            "489",
            "6002",
            "531"
        ],
        "text": "+CCH12-G GN WH 0.35 FLRY",
        "text_to_ignore": []
    },
    {
        "id": "52b6444d-e3c8-4750-9667-43e1aa40036a",
        "display": "test/9.png",
        "bbox": [
            "5258",
            "548",
            "5864",
            "592"
        ],
        "text": "1744.0 3486408-XX (W)",
        "text_to_ignore": []
    },
    {
        "id": "7e317492-d842-4180-b281-38378324be31",
        "display": "test/9.png",
        "bbox": [
            "5286",
            "640",
            "5988",
            "680"
        ],
        "text": "+CCH13-G GN 0.35 FLRY",
        "text_to_ignore": []
    },
    {
        "id": "ef902d26-6161-4946-8218-91ef9fd53f68",
        "display": "test/9.png",
        "bbox": [
            "5329",
            "697",
            "6030",
            "740"
        ],
        "text": "984.061805 3486408-XX (W)",
        "text_to_ignore": []
    },
    {
        "id": "5d0b524f-de6e-4356-b814-568cc8c5c742",
        "display": "test/9.png",
        "bbox": [
            "7210",
            "474",
            "7726",
            "514"
        ],
        "text": "X954M ss XQ54F",
        "text_to_ignore": []
    },
    {
        "id": "0f70b2fb-fe50-4705-8106-be749ba64379",
        "display": "test/9.png",
        "bbox": [
            "6614",
            "592",
            "7244",
            "646"
        ],
        "text": "TWIST-CAN CCH12-G",
        "text_to_ignore": []
    },
    {
        "id": "b4486429-c2bb-403a-a9b7-2d595ed142f5",
        "display": "test/9.png",
        "bbox": [
            "7502",
            "626",
            "7726",
            "664"
        ],
        "text": "X954F",
        "text_to_ignore": []
    },
    {
        "id": "47e9127b-0f0b-4aeb-8fde-0fd2ab4da062",
        "display": "test/9.png",
        "bbox": [
            "7990",
            "490",
            "8774",
            "530"
        ],
        "text": "+CCH12-F GN WH 0.35 FLRY",
        "text_to_ignore": []
    },
    {
        "id": "c86c0069-2400-4e22-b450-01a2e3a8a511",
        "display": "test/9.png",
        "bbox": [
            "8038",
            "547",
            "8630",
            "592"
        ],
        "text": "1286.0 \u2014 3486394-XxX (A) a \u2014 \u2014a aT",
        "text_to_ignore": []
    },
    {
        "id": "458f262c-6ff8-4640-995c-bcba5d589af9",
        "display": "test/9.png",
        "bbox": [
            "7706",
            "588",
            "8326",
            "640"
        ],
        "text": "TWIST-CAN CCH12-F",
        "text_to_ignore": []
    },
    {
        "id": "3bec7ae9-b763-498d-93c7-fca335a73234",
        "display": "test/9.png",
        "bbox": [
            "8500",
            "591",
            "9117",
            "643"
        ],
        "text": "TWIST-CAN CCH12-F",
        "text_to_ignore": []
    },
    {
        "id": "b57a5b9c-477c-4a5b-92b0-d6803b4fcde0",
        "display": "test/9.png",
        "bbox": [
            "7990",
            "640",
            "8684",
            "680"
        ],
        "text": "$CCH13-F GN 0.35. FLRY \u00a9",
        "text_to_ignore": []
    },
    {
        "id": "9b407252-ab89-4154-87a7-311500bd0c4a",
        "display": "test/9.png",
        "bbox": [
            "8038",
            "698",
            "8630",
            "742"
        ],
        "text": "1286.0 3486394-XX (A)",
        "text_to_ignore": []
    },
    {
        "id": "68356c9f-489c-45fd-8866-3ec26d64f16a",
        "display": "test/9.png",
        "bbox": [
            "9312",
            "282",
            "10262",
            "349"
        ],
        "text": "Restraint Control Module",
        "text_to_ignore": []
    },
    {
        "id": "f5c86ae6-5004-4bec-9b23-879f8bc6c844",
        "display": "test/9.png",
        "bbox": [
            "9556",
            "364",
            "10042",
            "430"
        ],
        "text": "X200 X201",
        "text_to_ignore": []
    },
    {
        "id": "496a8fdc-c632-4fe9-be17-4ec7c622dfef",
        "display": "test/9.png",
        "bbox": [
            "9364",
            "551",
            "9827",
            "601"
        ],
        "text": "CAN1H (Chassis)",
        "text_to_ignore": []
    },
    {
        "id": "83aec30a-22f8-4400-a708-dec8b057944d",
        "display": "test/9.png",
        "bbox": [
            "9366",
            "702",
            "9816",
            "752"
        ],
        "text": "CAN1L (Chassis)",
        "text_to_ignore": []
    },
    {
        "id": "f49b8b20-fb8a-4c12-8a92-3e8769e9f2d9",
        "display": "test/9.png",
        "bbox": [
            "9056",
            "738",
            "9240",
            "774"
        ],
        "text": "X201 \u2014",
        "text_to_ignore": []
    },
    {
        "id": "6a552574-b03a-46a4-b654-c660262fc99c",
        "display": "test/9.png",
        "bbox": [
            "1396",
            "1300",
            "2060",
            "1352"
        ],
        "text": "Chassis CAN2 Positive (+)",
        "text_to_ignore": []
    },
    {
        "id": "3da58265-1042-44de-8fa4-0fe9460a0db0",
        "display": "test/9.png",
        "bbox": [
            "2306",
            "1342",
            "2929",
            "1396"
        ],
        "text": "TWIST-CAN CCH12-B \u2014",
        "text_to_ignore": []
    },
    {
        "id": "424ba252-9437-4910-9f84-947daac88b66",
        "display": "test/9.png",
        "bbox": [
            "1381",
            "1450",
            "2058",
            "1506"
        ],
        "text": "Chassis CAN2 Negative (-)",
        "text_to_ignore": []
    },
    {
        "id": "8cb0e4e9-c264-40c7-a811-6036b22c3230",
        "display": "test/9.png",
        "bbox": [
            "2178",
            "1488",
            "2364",
            "1522"
        ],
        "text": "\u2014 X117",
        "text_to_ignore": []
    },
    {
        "id": "e7b68a8a-5b83-4a63-82f5-d27d9a26ad5c",
        "display": "test/9.png",
        "bbox": [
            "2770",
            "1298",
            "3530",
            "1344"
        ],
        "text": "DRLH 1257.0 3486408-XX (W)",
        "text_to_ignore": []
    },
    {
        "id": "f0658427-9945-4bfc-9ad5-e30050089de1",
        "display": "test/9.png",
        "bbox": [
            "2614",
            "1390",
            "3338",
            "1430"
        ],
        "text": "++CCH13-B GN 0.35 FLRY",
        "text_to_ignore": []
    },
    {
        "id": "7e5a7aa1-814c-4c73-a880-39dc9310d39d",
        "display": "test/9.png",
        "bbox": [
            "2620",
            "1447",
            "3474",
            "1494"
        ],
        "text": "DRLH 497.061805 3486408-XX (W)",
        "text_to_ignore": []
    },
    {
        "id": "0ae66163-99ef-4290-b531-16f9207bb29e",
        "display": "test/9.png",
        "bbox": [
            "3382",
            "1964",
            "3870",
            "2014"
        ],
        "text": "Z128-+CCH1 3",
        "text_to_ignore": []
    },
    {
        "id": "69c87294-cb47-4115-b4c1-a655eeeb4432",
        "display": "test/9.png",
        "bbox": [
            "4162",
            "1634",
            "4652",
            "1684"
        ],
        "text": "Z127-+CCH12",
        "text_to_ignore": []
    },
    {
        "id": "d27cd39b-a27f-4901-9af3-9531a535d52a",
        "display": "test/9.png",
        "bbox": [
            "4198",
            "2440",
            "4990",
            "2480"
        ],
        "text": "+CCH12-D GN WH 0.35 FLRY",
        "text_to_ignore": []
    },
    {
        "id": "4d90795b-dfe0-4aa7-952a-ae8abff716df",
        "display": "test/9.png",
        "bbox": [
            "4246",
            "2498",
            "4848",
            "2540"
        ],
        "text": "1744.0 3486408-XX (W)",
        "text_to_ignore": []
    },
    {
        "id": "3b3bc741-4f40-4315-bb1c-0af46d90876b",
        "display": "test/9.png",
        "bbox": [
            "4744",
            "2542",
            "5365",
            "2592"
        ],
        "text": "TWIST-CAN CCH12-D",
        "text_to_ignore": []
    },
    {
        "id": "9dd61b35-c629-4f40-adfa-29a83acd4be0",
        "display": "test/9.png",
        "bbox": [
            "5334",
            "2426",
            "5568",
            "2464"
        ],
        "text": "X954M",
        "text_to_ignore": []
    },
    {
        "id": "7ff29db7-a235-4940-951a-cdd9316899e5",
        "display": "test/9.png",
        "bbox": [
            "5628",
            "2426",
            "5850",
            "2464"
        ],
        "text": "X954F",
        "text_to_ignore": []
    },
    {
        "id": "b8755a61-4155-4818-9a06-bbe763b53f64",
        "display": "test/9.png",
        "bbox": [
            "6152",
            "2426",
            "7442",
            "2480"
        ],
        "text": "+CCH12-E GN WH 0.35. FLRY X9TSF",
        "text_to_ignore": []
    },
    {
        "id": "1ef23581-67c2-40c0-b282-2259fc6306aa",
        "display": "test/9.png",
        "bbox": [
            "6198",
            "2498",
            "6792",
            "2540"
        ],
        "text": "2868.0 3486394-XX (A)",
        "text_to_ignore": []
    },
    {
        "id": "56346201-bf06-417a-b54d-ce058131ab4e",
        "display": "test/9.png",
        "bbox": [
            "5336",
            "2539",
            "9092",
            "2630"
        ],
        "text": "LALA TWIST-CAN CCH12-E = TWIST-CAN CCH12-E KN TWIST-CAN CCH12-H TWIST-CAN CCH12-H : \u201c1 xos4F +CCH13-E GN 0.35 FLRY - X975F 8) )X975M +CCH13-H GN 0.35. FLRY xO78F ;",
        "text_to_ignore": []
    },
    {
        "id": "1353696c-2639-440e-8139-99345d67fe48",
        "display": "test/9.png",
        "bbox": [
            "7502",
            "2426",
            "7728",
            "2464"
        ],
        "text": "- X975M",
        "text_to_ignore": []
    },
    {
        "id": "36f94bd2-d41d-4682-9892-ebd81a14bb49",
        "display": "test/9.png",
        "bbox": [
            "7909",
            "2424",
            "9092",
            "2481"
        ],
        "text": "fo +CCH12-H GN WH 0.35. FLRY X978F\u2019 A,",
        "text_to_ignore": []
    },
    {
        "id": "3c796b9d-0b91-44ca-b6c1-11cd4e7a02d1",
        "display": "test/9.png",
        "bbox": [
            "7956",
            "2498",
            "8548",
            "2540"
        ],
        "text": "2365.0 3486395-XxX (B)",
        "text_to_ignore": []
    },
    {
        "id": "76265baf-b456-4b8c-98ca-2e9227d4823e",
        "display": "test/9.png",
        "bbox": [
            "9152",
            "2425",
            "9386",
            "2463"
        ],
        "text": "X978M",
        "text_to_ignore": []
    },
    {
        "id": "feb18f36-7203-41a3-a0ca-ed92e13408c6",
        "display": "test/9.png",
        "bbox": [
            "9419",
            "2438",
            "10193",
            "2481"
        ],
        "text": "+CCH12- GN WH 0.35 FLRY",
        "text_to_ignore": []
    },
    {
        "id": "1200b11b-2987-4ca4-a852-f586dd8c19c1",
        "display": "test/9.png",
        "bbox": [
            "9006",
            "2478",
            "9244",
            "2516"
        ],
        "text": "\u201414 14\u2014",
        "text_to_ignore": []
    },
    {
        "id": "b9892a61-d25f-4168-b424-41d89f7e600b",
        "display": "test/9.png",
        "bbox": [
            "9465",
            "2497",
            "10166",
            "2540"
        ],
        "text": "171.962788 \u2014 3486408-XX (W)",
        "text_to_ignore": []
    },
    {
        "id": "c1c2fa12-6ac0-4d99-b79d-6c5317851288",
        "display": "test/9.png",
        "bbox": [
            "9152",
            "2541",
            "9886",
            "2630"
        ],
        "text": "x TWIST-CAN CCH12- \u2014 xo78M +CCH13-. GN 0.35 \u2014",
        "text_to_ignore": []
    },
    {
        "id": "a930cad7-b12f-48a4-adcf-8008c15ab045",
        "display": "test/9.png",
        "bbox": [
            "11086",
            "2438",
            "11904",
            "2481"
        ],
        "text": "++CCH12-A GN WH 0.35 FLRY",
        "text_to_ignore": []
    },
    {
        "id": "f7b5a42b-6c6b-4b05-b80b-4b5984884c51",
        "display": "test/9.png",
        "bbox": [
            "11128",
            "2497",
            "11854",
            "2540"
        ],
        "text": "2253.962788 3486408-XX (W)",
        "text_to_ignore": []
    },
    {
        "id": "584646fa-f265-4a38-9418-fe72e3eadb42",
        "display": "test/9.png",
        "bbox": [
            "12536",
            "2313",
            "13484",
            "2381"
        ],
        "text": "X168 X169 X171 X1 0",
        "text_to_ignore": []
    },
    {
        "id": "c668627f-6742-4643-96af-0dedb88f565b",
        "display": "test/9.png",
        "bbox": [
            "12362",
            "2442",
            "12762",
            "2490"
        ],
        "text": "X170-2 CAN",
        "text_to_ignore": []
    },
    {
        "id": "5f40a2b7-360b-4477-b518-fd3904240138",
        "display": "test/9.png",
        "bbox": [
            "12364",
            "2502",
            "12658",
            "2546"
        ],
        "text": "CAN2 HI",
        "text_to_ignore": []
    },
    {
        "id": "d8288943-b1ab-4a25-ad1e-18f10105f024",
        "display": "test/9.png",
        "bbox": [
            "11494",
            "2542",
            "12058",
            "2558"
        ],
        "text": "TVAIICT CARI CCLI19 A",
        "text_to_ignore": []
    },
    {
        "id": "acfb817d-ee3b-49c9-b1df-cb5af70e0f59",
        "display": "test/9.png",
        "bbox": [
            "613",
            "3281",
            "1502",
            "3365"
        ],
        "text": "Diagnostic CAN Port #1",
        "text_to_ignore": []
    },
    {
        "id": "6d8bc878-5dd9-473a-b842-697d1ff78e33",
        "display": "test/9.png",
        "bbox": [
            "988",
            "3366",
            "1252",
            "3428"
        ],
        "text": "X437",
        "text_to_ignore": []
    },
    {
        "id": "812e5ff1-3ee5-4d8f-8305-a16e43108c3c",
        "display": "test/9.png",
        "bbox": [
            "1738",
            "3552",
            "2058",
            "3594"
        ],
        "text": "CH CAN P",
        "text_to_ignore": []
    },
    {
        "id": "9fa0e71d-8c09-4991-b7ad-41e5b0079f5b",
        "display": "test/9.png",
        "bbox": [
            "2306",
            "3589",
            "2930",
            "3647"
        ],
        "text": "TWIST-CAN CCH12-P",
        "text_to_ignore": []
    },
    {
        "id": "e0828a62-3612-41d2-ae6f-35ea5b2a5d27",
        "display": "test/9.png",
        "bbox": [
            "1730",
            "3702",
            "2056",
            "3744"
        ],
        "text": "CH CAN N",
        "text_to_ignore": []
    },
    {
        "id": "b449c192-4c5c-497f-ac1d-b4eb215a0939",
        "display": "test/9.png",
        "bbox": [
            "2178",
            "3736",
            "2364",
            "3772"
        ],
        "text": "X437",
        "text_to_ignore": []
    },
    {
        "id": "015e48b9-39cd-4434-946b-add18b4a411d",
        "display": "test/9.png",
        "bbox": [
            "3602",
            "3489",
            "4388",
            "3531"
        ],
        "text": "+CCH12-P GN WH 0.35 FLRY",
        "text_to_ignore": []
    },
    {
        "id": "d32aa88d-f4fe-4f05-b971-46423bd5e97b",
        "display": "test/9.png",
        "bbox": [
            "3650",
            "3548",
            "4346",
            "3594"
        ],
        "text": "1164.541381 3486401-XX (J)",
        "text_to_ignore": []
    },
    {
        "id": "935a7f6a-8bf3-4231-a6a1-f2b3a7d14878",
        "display": "test/9.png",
        "bbox": [
            "3601",
            "3637",
            "4298",
            "3681"
        ],
        "text": "+CCH13-P GN 0.35 FLRY",
        "text_to_ignore": []
    },
    {
        "id": "59b305e8-8874-4ded-8116-295255234214",
        "display": "test/9.png",
        "bbox": [
            "3650",
            "3697",
            "4346",
            "3744"
        ],
        "text": "1164.541381 3486401-XX (J)",
        "text_to_ignore": []
    },
    {
        "id": "8027248b-e2c4-4d34-a163-9d9ac0b88d0f",
        "display": "test/9.png",
        "bbox": [
            "4198",
            "2590",
            "4902",
            "2630"
        ],
        "text": "+CCH13-D GN 0.35 FLRY",
        "text_to_ignore": []
    },
    {
        "id": "2fd95f78-ff2b-43f6-9dfd-8c3ac3ee5c96",
        "display": "test/9.png",
        "bbox": [
            "4242",
            "2648",
            "4944",
            "2692"
        ],
        "text": "984.061805 3486408-XX (W)",
        "text_to_ignore": []
    },
    {
        "id": "c10e5acf-29bb-4b5b-95ce-deb4818a5e95",
        "display": "test/9.png",
        "bbox": [
            "4970",
            "3589",
            "5594",
            "3647"
        ],
        "text": "TWIST-CAN CCH12-P",
        "text_to_ignore": []
    },
    {
        "id": "e3a9a0c5-cc81-4b40-b755-e4c1ef65ce76",
        "display": "test/9.png",
        "bbox": [
            "6198",
            "2648",
            "6792",
            "2692"
        ],
        "text": "2868.0 3486394-XX (A)",
        "text_to_ignore": []
    },
    {
        "id": "0525294d-d36f-4d18-858e-7daad78c9428",
        "display": "test/9.png",
        "bbox": [
            "5568",
            "3476",
            "5792",
            "3514"
        ],
        "text": "X958F",
        "text_to_ignore": []
    },
    {
        "id": "f27f74d8-e209-4b70-a17a-5a0eaeda2f99",
        "display": "test/9.png",
        "bbox": [
            "5852",
            "3476",
            "6086",
            "3514"
        ],
        "text": "- X958M",
        "text_to_ignore": []
    },
    {
        "id": "d7eef50a-291e-40c3-9a6b-13f1880596e0",
        "display": "test/9.png",
        "bbox": [
            "6056",
            "3586",
            "6677",
            "3644"
        ],
        "text": "TWIST-CAN CCH12-L",
        "text_to_ignore": []
    },
    {
        "id": "5cb5bee0-0b04-4a69-a824-16a634472a06",
        "display": "test/9.png",
        "bbox": [
            "5570",
            "3624",
            "6086",
            "3664"
        ],
        "text": "X958F \u2018 X958M),",
        "text_to_ignore": []
    },
    {
        "id": "fcaccad7-2446-49e9-9062-30be99d6b761",
        "display": "test/9.png",
        "bbox": [
            "7427",
            "3638",
            "8122",
            "3681"
        ],
        "text": "+CCH13-L GN 0.35 FLRY",
        "text_to_ignore": []
    },
    {
        "id": "7164ef61-b19c-4dcb-82c5-8ba45cd9d110",
        "display": "test/9.png",
        "bbox": [
            "7471",
            "3697",
            "8126",
            "3742"
        ],
        "text": "2.247292 3486408-XX (W)",
        "text_to_ignore": []
    },
    {
        "id": "1838683a-a08e-43aa-a585-41f15ca8d7b2",
        "display": "test/9.png",
        "bbox": [
            "7954",
            "2647",
            "8548",
            "2692"
        ],
        "text": "2365.0 3486395-XX (B)",
        "text_to_ignore": []
    },
    {
        "id": "2890ad33-7469-47c3-85c0-c211690e0988",
        "display": "test/9.png",
        "bbox": [
            "7878",
            "3488",
            "8660",
            "3531"
        ],
        "text": "+CCH12-L GN WH 0.35 FLRY",
        "text_to_ignore": []
    },
    {
        "id": "7d483569-e893-45d8-9b47-5741ca0c0230",
        "display": "test/9.png",
        "bbox": [
            "7924",
            "3548",
            "8578",
            "3594"
        ],
        "text": "2.013786 3486408-XX (W)",
        "text_to_ignore": []
    },
    {
        "id": "1b3e3fde-c693-4f7e-9559-83bd0459cc56",
        "display": "test/9.png",
        "bbox": [
            "9740",
            "2590",
            "10068",
            "2630"
        ],
        "text": "0.35. FLRY",
        "text_to_ignore": []
    },
    {
        "id": "845fceb9-8f65-42d3-9ae0-6de3f8037664",
        "display": "test/9.png",
        "bbox": [
            "9006",
            "2628",
            "9246",
            "2668"
        ],
        "text": "15 15",
        "text_to_ignore": []
    },
    {
        "id": "8c10115c-3745-49c9-8d6d-9bff7c543f8a",
        "display": "test/9.png",
        "bbox": [
            "9428",
            "2648",
            "10128",
            "2692"
        ],
        "text": "171.729282 3486408-XX (W)",
        "text_to_ignore": []
    },
    {
        "id": "dcbdf0f0-1bdc-4766-bd92-2f87774eaae3",
        "display": "test/9.png",
        "bbox": [
            "10895",
            "2588",
            "11628",
            "2631"
        ],
        "text": "++CCH13-A GN 0.35 FLRY \u2014",
        "text_to_ignore": []
    },
    {
        "id": "7d339fa5-1fb8-4726-a858-4cb327e89da0",
        "display": "test/9.png",
        "bbox": [
            "10941",
            "2647",
            "11666",
            "2694"
        ],
        "text": "2253.729282 3486408-XX (W)",
        "text_to_ignore": []
    },
    {
        "id": "3404df96-3fce-4ac7-934f-1468a06da7a9",
        "display": "test/9.png",
        "bbox": [
            "11494",
            "2560",
            "12114",
            "2594"
        ],
        "text": "IVWVIST-CAN CCR IC-A =F) FAs",
        "text_to_ignore": []
    },
    {
        "id": "99309b50-25e7-45d2-88dd-bbb07448d5d0",
        "display": "test/9.png",
        "bbox": [
            "12362",
            "2592",
            "12762",
            "2640"
        ],
        "text": "X170-3 CAN",
        "text_to_ignore": []
    },
    {
        "id": "9dbe7339-4584-45eb-acc9-63b92db986b1",
        "display": "test/9.png",
        "bbox": [
            "12364",
            "2652",
            "12670",
            "2698"
        ],
        "text": "CAN2 LO",
        "text_to_ignore": []
    },
    {
        "id": "e33433df-6ef7-4318-aaf9-167ed844a44f",
        "display": "test/9.png",
        "bbox": [
            "12056",
            "2688",
            "12244",
            "2722"
        ],
        "text": "X170",
        "text_to_ignore": []
    },
    {
        "id": "44eb92f3-febb-4a99-b3c5-3c5eb6cf0339",
        "display": "test/9.png",
        "bbox": [
            "614",
            "4034",
            "1032",
            "4112"
        ],
        "text": "Autopilot",
        "text_to_ignore": []
    },
    {
        "id": "f9e8f42b-a7d6-46f8-9212-d57c0c25f3a1",
        "display": "test/9.png",
        "bbox": [
            "16",
            "4115",
            "3036",
            "4180"
        ],
        "text": "X149 X150 X838 X839 X835 X865 X836 X828",
        "text_to_ignore": []
    },
    {
        "id": "939ac611-2791-4ebc-af47-d1242e510149",
        "display": "test/9.png",
        "bbox": [
            "1652",
            "4302",
            "2062",
            "4344"
        ],
        "text": "CH-CAN-H-Ex",
        "text_to_ignore": []
    },
    {
        "id": "65aec87b-36d3-477e-aa43-19319d16889e",
        "display": "test/9.png",
        "bbox": [
            "2306",
            "4342",
            "2946",
            "4396"
        ],
        "text": "TWIST-CAN CCH12-M",
        "text_to_ignore": []
    },
    {
        "id": "27b8cd00-b06e-41b4-aa31-2728ad402336",
        "display": "test/9.png",
        "bbox": [
            "1662",
            "4452",
            "2060",
            "4494"
        ],
        "text": "CH-CAN-L-Ex",
        "text_to_ignore": []
    },
    {
        "id": "f5910887-0cef-4756-9abe-29b42d53afa2",
        "display": "test/9.png",
        "bbox": [
            "2178",
            "4488",
            "2364",
            "4522"
        ],
        "text": "X149",
        "text_to_ignore": []
    },
    {
        "id": "9f65743b-28cd-4bf0-8a9f-70b44c91e0d0",
        "display": "test/9.png",
        "bbox": [
            "6016",
            "4240",
            "6848",
            "4280"
        ],
        "text": "++CCH12-M GN WH 0.35 FLRY",
        "text_to_ignore": []
    },
    {
        "id": "0f6f5dc0-ee34-41da-a5d4-0c577ffbc67b",
        "display": "test/9.png",
        "bbox": [
            "6062",
            "4298",
            "6764",
            "4344"
        ],
        "text": "429.962788 3486408-XX (W)",
        "text_to_ignore": []
    },
    {
        "id": "60291cfc-9908-4c4f-86bb-c7feb0ba215d",
        "display": "test/9.png",
        "bbox": [
            "5792",
            "4388",
            "6534",
            "4431"
        ],
        "text": "++CCH13-M GN 0.35 FLRY",
        "text_to_ignore": []
    },
    {
        "id": "d91dc808-f8c3-4b3e-9075-f2b666b4f265",
        "display": "test/9.png",
        "bbox": [
            "5836",
            "4447",
            "6534",
            "4492"
        ],
        "text": "429.729282 3486408-XX (W)",
        "text_to_ignore": []
    },
    {
        "id": "e8c48012-98ba-45d4-bf68-80cec6744b14",
        "display": "test/9.png",
        "bbox": [
            "9876",
            "4754",
            "10330",
            "4804"
        ],
        "text": "Z69-+CCH13 7",
        "text_to_ignore": []
    },
    {
        "id": "acc58056-dfd2-42c3-bf70-86b651d8a185",
        "display": "test/9.png",
        "bbox": [
            "10776",
            "3958",
            "11232",
            "4008"
        ],
        "text": "Z68-+CCHI1 2",
        "text_to_ignore": []
    },
    {
        "id": "843e1a1b-6658-4263-9c88-f328be08021f",
        "display": "test/9.png",
        "bbox": [
            "616",
            "5378",
            "1272",
            "5461"
        ],
        "text": "MCU & Gateway",
        "text_to_ignore": []
    },
    {
        "id": "a13bd3b3-f22d-44a9-a135-31d16fb304d2",
        "display": "test/9.png",
        "bbox": [
            "1006",
            "5465",
            "3772",
            "5530"
        ],
        "text": "X452 X453 X454 X800 X803 X801 X804 X802 X829 X860 X862 X455",
        "text_to_ignore": []
    },
    {
        "id": "336ce0e3-b617-4871-a47e-ec7d549e488e",
        "display": "test/9.png",
        "bbox": [
            "1726",
            "5652",
            "2058",
            "5700"
        ],
        "text": "CH-CAN P",
        "text_to_ignore": []
    },
    {
        "id": "b6b949f1-00d2-4a67-80f1-3f4e75fb1d28",
        "display": "test/9.png",
        "bbox": [
            "2304",
            "5690",
            "2934",
            "5744"
        ],
        "text": "TWIST-CAN CCH12-K",
        "text_to_ignore": []
    },
    {
        "id": "184268fc-5399-4276-88bc-e32aa7180dff",
        "display": "test/9.png",
        "bbox": [
            "1716",
            "5802",
            "2056",
            "5848"
        ],
        "text": "CH-CAN N",
        "text_to_ignore": []
    },
    {
        "id": "c7658237-5174-43b0-9cad-61fd257733d9",
        "display": "test/9.png",
        "bbox": [
            "2178",
            "5836",
            "2364",
            "5872"
        ],
        "text": "X452",
        "text_to_ignore": []
    },
    {
        "id": "474a8ff0-d529-412e-a949-0cf4b7f8d752",
        "display": "test/9.png",
        "bbox": [
            "6075",
            "5588",
            "6862",
            "5632"
        ],
        "text": "+CCH12-K GN WH 0.35 FLRY",
        "text_to_ignore": []
    },
    {
        "id": "b4256486-5a70-46ae-bf7d-b364c94e6c07",
        "display": "test/9.png",
        "bbox": [
            "6120",
            "5648",
            "6820",
            "5692"
        ],
        "text": "463.962788 3486408-XX (W)",
        "text_to_ignore": []
    },
    {
        "id": "9f898a4f-43d7-4155-af3b-57248ef30b73",
        "display": "test/9.png",
        "bbox": [
            "5887",
            "5738",
            "6586",
            "5781"
        ],
        "text": "+CCH13-K GN 0.35 FLRY",
        "text_to_ignore": []
    },
    {
        "id": "f7cb85fa-6a2d-4030-8140-00dc1847ed09",
        "display": "test/9.png",
        "bbox": [
            "5934",
            "5797",
            "6634",
            "5842"
        ],
        "text": "463.729282 3486408-XX (W)",
        "text_to_ignore": []
    },
    {
        "id": "75aab54d-7347-4856-a315-c6dde90c7cd7",
        "display": "test/9.png",
        "bbox": [
            "11029",
            "5588",
            "11808",
            "5631"
        ],
        "text": "+CCH12-J) GN WH 0.35 FLRY",
        "text_to_ignore": []
    },
    {
        "id": "d2f6771d-2bf8-42a8-9f42-5ca08c02bc33",
        "display": "test/9.png",
        "bbox": [
            "11076",
            "5648",
            "11778",
            "5690"
        ],
        "text": "377.962788 3486408-XX (W) el",
        "text_to_ignore": []
    },
    {
        "id": "2045341e-6793-4001-a8d7-da47a636ad11",
        "display": "test/9.png",
        "bbox": [
            "11356",
            "5690",
            "11968",
            "5744"
        ],
        "text": "TWIST- CAN CCH12-J r s",
        "text_to_ignore": []
    },
    {
        "id": "1cc08b37-1b74-476f-bab3-3f9ad77f783c",
        "display": "test/9.png",
        "bbox": [
            "10841",
            "5739",
            "11531",
            "5781"
        ],
        "text": "+CCH13-) GN 0.35 FLRY",
        "text_to_ignore": []
    },
    {
        "id": "bc215cf1-c3a8-4edf-a6ea-4ab0bf2c4b17",
        "display": "test/9.png",
        "bbox": [
            "10888",
            "5796",
            "11586",
            "5844"
        ],
        "text": "377.729282 3486408-XX (W)",
        "text_to_ignore": []
    },
    {
        "id": "147b4ea3-d009-4f1f-82c2-58d41413c98c",
        "display": "test/9.png",
        "bbox": [
            "12162",
            "5380",
            "13120",
            "5459"
        ],
        "text": "Air Suspension Controller",
        "text_to_ignore": []
    },
    {
        "id": "053ad2c1-174c-4899-8bf7-1133483fba1e",
        "display": "test/9.png",
        "bbox": [
            "12383",
            "5462",
            "13334",
            "5530"
        ],
        "text": "X176 X177 X178 X179",
        "text_to_ignore": []
    },
    {
        "id": "249b4b5e-7002-4728-a651-5d4f80e71930",
        "display": "test/9.png",
        "bbox": [
            "12213",
            "5650",
            "12554",
            "5703"
        ],
        "text": "CH CAN H",
        "text_to_ignore": []
    },
    {
        "id": "a86a575a-b1cf-43ee-9219-ceaeabc72f2b",
        "display": "test/9.png",
        "bbox": [
            "12214",
            "5802",
            "12548",
            "5852"
        ],
        "text": "CH CAN L",
        "text_to_ignore": []
    },
    {
        "id": "ab2107c4-7c0d-4ba6-9b49-bf2a86ea6c6a",
        "display": "test/9.png",
        "bbox": [
            "11906",
            "5838",
            "12094",
            "5872"
        ],
        "text": "X176",
        "text_to_ignore": []
    },
    {
        "id": "c65bcd37-6095-435d-a0ae-bce1f7efa313",
        "display": "test/9.png",
        "bbox": [
            "11672",
            "8626",
            "13852",
            "8656"
        ],
        "text": "THE INFORMATION CONTAINED HEREIN IS DEEMED TO BE CONFIDENTIAL, PROPRIETARY, AND A TRADE SECRET OF TESLA MOTORS. THIS",
        "text_to_ignore": []
    },
    {
        "id": "b49de229-8913-4b37-aa24-1d11e0efe8f4",
        "display": "test/9.png",
        "bbox": [
            "11672",
            "8658",
            "13884",
            "8696"
        ],
        "text": "INFORMATION \u201cMAY NOT BE USED, REPRODUCED, OR \u201cDISCLOSED AS THE DIRECT \u201cOR\u201d INDIRECT BASIS FOR THE \u2018DEVELOPMENT, MANUFACTURE ,",
        "text_to_ignore": []
    },
    {
        "id": "ba1604d6-c633-4c34-975a-777424bfa5f2",
        "display": "test/9.png",
        "bbox": [
            "11670",
            "8698",
            "13288",
            "8728"
        ],
        "text": "OR SALE OF PROCESSES OR PRODUCTS WITHOUT THE EXPRESSD WRITTEN CONSENT OF TESLA MOTORS.",
        "text_to_ignore": []
    },
    {
        "id": "43a0fc38-03aa-4898-b2db-9a5b47180bee",
        "display": "test/9.png",
        "bbox": [
            "11916",
            "8776",
            "12978",
            "8826"
        ],
        "text": "DRAWN CHECKED",
        "text_to_ignore": []
    },
    {
        "id": "e5f6303b-4e48-4bfd-9ea1-a3b9903cf1b6",
        "display": "test/9.png",
        "bbox": [
            "13362",
            "8778",
            "13744",
            "8828"
        ],
        "text": "APPROVED",
        "text_to_ignore": []
    },
    {
        "id": "52860176-1cbf-4675-85d2-354548d3b046",
        "display": "test/9.png",
        "bbox": [
            "11664",
            "9078",
            "12048",
            "9126"
        ],
        "text": "MATERIAL",
        "text_to_ignore": []
    },
    {
        "id": "3d8e4a70-abf5-4578-8a2a-aa2873e68bc2",
        "display": "test/9.png",
        "bbox": [
            "12602",
            "9076",
            "13020",
            "9126"
        ],
        "text": "FINISHING",
        "text_to_ignore": []
    },
    {
        "id": "0befa1e9-c39e-4b60-8721-a678a6616f1d",
        "display": "test/9.png",
        "bbox": [
            "11740",
            "9156",
            "12472",
            "9230"
        ],
        "text": "AS SPECIFIED",
        "text_to_ignore": []
    },
    {
        "id": "772c0e27-c360-45a6-b41d-f161278dda1f",
        "display": "test/9.png",
        "bbox": [
            "12674",
            "9156",
            "13408",
            "9229"
        ],
        "text": "AS SPECIFIED",
        "text_to_ignore": []
    },
    {
        "id": "d137383e-6817-4982-beb9-bb11f3b60c3c",
        "display": "test/9.png",
        "bbox": [
            "11666",
            "9302",
            "12082",
            "9352"
        ],
        "text": "PART NAME",
        "text_to_ignore": []
    },
    {
        "id": "d48aa39b-0e3a-4d51-a513-1aa42ac25f97",
        "display": "test/9.png",
        "bbox": [
            "11660",
            "9374",
            "12818",
            "9448"
        ],
        "text": "\u2018CAN Network: Chassis",
        "text_to_ignore": []
    },
    {
        "id": "4e430463-7aad-427c-874d-84c522e51462",
        "display": "test/9.png",
        "bbox": [
            "11666",
            "9527",
            "12151",
            "9577"
        ],
        "text": "PART NUMBER",
        "text_to_ignore": []
    },
    {
        "id": "777b13a3-0c1d-40af-ad70-b90d5b62ccf0",
        "display": "test/9.png",
        "bbox": [
            "13537",
            "9076",
            "13814",
            "9126"
        ],
        "text": "SCALE",
        "text_to_ignore": []
    },
    {
        "id": "138f53c8-addd-48fa-aa3c-c574e2158b33",
        "display": "test/9.png",
        "bbox": [
            "13596",
            "9154",
            "13901",
            "9223"
        ],
        "text": "NONE",
        "text_to_ignore": []
    },
    {
        "id": "16ceb008-9d84-4938-b02f-4e879974eff7",
        "display": "test/9.png",
        "bbox": [
            "12788",
            "9526",
            "13364",
            "9577"
        ],
        "text": "REV SHEET",
        "text_to_ignore": []
    },
    {
        "id": "22fa87b3-6bf8-41e0-a6d9-599e66c1e73e",
        "display": "test/9.png",
        "bbox": [
            "13613",
            "9528",
            "13853",
            "9575"
        ],
        "text": "SIZE",
        "text_to_ignore": []
    },
    {
        "id": "0355f715-3f8f-449f-b378-f59fd105e07c",
        "display": "test/9.png",
        "bbox": [
            "12878",
            "9646",
            "13585",
            "9716"
        ],
        "text": "10 of 61",
        "text_to_ignore": []
    }
]