[
    {
        "id": "349f39b6-d59f-4f37-a67e-a9819dfab353",
        "display": "test/0.png",
        "bbox": [
            "390",
            "1108",
            "658",
            "1170"
        ],
        "text": "EPAS",
        "text_to_ignore": []
    },
    {
        "id": "337bcce0-4a3a-477d-8818-1646def965d6",
        "display": "test/0.png",
        "bbox": [
            "610",
            "1188",
            "1562",
            "1256"
        ],
        "text": "X168 X169 X171 X1 0",
        "text_to_ignore": []
    },
    {
        "id": "e9456d81-2ae0-4626-aa6d-79f038300164",
        "display": "test/0.png",
        "bbox": [
            "5335",
            "951",
            "6225",
            "1037"
        ],
        "text": "Body Controller Battery",
        "text_to_ignore": []
    },
    {
        "id": "b4fbc182-8774-4ceb-8187-bed9c10004e6",
        "display": "test/0.png",
        "bbox": [
            "5562",
            "1040",
            "6736",
            "1104"
        ],
        "text": "X025 X022 X023 X024 X026",
        "text_to_ignore": []
    },
    {
        "id": "f9339e5c-9d91-43c0-a98d-d897a6f05ce6",
        "display": "test/0.png",
        "bbox": [
            "10438",
            "1106",
            "10840",
            "1174"
        ],
        "text": "HCU ESP",
        "text_to_ignore": []
    },
    {
        "id": "2c4fc569-873b-4ddf-b4d8-6be6a05d677a",
        "display": "test/0.png",
        "bbox": [
            "1360",
            "1316",
            "1758",
            "1364"
        ],
        "text": "X171-2 CAN",
        "text_to_ignore": []
    },
    {
        "id": "d882adb1-d0f5-4d0a-bf5e-61d2e54fc543",
        "display": "test/0.png",
        "bbox": [
            "1463",
            "1374",
            "1758",
            "1425"
        ],
        "text": "CAN1 HI",
        "text_to_ignore": []
    },
    {
        "id": "9931fb01-94bb-4b7e-a2cc-522506495dc5",
        "display": "test/0.png",
        "bbox": [
            "2004",
            "1415",
            "2608",
            "1469"
        ],
        "text": "TWIST-CAN CPY01-B",
        "text_to_ignore": []
    },
    {
        "id": "7c181d97-6569-4500-a18f-c86b2b5b8d7c",
        "display": "test/0.png",
        "bbox": [
            "1360",
            "1468",
            "1758",
            "1516"
        ],
        "text": "X171-3 CAN",
        "text_to_ignore": []
    },
    {
        "id": "40f99964-0c5d-4b8e-a369-4e54ffc3e02d",
        "display": "test/0.png",
        "bbox": [
            "1451",
            "1525",
            "1758",
            "1577"
        ],
        "text": "CAN1 LO",
        "text_to_ignore": []
    },
    {
        "id": "2ab5d490-d04d-4d7b-a3f1-8c1350132b36",
        "display": "test/0.png",
        "bbox": [
            "1876",
            "1562",
            "2062",
            "1598"
        ],
        "text": "\u2014\u2014X171",
        "text_to_ignore": []
    },
    {
        "id": "791ab3cc-38c8-4c7f-8713-e61aff7e7117",
        "display": "test/0.png",
        "bbox": [
            "3192",
            "1315",
            "3956",
            "1355"
        ],
        "text": "+CPYO1-A YE WH 0.35 FLRY",
        "text_to_ignore": []
    },
    {
        "id": "4f6cff0b-13ae-499e-a2c0-16b1768d4f14",
        "display": "test/0.png",
        "bbox": [
            "3239",
            "1373",
            "3844",
            "1416"
        ],
        "text": "1382.0 3486408-XX (W)",
        "text_to_ignore": []
    },
    {
        "id": "a31ec694-49d8-46ca-8a36-6e4e982979b3",
        "display": "test/0.png",
        "bbox": [
            "3191",
            "1465",
            "3867",
            "1504"
        ],
        "text": "+CPY02-A YE 0.35 FLRY",
        "text_to_ignore": []
    },
    {
        "id": "37bbab3d-f7b8-450c-81f4-43a4cdcc8568",
        "display": "test/0.png",
        "bbox": [
            "3240",
            "1524",
            "3844",
            "1566"
        ],
        "text": "1382.0 3486408-XX (W)",
        "text_to_ignore": []
    },
    {
        "id": "8936fefe-a0b6-4a0a-bb41-f5fd262a281c",
        "display": "test/0.png",
        "bbox": [
            "3230",
            "2216",
            "3993",
            "2256"
        ],
        "text": "+CPYO9-A YE WH 0.35 FLRY",
        "text_to_ignore": []
    },
    {
        "id": "f048b60c-7281-494e-ac34-bb8c8f016b93",
        "display": "test/0.png",
        "bbox": [
            "3274",
            "2274",
            "3856",
            "2316"
        ],
        "text": "920.0 3486408-XX (W)",
        "text_to_ignore": []
    },
    {
        "id": "0ee0b6de-6baf-4dc9-bad4-ee91b969eb55",
        "display": "test/0.png",
        "bbox": [
            "3304",
            "2366",
            "3980",
            "2404"
        ],
        "text": "+CPY10-A YE 0.35 FLRY",
        "text_to_ignore": []
    },
    {
        "id": "0271ea2a-a9f3-48ac-9116-c2c99b0498a5",
        "display": "test/0.png",
        "bbox": [
            "3350",
            "2423",
            "3930",
            "2464"
        ],
        "text": "920.0 3486408-XX (W)",
        "text_to_ignore": []
    },
    {
        "id": "24998b2f-ce58-40cf-82b0-681e09531b3c",
        "display": "test/0.png",
        "bbox": [
            "4532",
            "1416",
            "5144",
            "1470"
        ],
        "text": "TWIST-CAN CPY01-B",
        "text_to_ignore": []
    },
    {
        "id": "a8a72e84-0d7b-4b53-9eeb-a00d06ae23c4",
        "display": "test/0.png",
        "bbox": [
            "4532",
            "2316",
            "5144",
            "2370"
        ],
        "text": "TWIST-CAN CPY09-B",
        "text_to_ignore": []
    },
    {
        "id": "0331cdef-7db0-41cb-b18d-70cdb2fc1876",
        "display": "test/0.png",
        "bbox": [
            "5388",
            "1318",
            "5814",
            "1370"
        ],
        "text": "X025-F1 CAN",
        "text_to_ignore": []
    },
    {
        "id": "400b8bb0-cb22-451c-bc2d-b39e648ffc33",
        "display": "test/0.png",
        "bbox": [
            "5391",
            "1374",
            "5800",
            "1420"
        ],
        "text": "PARTY CAN P",
        "text_to_ignore": []
    },
    {
        "id": "fe28d007-c227-4cbc-aa80-add97e19ea12",
        "display": "test/0.png",
        "bbox": [
            "5388",
            "1468",
            "5816",
            "1520"
        ],
        "text": "X025-E1 CAN",
        "text_to_ignore": []
    },
    {
        "id": "58efa656-a59a-4639-bb07-52d8cbbb62de",
        "display": "test/0.png",
        "bbox": [
            "5392",
            "1522",
            "5809",
            "1576"
        ],
        "text": "PARTY CAN N",
        "text_to_ignore": []
    },
    {
        "id": "d822a643-87f7-47d0-8d08-83680bd0eb00",
        "display": "test/0.png",
        "bbox": [
            "5388",
            "2218",
            "5826",
            "2270"
        ],
        "text": "X025-H4 CAN",
        "text_to_ignore": []
    },
    {
        "id": "4bb5ced9-19d5-48f8-ae6f-fe68d24758c9",
        "display": "test/0.png",
        "bbox": [
            "5392",
            "2271",
            "5801",
            "2326"
        ],
        "text": "PARTY CAN P",
        "text_to_ignore": []
    },
    {
        "id": "0ffaea4d-c143-435e-b9b0-a94722e6b1bf",
        "display": "test/0.png",
        "bbox": [
            "5388",
            "2368",
            "5826",
            "2420"
        ],
        "text": "X025-G4 CAN",
        "text_to_ignore": []
    },
    {
        "id": "0c4f2086-5bff-4b56-bd4a-0cff9601fcf9",
        "display": "test/0.png",
        "bbox": [
            "5392",
            "2422",
            "5809",
            "2476"
        ],
        "text": "PARTY CAN N",
        "text_to_ignore": []
    },
    {
        "id": "9e4a7089-a333-4ee8-a13f-b5cec2f37d4f",
        "display": "test/0.png",
        "bbox": [
            "5080",
            "2464",
            "5268",
            "2498"
        ],
        "text": "X025",
        "text_to_ignore": []
    },
    {
        "id": "e62432c1-45f2-4699-aa37-36dc93a0a835",
        "display": "test/0.png",
        "bbox": [
            "6495",
            "1317",
            "6932",
            "1367"
        ],
        "text": "X025-G2 CAN",
        "text_to_ignore": []
    },
    {
        "id": "c20f59b7-280d-453b-90ac-0cad53f62429",
        "display": "test/0.png",
        "bbox": [
            "6524",
            "1376",
            "6932",
            "1418"
        ],
        "text": "PARTY CAN P",
        "text_to_ignore": []
    },
    {
        "id": "490208fa-079e-4822-8326-9a7bf6ee4e47",
        "display": "test/0.png",
        "bbox": [
            "7180",
            "1416",
            "7790",
            "1470"
        ],
        "text": "TWIST-CAN CPY07-B",
        "text_to_ignore": []
    },
    {
        "id": "58582da8-8d09-468a-9fdb-8c5b7d2ff01a",
        "display": "test/0.png",
        "bbox": [
            "6508",
            "1468",
            "6932",
            "1520"
        ],
        "text": "X025-F2 CAN",
        "text_to_ignore": []
    },
    {
        "id": "852f7e59-faa3-4fcc-9485-8412a4082989",
        "display": "test/0.png",
        "bbox": [
            "6514",
            "1523",
            "6933",
            "1576"
        ],
        "text": "PARTY CAN N",
        "text_to_ignore": []
    },
    {
        "id": "e95f60b2-af39-4b43-ba76-abc7b31b5fbe",
        "display": "test/0.png",
        "bbox": [
            "6493",
            "2218",
            "6932",
            "2270"
        ],
        "text": "X025-H3 CAN",
        "text_to_ignore": []
    },
    {
        "id": "6aae3f18-8e74-4e40-a4a1-ba2ab21e1233",
        "display": "test/0.png",
        "bbox": [
            "6524",
            "2273",
            "6933",
            "2326"
        ],
        "text": "PARTY CAN P",
        "text_to_ignore": []
    },
    {
        "id": "b1b5add3-2e02-4884-9ef7-22ccc0e2e1ce",
        "display": "test/0.png",
        "bbox": [
            "7180",
            "2316",
            "7796",
            "2370"
        ],
        "text": "TWIST-CAN CPY05-D",
        "text_to_ignore": []
    },
    {
        "id": "a0aa9030-8aa9-4f65-92b8-5a79ec89fc4f",
        "display": "test/0.png",
        "bbox": [
            "6496",
            "2368",
            "6932",
            "2418"
        ],
        "text": "X025-G3 CAN",
        "text_to_ignore": []
    },
    {
        "id": "9bded1ec-e601-4cf3-9430-050ea12e0585",
        "display": "test/0.png",
        "bbox": [
            "6516",
            "2423",
            "6933",
            "2476"
        ],
        "text": "PARTY CAN N",
        "text_to_ignore": []
    },
    {
        "id": "496dabc4-0986-4121-8c88-f5b204f2b95f",
        "display": "test/0.png",
        "bbox": [
            "7052",
            "2462",
            "7238",
            "2498"
        ],
        "text": "X025",
        "text_to_ignore": []
    },
    {
        "id": "e5dfb365-1c74-4e06-b8c4-486a3823d846",
        "display": "test/0.png",
        "bbox": [
            "8330",
            "1316",
            "9094",
            "1356"
        ],
        "text": "+CPYO7-A YE WH 0.35 FLRY",
        "text_to_ignore": []
    },
    {
        "id": "463cbbf3-f766-434b-9f6b-a141ab5e97fd",
        "display": "test/0.png",
        "bbox": [
            "8373",
            "1373",
            "8956",
            "1416"
        ],
        "text": "643.0 3486408-XX (W)",
        "text_to_ignore": []
    },
    {
        "id": "0c8545e6-ca73-4d73-a45d-fc4b36a63bac",
        "display": "test/0.png",
        "bbox": [
            "8330",
            "1466",
            "9008",
            "1504"
        ],
        "text": "+CPY08-A YE 0.35 FLRY",
        "text_to_ignore": []
    },
    {
        "id": "155e4397-a277-4c11-b601-cd3454924dc8",
        "display": "test/0.png",
        "bbox": [
            "8373",
            "1522",
            "8956",
            "1566"
        ],
        "text": "643.0 3486408-XX (W)",
        "text_to_ignore": []
    },
    {
        "id": "5401052c-bae4-4b78-af9c-1e7d08d5165d",
        "display": "test/0.png",
        "bbox": [
            "8330",
            "2216",
            "9092",
            "2256"
        ],
        "text": "+CPY05-A YE WH 0.35 FLRY",
        "text_to_ignore": []
    },
    {
        "id": "29ff7d24-c92f-40c9-98f8-086e5f87b602",
        "display": "test/0.png",
        "bbox": [
            "8336",
            "2274",
            "9072",
            "2316"
        ],
        "text": "DRLH 546.0 3486408-XX (W)",
        "text_to_ignore": []
    },
    {
        "id": "ffc66806-e711-46fa-84d3-a193b2dac92d",
        "display": "test/0.png",
        "bbox": [
            "8330",
            "2366",
            "9006",
            "2404"
        ],
        "text": "+CPY06-A YE 0.35 FLRY",
        "text_to_ignore": []
    },
    {
        "id": "f36baa57-bb05-477e-a7e6-3356f8cd30c6",
        "display": "test/0.png",
        "bbox": [
            "8336",
            "2424",
            "9072",
            "2468"
        ],
        "text": "DRLH 546.0 3486408-XX (W)",
        "text_to_ignore": []
    },
    {
        "id": "11e1d2ef-3af6-4ca2-8a68-8b1d2f4785f0",
        "display": "test/0.png",
        "bbox": [
            "9630",
            "1416",
            "10244",
            "1470"
        ],
        "text": "TWIST-CAN CPY07-B",
        "text_to_ignore": []
    },
    {
        "id": "a9f95e0f-baf5-4f98-8bc3-39509d6485e9",
        "display": "test/0.png",
        "bbox": [
            "9623",
            "2315",
            "10241",
            "2369"
        ],
        "text": "TWIST-CAN CPY05-D",
        "text_to_ignore": []
    },
    {
        "id": "03c3990d-4f73-4926-a7a7-a26280978352",
        "display": "test/0.png",
        "bbox": [
            "10489",
            "1314",
            "10916",
            "1366"
        ],
        "text": "X106-26 CAN",
        "text_to_ignore": []
    },
    {
        "id": "60fb624c-9175-42a3-a4ba-ccceab55a973",
        "display": "test/0.png",
        "bbox": [
            "10490",
            "1375",
            "10990",
            "1431"
        ],
        "text": "CAN + P Party Bus",
        "text_to_ignore": []
    },
    {
        "id": "df6c4f8d-f4c3-470c-880c-8f4eea7802ce",
        "display": "test/0.png",
        "bbox": [
            "10490",
            "1466",
            "10916",
            "1516"
        ],
        "text": "X106-14 CAN",
        "text_to_ignore": []
    },
    {
        "id": "7e13b075-4621-4a1a-94f7-ccc63aa17191",
        "display": "test/0.png",
        "bbox": [
            "10490",
            "1526",
            "10986",
            "1581"
        ],
        "text": "CAN - N Party Bus",
        "text_to_ignore": []
    },
    {
        "id": "678b5a9e-5820-426f-8ad0-9a9f07d2ff7e",
        "display": "test/0.png",
        "bbox": [
            "10190",
            "1562",
            "10368",
            "1598"
        ],
        "text": "X106'\u2014",
        "text_to_ignore": []
    },
    {
        "id": "f492dfc3-e7fe-4543-bb25-6ecb484c4637",
        "display": "test/0.png",
        "bbox": [
            "10430",
            "2007",
            "11208",
            "2076"
        ],
        "text": "iBooster ECU & DTS",
        "text_to_ignore": []
    },
    {
        "id": "674b94de-6ed1-4fde-af57-f1fc428beeb7",
        "display": "test/0.png",
        "bbox": [
            "10660",
            "2090",
            "11154",
            "2156"
        ],
        "text": "X117 X109",
        "text_to_ignore": []
    },
    {
        "id": "7a831fb8-0e8b-43f5-b5ee-6258957fdf69",
        "display": "test/0.png",
        "bbox": [
            "10489",
            "2216",
            "10916",
            "2266"
        ],
        "text": "X117-18 CAN",
        "text_to_ignore": []
    },
    {
        "id": "43111add-38c3-4c24-bfbc-f8e2068fdc07",
        "display": "test/0.png",
        "bbox": [
            "10489",
            "2276",
            "11106",
            "2332"
        ],
        "text": "Party CAN1 Positive (+)",
        "text_to_ignore": []
    },
    {
        "id": "3bcf77cb-9c97-4ccc-8bec-8866cef260da",
        "display": "test/0.png",
        "bbox": [
            "10490",
            "2368",
            "10916",
            "2416"
        ],
        "text": "X117-10 CAN",
        "text_to_ignore": []
    },
    {
        "id": "3f490b18-e5de-4749-8727-7f83961ef10b",
        "display": "test/0.png",
        "bbox": [
            "10489",
            "2425",
            "11118",
            "2483"
        ],
        "text": "Party CAN1 Negative (-)",
        "text_to_ignore": []
    },
    {
        "id": "51e52eea-288b-48c5-8efe-c1d3b85ea909",
        "display": "test/0.png",
        "bbox": [
            "10190",
            "2464",
            "10366",
            "2498"
        ],
        "text": "X117",
        "text_to_ignore": []
    },
    {
        "id": "271434c0-c22e-43a6-a633-2f69aa99efa5",
        "display": "test/0.png",
        "bbox": [
            "388",
            "3580",
            "1328",
            "3648"
        ],
        "text": "Restraint Control Module",
        "text_to_ignore": []
    },
    {
        "id": "4bb57814-f412-4800-99df-4aac39172dcb",
        "display": "test/0.png",
        "bbox": [
            "631",
            "3663",
            "1118",
            "3729"
        ],
        "text": "X200 X201",
        "text_to_ignore": []
    },
    {
        "id": "3b9e04c9-9511-4633-9515-d2d000ffc374",
        "display": "test/0.png",
        "bbox": [
            "1330",
            "3791",
            "1757",
            "3837"
        ],
        "text": "X201-72 CAN",
        "text_to_ignore": []
    },
    {
        "id": "a5fad3eb-39e6-4ebb-9e42-26e411c02945",
        "display": "test/0.png",
        "bbox": [
            "3192",
            "3789",
            "3956",
            "3831"
        ],
        "text": "+CPY11-A YE WH 0.35 FLRY",
        "text_to_ignore": []
    },
    {
        "id": "7f521aa6-3a5c-4488-8187-8ef96379feb5",
        "display": "test/0.png",
        "bbox": [
            "4532",
            "3216",
            "5144",
            "3270"
        ],
        "text": "TWIST-CAN CPY09-B",
        "text_to_ignore": []
    },
    {
        "id": "45b5fb5b-cd43-4801-a8ee-8dfd54f8ab57",
        "display": "test/0.png",
        "bbox": [
            "5337",
            "2831",
            "6114",
            "2911"
        ],
        "text": "Body Controller Left",
        "text_to_ignore": []
    },
    {
        "id": "03ec56f2-a728-451f-80b2-2d69a1fc1add",
        "display": "test/0.png",
        "bbox": [
            "5740",
            "2915",
            "6350",
            "2982"
        ],
        "text": "X030A B X031",
        "text_to_ignore": []
    },
    {
        "id": "9a1f17a4-73e5-4afc-87f6-89b2d48ba6f9",
        "display": "test/0.png",
        "bbox": [
            "5387",
            "3117",
            "5818",
            "3167"
        ],
        "text": "X037-17 CAN",
        "text_to_ignore": []
    },
    {
        "id": "7201cfb4-2d65-4ec4-8237-f7c91c13ee4b",
        "display": "test/0.png",
        "bbox": [
            "5391",
            "3174",
            "5800",
            "3226"
        ],
        "text": "PARTY CAN P",
        "text_to_ignore": []
    },
    {
        "id": "fdcd87db-ecdf-4896-abee-5e3fb4510fe4",
        "display": "test/0.png",
        "bbox": [
            "5388",
            "3268",
            "5818",
            "3320"
        ],
        "text": "X037-16 CAN",
        "text_to_ignore": []
    },
    {
        "id": "6c6bfbb1-3382-40a7-89f9-38782722538d",
        "display": "test/0.png",
        "bbox": [
            "5392",
            "3326",
            "5808",
            "3372"
        ],
        "text": "PARTY CAN N",
        "text_to_ignore": []
    },
    {
        "id": "90009776-093d-43a9-b2c1-dffbbdb9d30d",
        "display": "test/0.png",
        "bbox": [
            "5080",
            "3362",
            "5266",
            "3398"
        ],
        "text": "X037",
        "text_to_ignore": []
    },
    {
        "id": "07e142e2-11fd-4651-8330-485b67b41318",
        "display": "test/0.png",
        "bbox": [
            "5388",
            "3792",
            "5852",
            "3838"
        ],
        "text": "X030A-13 CAN",
        "text_to_ignore": []
    },
    {
        "id": "ea989649-88c2-46b0-bd1b-52c1f4401235",
        "display": "test/0.png",
        "bbox": [
            "6350",
            "2912",
            "8422",
            "2983"
        ],
        "text": "X032 X034 X038A B X039 X037 X033A B X035 X036",
        "text_to_ignore": []
    },
    {
        "id": "b3ec7837-d4d9-48df-8851-d85982bc7e53",
        "display": "test/0.png",
        "bbox": [
            "6580",
            "3792",
            "7006",
            "3838"
        ],
        "text": "X035-27 CAN",
        "text_to_ignore": []
    },
    {
        "id": "dc87af73-e532-452b-8b7a-ac560d86323e",
        "display": "test/0.png",
        "bbox": [
            "8365",
            "3788",
            "9132",
            "3831"
        ],
        "text": "+CPY13-A YE WH 0.35 FLRY",
        "text_to_ignore": []
    },
    {
        "id": "b5c08d4a-74a2-4319-80d4-3ae36a338a14",
        "display": "test/0.png",
        "bbox": [
            "10438",
            "3508",
            "11646",
            "3588"
        ],
        "text": "Diagnostic CAN Port #2 - PARTY",
        "text_to_ignore": []
    },
    {
        "id": "7b137afb-cecf-4ed5-8555-e89f849dcaf5",
        "display": "test/0.png",
        "bbox": [
            "10490",
            "3792",
            "10888",
            "3838"
        ],
        "text": "X433-1 CAN",
        "text_to_ignore": []
    },
    {
        "id": "a4ce40a4-a737-42fe-acfd-61b068ba4f00",
        "display": "test/0.png",
        "bbox": [
            "388",
            "4332",
            "1256",
            "4396"
        ],
        "text": "Hazard + PRND Switch",
        "text_to_ignore": []
    },
    {
        "id": "0416b7ac-6fe4-4044-ad3b-2d6468afad2f",
        "display": "test/0.png",
        "bbox": [
            "586",
            "4416",
            "894",
            "4480"
        ],
        "text": "1138",
        "text_to_ignore": []
    },
    {
        "id": "762608d0-64d6-4c4f-863f-45165d487b06",
        "display": "test/0.png",
        "bbox": [
            "1306",
            "3852",
            "1758",
            "3900"
        ],
        "text": "CAN2H (Private)",
        "text_to_ignore": []
    },
    {
        "id": "5e8e3054-2bf3-4568-83c1-f64a2a046956",
        "display": "test/0.png",
        "bbox": [
            "2006",
            "3892",
            "2608",
            "3946"
        ],
        "text": "TWIST-CAN CPY11-B",
        "text_to_ignore": []
    },
    {
        "id": "3bb38156-e6e9-4402-9c09-7623525a6640",
        "display": "test/0.png",
        "bbox": [
            "1330",
            "3942",
            "1758",
            "3990"
        ],
        "text": "X201-71 CAN",
        "text_to_ignore": []
    },
    {
        "id": "4b5666c8-bc20-4436-b050-5ca33b3b8f1d",
        "display": "test/0.png",
        "bbox": [
            "1318",
            "4002",
            "1758",
            "4050"
        ],
        "text": "CAN2L (Private)",
        "text_to_ignore": []
    },
    {
        "id": "24d75065-9de9-4123-b4ec-d6b911d64bfb",
        "display": "test/0.png",
        "bbox": [
            "1876",
            "4036",
            "2062",
            "4072"
        ],
        "text": "\u2014 X201",
        "text_to_ignore": []
    },
    {
        "id": "9d15c027-7758-41e8-a022-d14ed920e596",
        "display": "test/0.png",
        "bbox": [
            "1330",
            "4540",
            "3094",
            "4590"
        ],
        "text": "X1138-2CAN +CPY23-A YE WH 0.35 FLRY",
        "text_to_ignore": []
    },
    {
        "id": "709f0f4e-4bff-4072-977d-c1655e4b62a4",
        "display": "test/0.png",
        "bbox": [
            "1526",
            "4597",
            "2944",
            "4642"
        ],
        "text": "CAN+ \u2014 780.0 = 2486396-XX (C)",
        "text_to_ignore": []
    },
    {
        "id": "ec5f2af5-0c63-45fe-803f-e55de65e9ebe",
        "display": "test/0.png",
        "bbox": [
            "2004",
            "4640",
            "2486",
            "4688"
        ],
        "text": "TWIST CPY23-B",
        "text_to_ignore": []
    },
    {
        "id": "199dea2f-0609-4ed3-863b-cc23943e31b6",
        "display": "test/0.png",
        "bbox": [
            "1330",
            "4674",
            "3544",
            "4740"
        ],
        "text": "PVVIOT NT roo v PVVIOT NF roo X1138-3 CAN A +CPY24-A YE 0.35 FLRY X982M AL",
        "text_to_ignore": []
    },
    {
        "id": "1ca61cd3-e032-44a8-977a-af6a15b3f03d",
        "display": "test/0.png",
        "bbox": [
            "1540",
            "4748",
            "2944",
            "4794"
        ],
        "text": "CAN- - 780.0 2486396-XxX (C) Vv41490",
        "text_to_ignore": []
    },
    {
        "id": "3408d74c-39fd-4cd1-b9b4-885b3c0c5d50",
        "display": "test/0.png",
        "bbox": [
            "1876",
            "4786",
            "2086",
            "4822"
        ],
        "text": "X1138",
        "text_to_ignore": []
    },
    {
        "id": "80e83ccc-c343-42af-8ac3-c0b8bcf49603",
        "display": "test/0.png",
        "bbox": [
            "3240",
            "3848",
            "3832",
            "3892"
        ],
        "text": "1460.0 3486394-XX (A)",
        "text_to_ignore": []
    },
    {
        "id": "57db48d2-802e-4bce-809f-79f3b31b07ec",
        "display": "test/0.png",
        "bbox": [
            "3191",
            "3938",
            "3869",
            "3981"
        ],
        "text": "+CPY12-A YE 0.35 FLRY",
        "text_to_ignore": []
    },
    {
        "id": "2e555510-2cbb-406f-b863-d9b30cdbd51d",
        "display": "test/0.png",
        "bbox": [
            "3240",
            "3998",
            "3832",
            "4042"
        ],
        "text": "1460.0 3486394-XX (A)",
        "text_to_ignore": []
    },
    {
        "id": "ce6cd5b1-91e0-410b-969d-7c7d0231589c",
        "display": "test/0.png",
        "bbox": [
            "3309",
            "4522",
            "3544",
            "4565"
        ],
        "text": "X982M",
        "text_to_ignore": []
    },
    {
        "id": "edc26b68-166b-4391-abd2-c557d4c95384",
        "display": "test/0.png",
        "bbox": [
            "3602",
            "4526",
            "3826",
            "4564"
        ],
        "text": "X982F",
        "text_to_ignore": []
    },
    {
        "id": "6ab9a619-73a7-45f0-b864-136d8438cb0d",
        "display": "test/0.png",
        "bbox": [
            "3458",
            "4578",
            "3694",
            "4616"
        ],
        "text": "\u201414 14\u2014",
        "text_to_ignore": []
    },
    {
        "id": "9d3c7f2b-1ad5-4f7c-b45f-039d8ffd7b1d",
        "display": "test/0.png",
        "bbox": [
            "2862",
            "4633",
            "3345",
            "4694"
        ],
        "text": "TWIST CPY23-B r s",
        "text_to_ignore": []
    },
    {
        "id": "c191e8e7-bc88-438d-af70-9aed48f50305",
        "display": "test/0.png",
        "bbox": [
            "3456",
            "4726",
            "3694",
            "4766"
        ],
        "text": "\u201415 15\u2014",
        "text_to_ignore": []
    },
    {
        "id": "3620e358-6637-4e77-9fdf-cee5baf0086d",
        "display": "test/0.png",
        "bbox": [
            "4532",
            "3892",
            "5144",
            "3946"
        ],
        "text": "TWIST-CAN CPY11-B",
        "text_to_ignore": []
    },
    {
        "id": "5d105963-9e4d-49fd-a89e-663d87a65613",
        "display": "test/0.png",
        "bbox": [
            "4055",
            "4539",
            "4816",
            "4580"
        ],
        "text": "+CPY23-B YE WH 0.35 FLRY",
        "text_to_ignore": []
    },
    {
        "id": "d38904f0-ab2d-4aa1-9f9b-3c6d7d6074f5",
        "display": "test/0.png",
        "bbox": [
            "4104",
            "4597",
            "4696",
            "4642"
        ],
        "text": "1932.0 3486394-XX (A) = ash",
        "text_to_ignore": []
    },
    {
        "id": "2ca422f1-f582-4268-b24d-a0c5dbee7f8e",
        "display": "test/0.png",
        "bbox": [
            "3804",
            "4638",
            "5146",
            "4690"
        ],
        "text": "TWIST-CAN CPY23-C = TWIST-CAN CPY23-C",
        "text_to_ignore": []
    },
    {
        "id": "b78e02aa-5426-4e70-887a-96d8f1dcf7b3",
        "display": "test/0.png",
        "bbox": [
            "4056",
            "4684",
            "4728",
            "4730"
        ],
        "text": "\u2014\u2014\u2014 \u2014 seo +CPY24-B YE 0.35 FLRY",
        "text_to_ignore": []
    },
    {
        "id": "40c199d6-5d26-4f1c-be4e-bc6f5d9a0bf7",
        "display": "test/0.png",
        "bbox": [
            "4104",
            "4748",
            "4696",
            "4792"
        ],
        "text": "1932.0 3486394-XX (A)",
        "text_to_ignore": []
    },
    {
        "id": "abf4493f-a855-48d4-ba54-c7bfa9a15913",
        "display": "test/0.png",
        "bbox": [
            "5392",
            "3849",
            "5800",
            "3896"
        ],
        "text": "PARTY CAN P",
        "text_to_ignore": []
    },
    {
        "id": "b816a9b5-6d95-4c73-b1d1-47153ac25b56",
        "display": "test/0.png",
        "bbox": [
            "5387",
            "3939",
            "5824",
            "3997"
        ],
        "text": "X030A-1 CAN",
        "text_to_ignore": []
    },
    {
        "id": "4e170112-c906-4012-b69c-2154d8238987",
        "display": "test/0.png",
        "bbox": [
            "5392",
            "4002",
            "5808",
            "4046"
        ],
        "text": "PARTY CAN N",
        "text_to_ignore": []
    },
    {
        "id": "e11d5c99-319a-4b66-9f27-73fa481b2637",
        "display": "test/0.png",
        "bbox": [
            "5387",
            "4540",
            "5852",
            "4596"
        ],
        "text": "X030A-14 CAN",
        "text_to_ignore": []
    },
    {
        "id": "0c958181-3c66-4a92-9f4b-8e6771cc3a52",
        "display": "test/0.png",
        "bbox": [
            "5392",
            "4600",
            "5800",
            "4650"
        ],
        "text": "PARTY CAN P",
        "text_to_ignore": []
    },
    {
        "id": "168f099a-cfd7-4f3d-b7a7-e3b55e8a5bd0",
        "display": "test/0.png",
        "bbox": [
            "5388",
            "4692",
            "5824",
            "4744"
        ],
        "text": "X030A-2 CAN",
        "text_to_ignore": []
    },
    {
        "id": "02730f16-3273-465f-8c1b-f457960c6984",
        "display": "test/0.png",
        "bbox": [
            "5392",
            "4752",
            "5808",
            "4796"
        ],
        "text": "PARTY CAN N",
        "text_to_ignore": []
    },
    {
        "id": "364f3b26-6607-4c47-8246-c3ea3913daca",
        "display": "test/0.png",
        "bbox": [
            "6598",
            "3852",
            "7008",
            "3894"
        ],
        "text": "PARTY CAN P",
        "text_to_ignore": []
    },
    {
        "id": "4e690d59-00ca-491d-b149-4a026e8ec902",
        "display": "test/0.png",
        "bbox": [
            "7254",
            "3890",
            "7868",
            "3946"
        ],
        "text": "TWIST-CAN CPY13-A",
        "text_to_ignore": []
    },
    {
        "id": "4a227eef-19d0-47d6-83aa-f56f5c0ff554",
        "display": "test/0.png",
        "bbox": [
            "6580",
            "3940",
            "7007",
            "3994"
        ],
        "text": "X035-26 CAN",
        "text_to_ignore": []
    },
    {
        "id": "0df73cc8-eda8-4ba5-bdca-066f591eaceb",
        "display": "test/0.png",
        "bbox": [
            "6590",
            "4000",
            "7006",
            "4050"
        ],
        "text": "PARTY CAN N",
        "text_to_ignore": []
    },
    {
        "id": "8aecc67e-5f36-4e78-8edf-62d1bd03d351",
        "display": "test/0.png",
        "bbox": [
            "6578",
            "4541",
            "7006",
            "4589"
        ],
        "text": "X035-43 CAN",
        "text_to_ignore": []
    },
    {
        "id": "a539d3ba-fed5-4422-abdb-ec64d5b89309",
        "display": "test/0.png",
        "bbox": [
            "6598",
            "4595",
            "7009",
            "4652"
        ],
        "text": "PARTY CAN P",
        "text_to_ignore": []
    },
    {
        "id": "c2b2284f-2a25-427f-8419-d1000e86a2bd",
        "display": "test/0.png",
        "bbox": [
            "7254",
            "4640",
            "7867",
            "4694"
        ],
        "text": "TWIST-CAN CPY19-A",
        "text_to_ignore": []
    },
    {
        "id": "650b231b-9421-4256-ab58-badd565b0039",
        "display": "test/0.png",
        "bbox": [
            "6580",
            "4692",
            "7006",
            "4740"
        ],
        "text": "X035-42 CAN",
        "text_to_ignore": []
    },
    {
        "id": "9bc6f6fe-0c67-483e-aca7-a5037193adca",
        "display": "test/0.png",
        "bbox": [
            "6590",
            "4752",
            "7006",
            "4800"
        ],
        "text": "PARTY CAN N",
        "text_to_ignore": []
    },
    {
        "id": "452c06ca-ec89-448f-bcab-4dafca75b5f5",
        "display": "test/0.png",
        "bbox": [
            "7128",
            "4786",
            "7314",
            "4822"
        ],
        "text": "'X035",
        "text_to_ignore": []
    },
    {
        "id": "7976ed56-9c0a-48cf-b43f-945a48bcd171",
        "display": "test/0.png",
        "bbox": [
            "8412",
            "3848",
            "9110",
            "3894"
        ],
        "text": "2207.201561 3486401-XX (J)",
        "text_to_ignore": []
    },
    {
        "id": "0aed6426-2d21-428b-a373-aebef0b9d8d6",
        "display": "test/0.png",
        "bbox": [
            "8366",
            "3938",
            "9042",
            "3980"
        ],
        "text": "+CPY14-A YE 0.35 FLRY",
        "text_to_ignore": []
    },
    {
        "id": "a778fa2d-8a33-46e6-b452-fb83a70f649f",
        "display": "test/0.png",
        "bbox": [
            "8412",
            "3998",
            "9110",
            "4044"
        ],
        "text": "2207.201561 3486401-XX (J)",
        "text_to_ignore": []
    },
    {
        "id": "068334a2-cda1-4d09-a3d6-5bda91b5edae",
        "display": "test/0.png",
        "bbox": [
            "8351",
            "4538",
            "9146",
            "4581"
        ],
        "text": "++CPY19-A YE WH 0.35 FLRY",
        "text_to_ignore": []
    },
    {
        "id": "02bd1d25-2a6e-4db4-9c1f-e655d3d4eb9b",
        "display": "test/0.png",
        "bbox": [
            "8398",
            "4598",
            "9096",
            "4644"
        ],
        "text": "2213.213592 3486401-XX (J)",
        "text_to_ignore": []
    },
    {
        "id": "a677f30a-dff4-40e2-a613-26f03981fcb5",
        "display": "test/0.png",
        "bbox": [
            "8354",
            "4690",
            "9058",
            "4730"
        ],
        "text": "++CPY20-A YE 0.35 FLRY",
        "text_to_ignore": []
    },
    {
        "id": "d01368fd-4b0a-4351-92eb-f7db0e4a17f0",
        "display": "test/0.png",
        "bbox": [
            "8398",
            "4748",
            "9096",
            "4794"
        ],
        "text": "2213.213592 3486401-XX (J)",
        "text_to_ignore": []
    },
    {
        "id": "e5198148-7543-4cbe-84fd-b33f0ef52521",
        "display": "test/0.png",
        "bbox": [
            "9628",
            "3884",
            "10243",
            "3946"
        ],
        "text": "TWIST-CAN CPY13-A",
        "text_to_ignore": []
    },
    {
        "id": "7f5476f7-35bf-41b0-8e7e-17c557ca6e30",
        "display": "test/0.png",
        "bbox": [
            "9627",
            "4640",
            "10241",
            "4694"
        ],
        "text": "TWIST-CAN CPY19-A",
        "text_to_ignore": []
    },
    {
        "id": "9e60a8d3-5096-4d95-904b-3f22f4eb834c",
        "display": "test/0.png",
        "bbox": [
            "10490",
            "3852",
            "10886",
            "3894"
        ],
        "text": "PARTY CAN P",
        "text_to_ignore": []
    },
    {
        "id": "5addd603-2132-4513-a0e8-9c8b45a51424",
        "display": "test/0.png",
        "bbox": [
            "10490",
            "3942",
            "10888",
            "3990"
        ],
        "text": "X433-2 CAN",
        "text_to_ignore": []
    },
    {
        "id": "3385a5e6-7293-4bbe-97a6-19a110d7f712",
        "display": "test/0.png",
        "bbox": [
            "10490",
            "4002",
            "10894",
            "4044"
        ],
        "text": "PARTY CAN N",
        "text_to_ignore": []
    },
    {
        "id": "039b723d-1b83-49d0-9653-81d878436142",
        "display": "test/0.png",
        "bbox": [
            "10190",
            "4036",
            "10368",
            "4072"
        ],
        "text": "X433)",
        "text_to_ignore": []
    },
    {
        "id": "6070efba-046a-4d26-a4e6-16b6231d3708",
        "display": "test/0.png",
        "bbox": [
            "10428",
            "4162",
            "11924",
            "4244"
        ],
        "text": "Access: remove center console RHS panel",
        "text_to_ignore": []
    },
    {
        "id": "2ea802fb-2f0e-49e1-9cf4-cb7c4c2e1ea6",
        "display": "test/0.png",
        "bbox": [
            "10438",
            "4334",
            "10856",
            "4412"
        ],
        "text": "Autopilot",
        "text_to_ignore": []
    },
    {
        "id": "fa61f60b-ae47-40a9-bfed-d42e8b3b69ee",
        "display": "test/0.png",
        "bbox": [
            "11000",
            "4414",
            "12848",
            "4480"
        ],
        "text": "X149 X150 X838 X839 X835 X865 X836 X828",
        "text_to_ignore": []
    },
    {
        "id": "761a6079-2112-4c7e-b4b9-31027753a584",
        "display": "test/0.png",
        "bbox": [
            "10489",
            "4541",
            "10916",
            "4589"
        ],
        "text": "X150-15 CAN",
        "text_to_ignore": []
    },
    {
        "id": "f7afb7a3-8c57-4369-a8d6-9cade706b4ab",
        "display": "test/0.png",
        "bbox": [
            "10490",
            "4602",
            "10976",
            "4644"
        ],
        "text": "PARTY-CAN-H-Ex",
        "text_to_ignore": []
    },
    {
        "id": "f804b136-417d-4a3f-a4d5-66fa18950b76",
        "display": "test/0.png",
        "bbox": [
            "10489",
            "4692",
            "10916",
            "4740"
        ],
        "text": "X150-16 CAN",
        "text_to_ignore": []
    },
    {
        "id": "ee1896b3-33c2-4ad9-aa7b-3313d4103910",
        "display": "test/0.png",
        "bbox": [
            "10489",
            "4752",
            "10961",
            "4794"
        ],
        "text": "PARTY-CAN-L-Ex",
        "text_to_ignore": []
    },
    {
        "id": "ba289ede-9a6e-4463-85e3-30c4c6c8526b",
        "display": "test/0.png",
        "bbox": [
            "10190",
            "4788",
            "10368",
            "4822"
        ],
        "text": "X150",
        "text_to_ignore": []
    },
    {
        "id": "a4c5ad34-9cb7-4b8d-a419-617d419d1005",
        "display": "test/0.png",
        "bbox": [
            "3094",
            "5124",
            "3318",
            "5162"
        ],
        "text": "X987F",
        "text_to_ignore": []
    },
    {
        "id": "0181beb0-28b7-4949-9fb8-e709264006cc",
        "display": "test/0.png",
        "bbox": [
            "3378",
            "5124",
            "3612",
            "5162"
        ],
        "text": "- X987M",
        "text_to_ignore": []
    },
    {
        "id": "cf9f08cf-9a10-428d-a743-38ec11f15f79",
        "display": "test/0.png",
        "bbox": [
            "2510",
            "5240",
            "4196",
            "5302"
        ],
        "text": "TWIST-CAN CPY15-D ogre 1 xgg7yy PWIST-CAN CPY15-C",
        "text_to_ignore": []
    },
    {
        "id": "5f9f3e95-21e1-41e5-b8ef-5bc0773c360a",
        "display": "test/0.png",
        "bbox": [
            "3094",
            "5274",
            "3318",
            "5314"
        ],
        "text": "X987F \u2014",
        "text_to_ignore": []
    },
    {
        "id": "ea2379dc-9b60-4482-b501-9aed7fc4fdc2",
        "display": "test/0.png",
        "bbox": [
            "3232",
            "6039",
            "3992",
            "6081"
        ],
        "text": "+CPY15-B YE WH 0.35 FLRY",
        "text_to_ignore": []
    },
    {
        "id": "adc7b6cc-fb59-4d47-ac4a-df38888f6a11",
        "display": "test/0.png",
        "bbox": [
            "3277",
            "6098",
            "3868",
            "6142"
        ],
        "text": "1521.0 3486395-XX (B)",
        "text_to_ignore": []
    },
    {
        "id": "9adb8357-083a-47a8-8368-1135687d6af2",
        "display": "test/0.png",
        "bbox": [
            "3343",
            "6188",
            "4015",
            "6230"
        ],
        "text": "+CPY16-B YE 0.35 FLRY",
        "text_to_ignore": []
    },
    {
        "id": "ba48f0da-2f35-40c0-88d6-27dcb8ac67dd",
        "display": "test/0.png",
        "bbox": [
            "3392",
            "6248",
            "3980",
            "6290"
        ],
        "text": "1521.0 3486395-XX (B)",
        "text_to_ignore": []
    },
    {
        "id": "876b9d74-7ba9-4efe-8d19-3dc9224e9ace",
        "display": "test/0.png",
        "bbox": [
            "3942",
            "5138",
            "4706",
            "5181"
        ],
        "text": "+CPY15-A YE WH 0.35 FLRY",
        "text_to_ignore": []
    },
    {
        "id": "53873a47-aa11-4f9a-8eee-6dc58f5ea3e9",
        "display": "test/0.png",
        "bbox": [
            "3988",
            "5198",
            "4582",
            "5244"
        ],
        "text": "2471.0 3486394-XX (A) \u2014risjJA rT",
        "text_to_ignore": []
    },
    {
        "id": "3a281915-1b7b-436b-8e31-ffa091b0af3c",
        "display": "test/0.png",
        "bbox": [
            "4528",
            "5240",
            "5146",
            "5294"
        ],
        "text": "TWIST-CAN CPY15-C",
        "text_to_ignore": []
    },
    {
        "id": "76b52e32-cd44-4c02-b2bd-caddcab3bf06",
        "display": "test/0.png",
        "bbox": [
            "3941",
            "5287",
            "4617",
            "5331"
        ],
        "text": "+CPY16-A YE 0.35. FLRY",
        "text_to_ignore": []
    },
    {
        "id": "b45fb4a2-9a23-4913-8f6c-88633d6badd7",
        "display": "test/0.png",
        "bbox": [
            "3988",
            "5348",
            "4582",
            "5392"
        ],
        "text": "2471.0 3486394-XxX (A)",
        "text_to_ignore": []
    },
    {
        "id": "eb63565d-a5e6-4ccd-b80d-291ca574f162",
        "display": "test/0.png",
        "bbox": [
            "4524",
            "6140",
            "5144",
            "6194"
        ],
        "text": "TWIST-CAN CPY15-D",
        "text_to_ignore": []
    },
    {
        "id": "6b30f412-6db6-4535-af81-e70de1c29d9f",
        "display": "test/0.png",
        "bbox": [
            "5387",
            "5139",
            "5852",
            "5196"
        ],
        "text": "X030A-15 CAN",
        "text_to_ignore": []
    },
    {
        "id": "46575dac-4ce6-49ce-98fa-eea912f5720d",
        "display": "test/0.png",
        "bbox": [
            "5392",
            "5198",
            "5801",
            "5248"
        ],
        "text": "PARTY CAN P",
        "text_to_ignore": []
    },
    {
        "id": "0548a54b-b9a0-4ed3-a291-fc94283e817a",
        "display": "test/0.png",
        "bbox": [
            "5387",
            "5290",
            "5824",
            "5346"
        ],
        "text": "X030A-3 CAN",
        "text_to_ignore": []
    },
    {
        "id": "949f8e17-926c-4aca-8cb4-99cba16094b7",
        "display": "test/0.png",
        "bbox": [
            "5392",
            "5350",
            "5808",
            "5400"
        ],
        "text": "PARTY CAN N",
        "text_to_ignore": []
    },
    {
        "id": "d5161cb5-8a2c-4fd4-a358-9042814b6ffc",
        "display": "test/0.png",
        "bbox": [
            "5070",
            "5386",
            "5266",
            "5422"
        ],
        "text": "X030A.",
        "text_to_ignore": []
    },
    {
        "id": "38c283fa-88a8-4dc4-a116-da879f807c52",
        "display": "test/0.png",
        "bbox": [
            "5337",
            "5831",
            "6169",
            "5911"
        ],
        "text": "Body Controller Right",
        "text_to_ignore": []
    },
    {
        "id": "24d76f5e-5f71-4b20-a507-3488c9488f34",
        "display": "test/0.png",
        "bbox": [
            "5735",
            "5912",
            "8642",
            "5980"
        ],
        "text": "XO050A B X051 X052 X054 XO60A B X062 X053A B X055 X056 X058 X059",
        "text_to_ignore": []
    },
    {
        "id": "df82cec8-e29e-40a1-b110-b35d73a223ee",
        "display": "test/0.png",
        "bbox": [
            "5388",
            "6039",
            "5789",
            "6096"
        ],
        "text": "X052-1 CAN",
        "text_to_ignore": []
    },
    {
        "id": "b83bf59a-27f6-4f57-8c96-3abf23e30e73",
        "display": "test/0.png",
        "bbox": [
            "5392",
            "6102",
            "5800",
            "6150"
        ],
        "text": "PARTY CAN P",
        "text_to_ignore": []
    },
    {
        "id": "05d9171e-b2f6-468a-887d-e1e3623ca7a1",
        "display": "test/0.png",
        "bbox": [
            "5387",
            "6190",
            "5818",
            "6247"
        ],
        "text": "X052-16 CAN",
        "text_to_ignore": []
    },
    {
        "id": "73a85a03-ae99-41aa-a780-d23e111db8a2",
        "display": "test/0.png",
        "bbox": [
            "5392",
            "6252",
            "5808",
            "6298"
        ],
        "text": "PARTY CAN N",
        "text_to_ignore": []
    },
    {
        "id": "83261f03-a920-4e3a-a683-ef278f2ef3e8",
        "display": "test/0.png",
        "bbox": [
            "6580",
            "6042",
            "7006",
            "6096"
        ],
        "text": "X057-13 CAN",
        "text_to_ignore": []
    },
    {
        "id": "ff3eb179-ef52-4221-8a14-240e0665217b",
        "display": "test/0.png",
        "bbox": [
            "6598",
            "6102",
            "7008",
            "6150"
        ],
        "text": "PARTY CAN P",
        "text_to_ignore": []
    },
    {
        "id": "34a10125-4990-4461-b1e8-78d91ff49b3c",
        "display": "test/0.png",
        "bbox": [
            "7254",
            "6140",
            "7868",
            "6194"
        ],
        "text": "TWIST-CAN CPY22-B",
        "text_to_ignore": []
    },
    {
        "id": "316ddc1d-a917-4ee6-a0cb-dde505a8187e",
        "display": "test/0.png",
        "bbox": [
            "6578",
            "6189",
            "7007",
            "6245"
        ],
        "text": "X057-12 CAN",
        "text_to_ignore": []
    },
    {
        "id": "86272834-c15f-4513-8840-42da90d92a6f",
        "display": "test/0.png",
        "bbox": [
            "6590",
            "6250",
            "7006",
            "6298"
        ],
        "text": "PARTY CAN N",
        "text_to_ignore": []
    },
    {
        "id": "9b7245f6-b14d-40dd-8079-86477bcc7dd5",
        "display": "test/0.png",
        "bbox": [
            "7128",
            "6286",
            "7312",
            "6322"
        ],
        "text": "\u2018X057",
        "text_to_ignore": []
    },
    {
        "id": "07152006-a45c-4493-a04c-f3cf3cd47341",
        "display": "test/0.png",
        "bbox": [
            "8215",
            "6038",
            "8980",
            "6081"
        ],
        "text": "+CPY21-A YE WH 0.35 FLRY",
        "text_to_ignore": []
    },
    {
        "id": "e9712a15-240c-44d9-a816-89c498999e61",
        "display": "test/0.png",
        "bbox": [
            "8264",
            "6098",
            "8868",
            "6140"
        ],
        "text": "1462.0 3486408-XX (W)",
        "text_to_ignore": []
    },
    {
        "id": "ec8a1073-b845-4841-9bb3-0a9c67e8b7b0",
        "display": "test/0.png",
        "bbox": [
            "8142",
            "6189",
            "8818",
            "6230"
        ],
        "text": "+CPY22-A YE 0.35 FLRY",
        "text_to_ignore": []
    },
    {
        "id": "ee436a8a-309b-42c1-979f-a843462595de",
        "display": "test/0.png",
        "bbox": [
            "8190",
            "6248",
            "8792",
            "6290"
        ],
        "text": "1462.0 3486408-XX (W)",
        "text_to_ignore": []
    },
    {
        "id": "78b7352a-6ece-4358-8006-c448ba103c05",
        "display": "test/0.png",
        "bbox": [
            "315",
            "6425",
            "973",
            "6514"
        ],
        "text": "MCU & Gateway",
        "text_to_ignore": []
    },
    {
        "id": "5f9dc395-6740-4c78-b7da-a2a9d5fc5e4c",
        "display": "test/0.png",
        "bbox": [
            "708",
            "6512",
            "3472",
            "6580"
        ],
        "text": "X452 X453 X454 X800 X803 X801 X804 X802 X829 X860 X862 X455",
        "text_to_ignore": []
    },
    {
        "id": "54e1a97b-bb94-4ff2-b667-8bd41277cfbc",
        "display": "test/0.png",
        "bbox": [
            "1284",
            "6642",
            "1682",
            "6690"
        ],
        "text": "X454-5 CAN",
        "text_to_ignore": []
    },
    {
        "id": "a18a6ed9-dd8d-4c85-a1fe-3b361510b44c",
        "display": "test/0.png",
        "bbox": [
            "1276",
            "6702",
            "1684",
            "6750"
        ],
        "text": "PARTY-CAN P",
        "text_to_ignore": []
    },
    {
        "id": "daa26f0e-4fc7-487b-a53e-0489b4d50c34",
        "display": "test/0.png",
        "bbox": [
            "1930",
            "6740",
            "2544",
            "6794"
        ],
        "text": "TWIST-CAN CPY17-A",
        "text_to_ignore": []
    },
    {
        "id": "8e818900-6805-4f51-a84a-8ce919d13aca",
        "display": "test/0.png",
        "bbox": [
            "1284",
            "6792",
            "1682",
            "6840"
        ],
        "text": "X454-6 CAN",
        "text_to_ignore": []
    },
    {
        "id": "2095cc3a-ebde-4086-a33b-eaea0d66d2fb",
        "display": "test/0.png",
        "bbox": [
            "1265",
            "6848",
            "1682",
            "6898"
        ],
        "text": "PARTY-CAN N",
        "text_to_ignore": []
    },
    {
        "id": "b12d4f86-09be-41b0-b76a-d2375fa3ac1b",
        "display": "test/0.png",
        "bbox": [
            "1802",
            "6886",
            "1990",
            "6922"
        ],
        "text": "X454",
        "text_to_ignore": []
    },
    {
        "id": "5421d0eb-b789-47d0-91bf-670a2a6011f3",
        "display": "test/0.png",
        "bbox": [
            "3154",
            "6638",
            "3916",
            "6681"
        ],
        "text": "+CPY17-A YE WH 0.35 FLRY",
        "text_to_ignore": []
    },
    {
        "id": "0b8df93e-36cf-437d-bd80-eaad5d891826",
        "display": "test/0.png",
        "bbox": [
            "3199",
            "6697",
            "3768",
            "6742"
        ],
        "text": "628.0 3486395-XX (B)",
        "text_to_ignore": []
    },
    {
        "id": "b4b56c32-cc45-4e6b-abdc-a447c37b571b",
        "display": "test/0.png",
        "bbox": [
            "3154",
            "6790",
            "3830",
            "6828"
        ],
        "text": "+CPY18-A YE 0.35 FLRY",
        "text_to_ignore": []
    },
    {
        "id": "6d26aa92-b4d5-42d9-b287-77efc883c13b",
        "display": "test/0.png",
        "bbox": [
            "3199",
            "6846",
            "3768",
            "6892"
        ],
        "text": "628.0 3486395-XX (B)",
        "text_to_ignore": []
    },
    {
        "id": "31c51598-c5db-4eaa-854e-4dece97e5ec0",
        "display": "test/0.png",
        "bbox": [
            "4527",
            "6739",
            "5141",
            "6793"
        ],
        "text": "TWIST-CAN CPY17-A",
        "text_to_ignore": []
    },
    {
        "id": "dd9b86ec-93a2-47ec-b505-b75f7c1d480f",
        "display": "test/0.png",
        "bbox": [
            "5388",
            "6640",
            "5789",
            "6696"
        ],
        "text": "X052-2 CAN",
        "text_to_ignore": []
    },
    {
        "id": "8d7d9188-b389-44c2-b47a-5ceb254bb04e",
        "display": "test/0.png",
        "bbox": [
            "5392",
            "6697",
            "5801",
            "6750"
        ],
        "text": "PARTY CAN P",
        "text_to_ignore": []
    },
    {
        "id": "11cb35c9-0bb1-4d69-8dd2-15007cc4b99c",
        "display": "test/0.png",
        "bbox": [
            "5387",
            "6791",
            "5818",
            "6847"
        ],
        "text": "X052-17 CAN",
        "text_to_ignore": []
    },
    {
        "id": "e549bdff-751f-4761-9588-73cd4a5deb96",
        "display": "test/0.png",
        "bbox": [
            "5392",
            "6850",
            "5808",
            "6898"
        ],
        "text": "PARTY CAN N",
        "text_to_ignore": []
    },
    {
        "id": "1093727f-aa1c-441b-8823-bebdc1d084a0",
        "display": "test/0.png",
        "bbox": [
            "5080",
            "6888",
            "5268",
            "6922"
        ],
        "text": "X052",
        "text_to_ignore": []
    },
    {
        "id": "1a816ef6-426c-4c09-8659-62f67631e8aa",
        "display": "test/0.png",
        "bbox": [
            "314",
            "8455",
            "1272",
            "8538"
        ],
        "text": "Air Suspension Controller",
        "text_to_ignore": []
    },
    {
        "id": "3a8c1eb8-a350-4f21-8d9d-5ba2945f928a",
        "display": "test/0.png",
        "bbox": [
            "729",
            "8536",
            "1680",
            "8604"
        ],
        "text": "X176 X177 X178 X179",
        "text_to_ignore": []
    },
    {
        "id": "680571c8-c849-4803-ac26-55490ccca0f0",
        "display": "test/0.png",
        "bbox": [
            "1330",
            "8664",
            "1756",
            "8714"
        ],
        "text": "X176-21 CAN",
        "text_to_ignore": []
    },
    {
        "id": "50442e94-a8f2-435d-a255-d2a9a2dfde44",
        "display": "test/0.png",
        "bbox": [
            "1456",
            "8726",
            "1756",
            "8776"
        ],
        "text": "S CAN H",
        "text_to_ignore": []
    },
    {
        "id": "e1c8ac39-ed09-453e-bd3b-6e052c8bb8c4",
        "display": "test/0.png",
        "bbox": [
            "2006",
            "8766",
            "2608",
            "8818"
        ],
        "text": "TWIST-CAN CPY03-D",
        "text_to_ignore": []
    },
    {
        "id": "5f203678-f663-4dce-9230-78f0849cab82",
        "display": "test/0.png",
        "bbox": [
            "1330",
            "8815",
            "1758",
            "8863"
        ],
        "text": "X176-22 CAN",
        "text_to_ignore": []
    },
    {
        "id": "75ba3097-32c8-463d-b697-5db0b7e2eb7e",
        "display": "test/0.png",
        "bbox": [
            "1468",
            "8878",
            "1762",
            "8928"
        ],
        "text": "S CAN L",
        "text_to_ignore": []
    },
    {
        "id": "caba24b1-9972-482e-b8c4-2cde0c3bba98",
        "display": "test/0.png",
        "bbox": [
            "1875",
            "8911",
            "2065",
            "8945"
        ],
        "text": "X176",
        "text_to_ignore": []
    },
    {
        "id": "ac87ac63-b623-470b-a000-9a3a7c5e843c",
        "display": "test/0.png",
        "bbox": [
            "3193",
            "8662",
            "3954",
            "8705"
        ],
        "text": "+CPY03-B YE WH 0.35 FLRY",
        "text_to_ignore": []
    },
    {
        "id": "7a5e9d4f-0137-42fd-9659-596dfb6ae6ed",
        "display": "test/0.png",
        "bbox": [
            "3242",
            "8722",
            "3846",
            "8764"
        ],
        "text": "1713.0 3486408-XX (W)",
        "text_to_ignore": []
    },
    {
        "id": "06ca74bb-430a-4eb5-a793-a12c1514d1bc",
        "display": "test/0.png",
        "bbox": [
            "3194",
            "8814",
            "3866",
            "8854"
        ],
        "text": "+CPY04-B YE 0.35 FLRY",
        "text_to_ignore": []
    },
    {
        "id": "ebda2038-1646-4459-97d7-ae2e4a824e39",
        "display": "test/0.png",
        "bbox": [
            "3242",
            "8872",
            "3847",
            "8917"
        ],
        "text": "1713.0 3486408-XX (W)",
        "text_to_ignore": []
    },
    {
        "id": "25fd12f1-f87e-4b08-9ed0-02e0782c63ee",
        "display": "test/0.png",
        "bbox": [
            "4526",
            "8766",
            "5144",
            "8818"
        ],
        "text": "TWIST-CAN CPY03-D",
        "text_to_ignore": []
    },
    {
        "id": "bbc1c6f3-90bd-4419-9b06-b92bd31486d2",
        "display": "test/0.png",
        "bbox": [
            "5338",
            "7777",
            "6167",
            "7862"
        ],
        "text": "Body Controller Front \u00a9",
        "text_to_ignore": []
    },
    {
        "id": "edf3add3-4a5f-4416-9ba5-90ceec350a23",
        "display": "test/0.png",
        "bbox": [
            "5650",
            "7864",
            "7054",
            "7928"
        ],
        "text": "X021 X010 X011 X012 X013 X014",
        "text_to_ignore": []
    },
    {
        "id": "b5f2c4ba-4ba0-45f2-bba8-791ab67120f9",
        "display": "test/0.png",
        "bbox": [
            "5387",
            "8665",
            "5818",
            "8722"
        ],
        "text": "X011-22 CAN",
        "text_to_ignore": []
    },
    {
        "id": "bf848748-6d99-4db9-ba29-88e22951e423",
        "display": "test/0.png",
        "bbox": [
            "5391",
            "8725",
            "5800",
            "8776"
        ],
        "text": "PARTY CAN P",
        "text_to_ignore": []
    },
    {
        "id": "8574a2a1-1953-4110-9350-0a6458593842",
        "display": "test/0.png",
        "bbox": [
            "5387",
            "8815",
            "5818",
            "8869"
        ],
        "text": "X011-21 CAN",
        "text_to_ignore": []
    },
    {
        "id": "70a80b89-b81c-4aa6-98d5-db0b8ad11856",
        "display": "test/0.png",
        "bbox": [
            "5392",
            "8875",
            "5808",
            "8924"
        ],
        "text": "PARTY CAN N",
        "text_to_ignore": []
    },
    {
        "id": "341b51fe-9fd6-4581-980f-95e1f3de43ba",
        "display": "test/0.png",
        "bbox": [
            "5082",
            "8914",
            "5266",
            "8946"
        ],
        "text": "X011)",
        "text_to_ignore": []
    },
    {
        "id": "0b4581f7-5f66-4e93-a363-d0b7e47f17fa",
        "display": "test/0.png",
        "bbox": [
            "6580",
            "7992",
            "7006",
            "8042"
        ],
        "text": "X011-10 CAN",
        "text_to_ignore": []
    },
    {
        "id": "97fae354-0243-4e54-bed2-a945b32b55b5",
        "display": "test/0.png",
        "bbox": [
            "6598",
            "8050",
            "7008",
            "8096"
        ],
        "text": "PARTY CAN P",
        "text_to_ignore": []
    },
    {
        "id": "38a57016-d0c9-4cba-84c0-6c90a18b7fd6",
        "display": "test/0.png",
        "bbox": [
            "7254",
            "8088",
            "7868",
            "8144"
        ],
        "text": "TWIST-CAN CPY22-B",
        "text_to_ignore": []
    },
    {
        "id": "b6a11333-a56c-4ede-9ed5-44652a5b7f9e",
        "display": "test/0.png",
        "bbox": [
            "6608",
            "8142",
            "7008",
            "8194"
        ],
        "text": "X011-9 CAN",
        "text_to_ignore": []
    },
    {
        "id": "98a2ffec-f26b-4a4c-8333-2629dc15f28e",
        "display": "test/0.png",
        "bbox": [
            "6590",
            "8200",
            "7006",
            "8250"
        ],
        "text": "PARTY CAN N",
        "text_to_ignore": []
    },
    {
        "id": "b0fb66dc-a27c-4703-992c-15a0a6517d47",
        "display": "test/0.png",
        "bbox": [
            "7128",
            "8236",
            "7310",
            "8272"
        ],
        "text": "'Xx011",
        "text_to_ignore": []
    },
    {
        "id": "071033f6-9461-4800-bf76-8f694f5b250e",
        "display": "test/0.png",
        "bbox": [
            "11672",
            "8626",
            "13852",
            "8656"
        ],
        "text": "THE INFORMATION CONTAINED HEREIN IS DEEMED TO BE CONFIDENTIAL, PROPRIETARY, AND A TRADE SECRET OF TESLA MOTORS. THIS",
        "text_to_ignore": []
    },
    {
        "id": "3b240420-5e6a-4ce2-8784-8428b511ae6d",
        "display": "test/0.png",
        "bbox": [
            "11672",
            "8658",
            "13884",
            "8696"
        ],
        "text": "INFORMATION \u201cMAY NOT BE USED, REPRODUCED, OR \u201cDISCLOSED AS THE DIRECT \u201cOR\u201d INDIRECT BASIS FOR THE \u2018DEVELOPMENT, MANUFACTURE ,",
        "text_to_ignore": []
    },
    {
        "id": "69f86ba6-ff7f-4b9c-9ea3-5e62db59ba62",
        "display": "test/0.png",
        "bbox": [
            "11670",
            "8698",
            "13288",
            "8728"
        ],
        "text": "OR SALE OF PROCESSES OR PRODUCTS WITHOUT THE EXPRESSD WRITTEN CONSENT OF TESLA MOTORS.",
        "text_to_ignore": []
    },
    {
        "id": "72a57d14-5026-4a87-977e-23ef7dd73bcd",
        "display": "test/0.png",
        "bbox": [
            "11916",
            "8776",
            "12978",
            "8826"
        ],
        "text": "DRAWN CHECKED",
        "text_to_ignore": []
    },
    {
        "id": "55129248-ac53-4366-9bfc-951c5bcf9e4b",
        "display": "test/0.png",
        "bbox": [
            "13362",
            "8778",
            "13744",
            "8828"
        ],
        "text": "APPROVED",
        "text_to_ignore": []
    },
    {
        "id": "ec5aa288-e866-453c-ad9f-6836e2a4d729",
        "display": "test/0.png",
        "bbox": [
            "11664",
            "9078",
            "12048",
            "9126"
        ],
        "text": "MATERIAL",
        "text_to_ignore": []
    },
    {
        "id": "37fa55a4-79fe-4959-a412-1aa666ab9ab5",
        "display": "test/0.png",
        "bbox": [
            "12602",
            "9076",
            "13020",
            "9126"
        ],
        "text": "FINISHING",
        "text_to_ignore": []
    },
    {
        "id": "ff2568e2-2a06-4ca7-8d72-71be95c4e244",
        "display": "test/0.png",
        "bbox": [
            "11740",
            "9156",
            "12472",
            "9230"
        ],
        "text": "AS SPECIFIED",
        "text_to_ignore": []
    },
    {
        "id": "b8bdfbf0-d2e4-4343-9c62-5fe5de6a5683",
        "display": "test/0.png",
        "bbox": [
            "12674",
            "9156",
            "13408",
            "9229"
        ],
        "text": "AS SPECIFIED",
        "text_to_ignore": []
    },
    {
        "id": "2868dc08-ad81-4d5a-83e8-c47e8716c909",
        "display": "test/0.png",
        "bbox": [
            "11666",
            "9302",
            "12082",
            "9352"
        ],
        "text": "PART NAME",
        "text_to_ignore": []
    },
    {
        "id": "e108ffc8-9b12-4f0e-a453-cc2085d78f58",
        "display": "test/0.png",
        "bbox": [
            "11660",
            "9366",
            "12713",
            "9466"
        ],
        "text": "CAN Network: Party",
        "text_to_ignore": []
    },
    {
        "id": "ab59ac08-8b1a-4e2e-b68f-c3c1ddfa6a7a",
        "display": "test/0.png",
        "bbox": [
            "11666",
            "9527",
            "12151",
            "9577"
        ],
        "text": "PART NUMBER",
        "text_to_ignore": []
    },
    {
        "id": "0bc3c1c7-7064-4ce2-89cf-3beafa1ca33a",
        "display": "test/0.png",
        "bbox": [
            "13537",
            "9076",
            "13814",
            "9126"
        ],
        "text": "SCALE",
        "text_to_ignore": []
    },
    {
        "id": "4671094f-957f-4549-a4e1-46b252ef877b",
        "display": "test/0.png",
        "bbox": [
            "13596",
            "9154",
            "13901",
            "9223"
        ],
        "text": "NONE",
        "text_to_ignore": []
    },
    {
        "id": "f2f21fee-f71e-4d98-8846-a5fe80c391da",
        "display": "test/0.png",
        "bbox": [
            "12788",
            "9526",
            "13364",
            "9577"
        ],
        "text": "REV SHEET",
        "text_to_ignore": []
    },
    {
        "id": "f4b1054c-6efe-4a9d-bc9c-808155dc17f7",
        "display": "test/0.png",
        "bbox": [
            "13613",
            "9528",
            "13853",
            "9575"
        ],
        "text": "SIZE",
        "text_to_ignore": []
    },
    {
        "id": "a1ae81fb-b171-45f0-9303-1ef277d9c8f7",
        "display": "test/0.png",
        "bbox": [
            "12878",
            "9646",
            "13585",
            "9716"
        ],
        "text": "11 oF 61",
        "text_to_ignore": []
    }
]