[
    {
        "id": "6ec1974a-78f7-4c91-b2a2-152bff3a9a02",
        "display": "test/2.png",
        "bbox": [
            "316",
            "284",
            "890",
            "348"
        ],
        "text": "HV Penthouse",
        "text_to_ignore": []
    },
    {
        "id": "94921b0f-3d96-4071-a71f-e1b044de78da",
        "display": "test/2.png",
        "bbox": [
            "536",
            "366",
            "1254",
            "430"
        ],
        "text": "X585 X586 X58",
        "text_to_ignore": []
    },
    {
        "id": "ed8dc482-22a4-47b0-acd6-bc5f17cc90ef",
        "display": "test/2.png",
        "bbox": [
            "1103",
            "492",
            "1532",
            "540"
        ],
        "text": "X585-16 CAN",
        "text_to_ignore": []
    },
    {
        "id": "133f867f-a2fe-4954-8187-cb4f97b33076",
        "display": "test/2.png",
        "bbox": [
            "1078",
            "552",
            "1530",
            "594"
        ],
        "text": "VEHICLE-CAN-H",
        "text_to_ignore": []
    },
    {
        "id": "4490253e-840f-44b5-9702-d203365d11c3",
        "display": "test/2.png",
        "bbox": [
            "1104",
            "642",
            "1532",
            "690"
        ],
        "text": "X585-15 CAN",
        "text_to_ignore": []
    },
    {
        "id": "14ed3ae2-3eb6-454c-ad70-d10935c8fa6c",
        "display": "test/2.png",
        "bbox": [
            "1090",
            "702",
            "1536",
            "746"
        ],
        "text": "VEHICLE-CAN-L",
        "text_to_ignore": []
    },
    {
        "id": "2f4aab32-b8df-4ddf-ac38-259e5fd9bb31",
        "display": "test/2.png",
        "bbox": [
            "313",
            "1025",
            "1200",
            "1112"
        ],
        "text": "Body Controller Battery \u00a9",
        "text_to_ignore": []
    },
    {
        "id": "889d42b3-57cf-4303-8a98-b136bbb7216c",
        "display": "test/2.png",
        "bbox": [
            "536",
            "1113",
            "1486",
            "1181"
        ],
        "text": "X025 X022 X023 X024",
        "text_to_ignore": []
    },
    {
        "id": "2fd03c03-f7d0-49db-80f4-d69a7368e040",
        "display": "test/2.png",
        "bbox": [
            "1096",
            "1242",
            "1531",
            "1278"
        ],
        "text": "X025-D1 CAN",
        "text_to_ignore": []
    },
    {
        "id": "8778ddcf-aea9-45ed-bc75-e733fdae4e84",
        "display": "test/2.png",
        "bbox": [
            "2326",
            "490",
            "3110",
            "530"
        ],
        "text": "+CVH10-A BN WH 0.35 FLRY",
        "text_to_ignore": []
    },
    {
        "id": "4e39672b-184b-4191-ad9e-6ce9bd7c2c71",
        "display": "test/2.png",
        "bbox": [
            "2370",
            "548",
            "2962",
            "594"
        ],
        "text": "275.0 1608422-XX (OJ)",
        "text_to_ignore": []
    },
    {
        "id": "f724a801-2bc1-44fb-bb0e-13bd2fc4a3f9",
        "display": "test/2.png",
        "bbox": [
            "1779",
            "591",
            "2387",
            "643"
        ],
        "text": "TWIST-CAN CVH10-",
        "text_to_ignore": []
    },
    {
        "id": "f0cd4edb-1db5-4040-bbee-a1217e439bf0",
        "display": "test/2.png",
        "bbox": [
            "2325",
            "592",
            "3768",
            "680"
        ],
        "text": "oO TWIST-CAN CVH10-I orf +CVH11-A BN 0.35 FLRY x990M",
        "text_to_ignore": []
    },
    {
        "id": "b2a35bd7-cce3-4927-a28d-249c1ac1deed",
        "display": "test/2.png",
        "bbox": [
            "2369",
            "697",
            "2962",
            "744"
        ],
        "text": "275.0 1608422-XX (OJ)",
        "text_to_ignore": []
    },
    {
        "id": "9364ea47-2561-48d8-b7b1-748941f574b0",
        "display": "test/2.png",
        "bbox": [
            "1652",
            "738",
            "1840",
            "774"
        ],
        "text": "\u2014\u2014X585",
        "text_to_ignore": []
    },
    {
        "id": "76f80fe4-ff6d-44e2-9cce-5de958c32125",
        "display": "test/2.png",
        "bbox": [
            "1520",
            "1116",
            "1788",
            "1180"
        ],
        "text": "X026",
        "text_to_ignore": []
    },
    {
        "id": "b6174b99-3373-4979-9981-8d300d5b8e16",
        "display": "test/2.png",
        "bbox": [
            "3534",
            "476",
            "3768",
            "514"
        ],
        "text": "X990M",
        "text_to_ignore": []
    },
    {
        "id": "2714f5ac-5571-4e6c-9fbf-f3c7731d0020",
        "display": "test/2.png",
        "bbox": [
            "3682",
            "528",
            "3918",
            "566"
        ],
        "text": "\u201416 16\u2014",
        "text_to_ignore": []
    },
    {
        "id": "1671e94c-106d-4d0c-a195-80f50c47b518",
        "display": "test/2.png",
        "bbox": [
            "3680",
            "678",
            "3920",
            "718"
        ],
        "text": "\u201415 15\u2014",
        "text_to_ignore": []
    },
    {
        "id": "ce758087-a0ab-4b57-b959-44c941da285a",
        "display": "test/2.png",
        "bbox": [
            "3604",
            "1240",
            "4382",
            "1278"
        ],
        "text": "+CVH10-E BN WH 0.35 FLRY",
        "text_to_ignore": []
    },
    {
        "id": "4c712ff7-7e18-4388-9eba-b53d974e81c4",
        "display": "test/2.png",
        "bbox": [
            "3828",
            "476",
            "4052",
            "514"
        ],
        "text": "X990F",
        "text_to_ignore": []
    },
    {
        "id": "4b1c1b73-c8c1-4b6c-9563-147c4efee0f9",
        "display": "test/2.png",
        "bbox": [
            "4686",
            "489",
            "5474",
            "531"
        ],
        "text": "+CVH10-D BN WH 0.35 FLRY",
        "text_to_ignore": []
    },
    {
        "id": "220584c2-bc1c-4e5b-b2d8-077fdf1a2f76",
        "display": "test/2.png",
        "bbox": [
            "4732",
            "548",
            "5338",
            "592"
        ],
        "text": "1152.0 3486408-XX (W)",
        "text_to_ignore": []
    },
    {
        "id": "cabf82b8-f558-4af6-b4fd-fd46047a8f87",
        "display": "test/2.png",
        "bbox": [
            "4030",
            "592",
            "4662",
            "644"
        ],
        "text": "TWIST-CAN CVH10-D",
        "text_to_ignore": []
    },
    {
        "id": "5ee943d2-0ede-465a-b88b-3cfd300e9536",
        "display": "test/2.png",
        "bbox": [
            "4574",
            "640",
            "5272",
            "680"
        ],
        "text": "- +CVH11-D BN 0.35 FLRY",
        "text_to_ignore": []
    },
    {
        "id": "dcef8408-e605-4017-96c1-b20ef1cf0158",
        "display": "test/2.png",
        "bbox": [
            "4620",
            "698",
            "5220",
            "738"
        ],
        "text": "1152.0 3486408-XX (W)",
        "text_to_ignore": []
    },
    {
        "id": "592c8d36-54fc-4ef7-8b88-779738e0578a",
        "display": "test/2.png",
        "bbox": [
            "6352",
            "1230",
            "6842",
            "1278"
        ],
        "text": "Z129-+CVH10",
        "text_to_ignore": []
    },
    {
        "id": "73ebf9ca-234b-44ef-86d3-301f3920c21d",
        "display": "test/2.png",
        "bbox": [
            "8063",
            "488",
            "8846",
            "531"
        ],
        "text": "+CVH10-B BN WH 0.35 FLRY",
        "text_to_ignore": []
    },
    {
        "id": "ccc98af1-c427-49a1-b20b-e417bea12080",
        "display": "test/2.png",
        "bbox": [
            "8110",
            "548",
            "8714",
            "592"
        ],
        "text": "1266.0 3486408-XX (W)",
        "text_to_ignore": []
    },
    {
        "id": "bf1d03a9-878e-4f0c-8db6-babd18d1ea43",
        "display": "test/2.png",
        "bbox": [
            "7952",
            "640",
            "8644",
            "680"
        ],
        "text": "+CVH11-B BN 0.35 FLRY",
        "text_to_ignore": []
    },
    {
        "id": "e2f3a102-5a01-4972-8dbe-24f6819a0d62",
        "display": "test/2.png",
        "bbox": [
            "7998",
            "698",
            "8602",
            "742"
        ],
        "text": "1266.0 3486408-XX (W)",
        "text_to_ignore": []
    },
    {
        "id": "6329673b-893e-45ed-abf8-3b5ec8929bb6",
        "display": "test/2.png",
        "bbox": [
            "8026",
            "1239",
            "8808",
            "1278"
        ],
        "text": "+CVH10-C BN WH 0.35 FLRY",
        "text_to_ignore": []
    },
    {
        "id": "fa70630d-c65c-4161-ba7f-b2e58511000d",
        "display": "test/2.png",
        "bbox": [
            "9843",
            "586",
            "10467",
            "645"
        ],
        "text": "TWIST-CAN CVH10-B",
        "text_to_ignore": []
    },
    {
        "id": "d81eb40b-0bfc-4603-9265-cd8f70584433",
        "display": "test/2.png",
        "bbox": [
            "10666",
            "278",
            "11322",
            "361"
        ],
        "text": "MCU & Gateway",
        "text_to_ignore": []
    },
    {
        "id": "a372a865-dd1f-4c15-a3a7-52c4fdca113f",
        "display": "test/2.png",
        "bbox": [
            "11054",
            "366",
            "13790",
            "430"
        ],
        "text": "X452 X453 X454 X800 X803 X801 X804 X802 X829 X860 X862 X455",
        "text_to_ignore": []
    },
    {
        "id": "e3d3a692-42a5-4164-af30-d5646532cbe4",
        "display": "test/2.png",
        "bbox": [
            "10714",
            "492",
            "11111",
            "540"
        ],
        "text": "X452-1 CAN",
        "text_to_ignore": []
    },
    {
        "id": "c22a8be0-1cbc-4278-8eac-0999e6ed53bb",
        "display": "test/2.png",
        "bbox": [
            "10715",
            "551",
            "11071",
            "593"
        ],
        "text": "VEH-CAN-P",
        "text_to_ignore": []
    },
    {
        "id": "382a0843-fa9e-4278-a47b-225bdb1c2916",
        "display": "test/2.png",
        "bbox": [
            "10713",
            "641",
            "11112",
            "689"
        ],
        "text": "X452-2 CAN",
        "text_to_ignore": []
    },
    {
        "id": "4252eb62-1335-4920-ad1c-c781d47cfd7e",
        "display": "test/2.png",
        "bbox": [
            "10716",
            "702",
            "11080",
            "744"
        ],
        "text": "VEH-CAN-N",
        "text_to_ignore": []
    },
    {
        "id": "29051c22-9b79-4baa-8ee5-0bf85a0e8a31",
        "display": "test/2.png",
        "bbox": [
            "10406",
            "738",
            "10592",
            "772"
        ],
        "text": "X4521\u2014",
        "text_to_ignore": []
    },
    {
        "id": "610eb8b0-8316-4df6-9a06-cb95bb989e4b",
        "display": "test/2.png",
        "bbox": [
            "10662",
            "1031",
            "11490",
            "1111"
        ],
        "text": "Body Controller Front \u00a9",
        "text_to_ignore": []
    },
    {
        "id": "bb7327d0-50e3-4c16-9d79-0d16191372ae",
        "display": "test/2.png",
        "bbox": [
            "11172",
            "1116",
            "12576",
            "1180"
        ],
        "text": "X021 X010 X011 X012 X013 X014",
        "text_to_ignore": []
    },
    {
        "id": "09834890-2875-48b0-9136-9b52150bb800",
        "display": "test/2.png",
        "bbox": [
            "10713",
            "1241",
            "11141",
            "1278"
        ],
        "text": "X011-44 CAN",
        "text_to_ignore": []
    },
    {
        "id": "9b4909be-5bca-41ef-8e39-1968e282510d",
        "display": "test/2.png",
        "bbox": [
            "1084",
            "1298",
            "1534",
            "1351"
        ],
        "text": "VEHICLE CAN P",
        "text_to_ignore": []
    },
    {
        "id": "f50bed41-abf0-452e-9bdc-a37b8a944c8e",
        "display": "test/2.png",
        "bbox": [
            "1099",
            "1392",
            "1532",
            "1440"
        ],
        "text": "X025-C1 CAN",
        "text_to_ignore": []
    },
    {
        "id": "f14010ed-ec1c-4e02-9012-d22d8f2cbadb",
        "display": "test/2.png",
        "bbox": [
            "1074",
            "1450",
            "1532",
            "1498"
        ],
        "text": "VEHICLE CAN N",
        "text_to_ignore": []
    },
    {
        "id": "f713598d-c63f-4808-811e-918c82fcac1d",
        "display": "test/2.png",
        "bbox": [
            "313",
            "1631",
            "732",
            "1711"
        ],
        "text": "Autopilot",
        "text_to_ignore": []
    },
    {
        "id": "6b8eaa19-343e-44a5-bf18-4391a46c2a17",
        "display": "test/2.png",
        "bbox": [
            "876",
            "1716",
            "2510",
            "1780"
        ],
        "text": "X149 X150 X838 X839 X865 X836 X828",
        "text_to_ignore": []
    },
    {
        "id": "0cf73cfe-7f74-443c-9e96-36c6c09befb8",
        "display": "test/2.png",
        "bbox": [
            "1104",
            "1842",
            "1532",
            "1890"
        ],
        "text": "X149-12 CAN",
        "text_to_ignore": []
    },
    {
        "id": "252de556-8275-4856-8340-19871896ce09",
        "display": "test/2.png",
        "bbox": [
            "1128",
            "1902",
            "1536",
            "1944"
        ],
        "text": "VH-CAN-H-Ex",
        "text_to_ignore": []
    },
    {
        "id": "fcc1da43-4d28-49c0-b8e6-291dfa4a1560",
        "display": "test/2.png",
        "bbox": [
            "1104",
            "1992",
            "1532",
            "2040"
        ],
        "text": "X149-13 CAN",
        "text_to_ignore": []
    },
    {
        "id": "3fa885fa-efe1-4588-968d-bd9ede2668df",
        "display": "test/2.png",
        "bbox": [
            "1138",
            "2052",
            "1536",
            "2094"
        ],
        "text": "VH-CAN-L-Ex",
        "text_to_ignore": []
    },
    {
        "id": "1300ee4a-e04c-4cf2-ab7c-3c39e7ca5a11",
        "display": "test/2.png",
        "bbox": [
            "1779",
            "1338",
            "2402",
            "1395"
        ],
        "text": "TWIST-CAN CVH10-E",
        "text_to_ignore": []
    },
    {
        "id": "6870f74f-9a82-4617-9082-ebb22d61ff6a",
        "display": "test/2.png",
        "bbox": [
            "1652",
            "1488",
            "1840",
            "1524"
        ],
        "text": "\u2014\u2014X025",
        "text_to_ignore": []
    },
    {
        "id": "765be625-0978-484c-a9bf-1a9ccad84ff9",
        "display": "test/2.png",
        "bbox": [
            "1780",
            "1942",
            "2410",
            "1994"
        ],
        "text": "TWIST-CAN CVH10-G",
        "text_to_ignore": []
    },
    {
        "id": "afe17fb4-6c5e-46e7-a302-354996580b6b",
        "display": "test/2.png",
        "bbox": [
            "1652",
            "2088",
            "1840",
            "2122"
        ],
        "text": "X149",
        "text_to_ignore": []
    },
    {
        "id": "db520a9f-0e78-448d-a6dc-1a61447c903f",
        "display": "test/2.png",
        "bbox": [
            "3650",
            "1298",
            "4254",
            "1342"
        ],
        "text": "1564.0 3486408-XX (W)",
        "text_to_ignore": []
    },
    {
        "id": "20edd0d1-d823-4754-a4b1-c3d55e94578b",
        "display": "test/2.png",
        "bbox": [
            "3489",
            "1388",
            "4182",
            "1430"
        ],
        "text": "+CVH11-E BN 0.35 FLRY",
        "text_to_ignore": []
    },
    {
        "id": "bf114f13-9b76-4d3d-a514-589db0aa42f7",
        "display": "test/2.png",
        "bbox": [
            "3538",
            "1448",
            "4142",
            "1492"
        ],
        "text": "1564.0 3486408-XxX (W)",
        "text_to_ignore": []
    },
    {
        "id": "2a3b3d8a-8987-4e16-a190-1ef330e2eb21",
        "display": "test/2.png",
        "bbox": [
            "3599",
            "1838",
            "4386",
            "1881"
        ],
        "text": "+CVH10-G BN WH 0.35 FLRY",
        "text_to_ignore": []
    },
    {
        "id": "2aa195c9-4373-4d13-b953-edeb567fd81e",
        "display": "test/2.png",
        "bbox": [
            "3646",
            "1898",
            "4250",
            "1942"
        ],
        "text": "1232.0 3486408-XX (W)",
        "text_to_ignore": []
    },
    {
        "id": "5f6b2a75-c95a-4e22-930c-1c39b511218d",
        "display": "test/2.png",
        "bbox": [
            "3450",
            "1990",
            "4148",
            "2030"
        ],
        "text": "+CVH11-G BN 0.35 FLRY",
        "text_to_ignore": []
    },
    {
        "id": "758769bf-a66e-4208-923c-87ccbedbb0a7",
        "display": "test/2.png",
        "bbox": [
            "3496",
            "2048",
            "4100",
            "2092"
        ],
        "text": "1232.0 3486408-XX (W)",
        "text_to_ignore": []
    },
    {
        "id": "48c6bb93-48ff-4453-b397-7055ce63079d",
        "display": "test/2.png",
        "bbox": [
            "3772",
            "2274",
            "3992",
            "2314"
        ],
        "text": "X977F(",
        "text_to_ignore": []
    },
    {
        "id": "216099e3-65ba-4aa7-b45c-a04a4047d07a",
        "display": "test/2.png",
        "bbox": [
            "3772",
            "2423",
            "3991",
            "2461"
        ],
        "text": "X977F",
        "text_to_ignore": []
    },
    {
        "id": "a7f2721f-16f3-4a26-92ee-e04387b2951c",
        "display": "test/2.png",
        "bbox": [
            "4051",
            "2276",
            "4285",
            "2314"
        ],
        "text": "X977M",
        "text_to_ignore": []
    },
    {
        "id": "c09312e7-ea04-43bc-ba49-163ec097e54a",
        "display": "test/2.png",
        "bbox": [
            "4690",
            "2290",
            "5380",
            "2330"
        ],
        "text": "+CVH11-F BN 0.35 FLRY",
        "text_to_ignore": []
    },
    {
        "id": "21ae0330-112c-4424-929f-2db908b05ccb",
        "display": "test/2.png",
        "bbox": [
            "3906",
            "2328",
            "4142",
            "2366"
        ],
        "text": "\u20141717\u2014",
        "text_to_ignore": []
    },
    {
        "id": "cec0656b-7952-4ef3-bb9a-dd804df20763",
        "display": "test/2.png",
        "bbox": [
            "4736",
            "2348",
            "5320",
            "2394"
        ],
        "text": "942.0 3486408-XX (W)",
        "text_to_ignore": []
    },
    {
        "id": "bf6741bb-2ff0-4a3a-b2a8-b529c1e83803",
        "display": "test/2.png",
        "bbox": [
            "4248",
            "2390",
            "4870",
            "2444"
        ],
        "text": "TWIST-CAN CVH10-F",
        "text_to_ignore": []
    },
    {
        "id": "fb6ba04a-253b-4695-aa55-d1159fa0e867",
        "display": "test/2.png",
        "bbox": [
            "4052",
            "2424",
            "4286",
            "2464"
        ],
        "text": "X977M,",
        "text_to_ignore": []
    },
    {
        "id": "48eb3c1a-8925-49b7-afe6-3059fa3daa1e",
        "display": "test/2.png",
        "bbox": [
            "4690",
            "2439",
            "5468",
            "2481"
        ],
        "text": "+CVH10-F BN WH 0.35 FLRY",
        "text_to_ignore": []
    },
    {
        "id": "a3b3aa81-adff-4c37-bcd3-0672b24bc3a0",
        "display": "test/2.png",
        "bbox": [
            "3906",
            "2478",
            "4144",
            "2518"
        ],
        "text": "\u201416 16\u2014",
        "text_to_ignore": []
    },
    {
        "id": "22859d33-707c-482d-8563-231636dce024",
        "display": "test/2.png",
        "bbox": [
            "4736",
            "2498",
            "5318",
            "2540"
        ],
        "text": "942.0 3486408-XX (W)",
        "text_to_ignore": []
    },
    {
        "id": "6faa48f5-96b2-4f42-9046-33b6cdb7982f",
        "display": "test/2.png",
        "bbox": [
            "5544",
            "1454",
            "6022",
            "1504"
        ],
        "text": "Z130-+CVH11",
        "text_to_ignore": []
    },
    {
        "id": "9db58f62-b261-4587-8f76-85007ce0807c",
        "display": "test/2.png",
        "bbox": [
            "7140",
            "2082",
            "7862",
            "2164"
        ],
        "text": "HVAC Compressor",
        "text_to_ignore": []
    },
    {
        "id": "881282ad-8a6e-4a2d-9e83-a9b5b327c77a",
        "display": "test/2.png",
        "bbox": [
            "7429",
            "2163",
            "8150",
            "2231"
        ],
        "text": "X529 X541 X532",
        "text_to_ignore": []
    },
    {
        "id": "2e80f4a0-3fc8-4289-ad75-ccd1abf3f92b",
        "display": "test/2.png",
        "bbox": [
            "8072",
            "1298",
            "8652",
            "1342"
        ],
        "text": "723.0 3486408-XX (W)",
        "text_to_ignore": []
    },
    {
        "id": "a5bf5280-ed83-4700-b87b-4cf0257c7869",
        "display": "test/2.png",
        "bbox": [
            "7912",
            "1390",
            "8608",
            "1430"
        ],
        "text": "+CVH11-C BN 0.35 FLRY",
        "text_to_ignore": []
    },
    {
        "id": "efd2b3ef-9b1d-4a7d-828a-950095c44692",
        "display": "test/2.png",
        "bbox": [
            "7958",
            "1448",
            "8540",
            "1492"
        ],
        "text": "723.0 3486408-XX (W)",
        "text_to_ignore": []
    },
    {
        "id": "ff770de7-1c29-4643-994f-f317acd70a49",
        "display": "test/2.png",
        "bbox": [
            "7958",
            "2290",
            "8356",
            "2342"
        ],
        "text": "X529-2 CAN",
        "text_to_ignore": []
    },
    {
        "id": "eaa933a9-a400-4a21-9548-f3f3865c2c15",
        "display": "test/2.png",
        "bbox": [
            "8098",
            "2352",
            "8356",
            "2392"
        ],
        "text": "CAN HI",
        "text_to_ignore": []
    },
    {
        "id": "85c11f09-ccc9-46c6-a121-f397ab87149c",
        "display": "test/2.png",
        "bbox": [
            "8606",
            "2392",
            "9228",
            "2440"
        ],
        "text": "TWIST-CAN CVH16-B",
        "text_to_ignore": []
    },
    {
        "id": "a3c0d325-33ba-406d-a025-f88ace29ea94",
        "display": "test/2.png",
        "bbox": [
            "7958",
            "2440",
            "8356",
            "2492"
        ],
        "text": "X529-3 CAN",
        "text_to_ignore": []
    },
    {
        "id": "2bd4ec55-8c92-4f74-b883-d84d7a8a0f5d",
        "display": "test/2.png",
        "bbox": [
            "8086",
            "2502",
            "8356",
            "2544"
        ],
        "text": "CAN LO",
        "text_to_ignore": []
    },
    {
        "id": "98baffe0-1bd6-42b5-8df1-4c54f2b88ec2",
        "display": "test/2.png",
        "bbox": [
            "8480",
            "2540",
            "8664",
            "2570"
        ],
        "text": "IX529",
        "text_to_ignore": []
    },
    {
        "id": "43e2b80f-c030-43ee-a1de-3505dd624461",
        "display": "test/2.png",
        "bbox": [
            "9841",
            "1334",
            "10470",
            "1395"
        ],
        "text": "TWIST-CAN CVH10-C",
        "text_to_ignore": []
    },
    {
        "id": "6b55b2b8-bd5c-4195-8191-c8fce3366372",
        "display": "test/2.png",
        "bbox": [
            "9149",
            "2288",
            "9934",
            "2330"
        ],
        "text": "+CVH16-A BN WH 0.50 FLRY",
        "text_to_ignore": []
    },
    {
        "id": "f36a892b-8dae-4efa-a398-b60006ae7559",
        "display": "test/2.png",
        "bbox": [
            "9196",
            "2348",
            "9846",
            "2392"
        ],
        "text": "1353.0 1585341-XX (UHP)",
        "text_to_ignore": []
    },
    {
        "id": "2c142b02-4332-4277-8245-b12bb28665c5",
        "display": "test/2.png",
        "bbox": [
            "9843",
            "2384",
            "10467",
            "2445"
        ],
        "text": "TWIST-CAN CVH16-B",
        "text_to_ignore": []
    },
    {
        "id": "9c4563fa-a381-48c9-87b2-25f75742fc27",
        "display": "test/2.png",
        "bbox": [
            "9149",
            "2437",
            "9859",
            "2481"
        ],
        "text": "+CVH17-A WH 0.50 FLRY",
        "text_to_ignore": []
    },
    {
        "id": "ec263a9a-0df7-43d1-bd41-7927edf02639",
        "display": "test/2.png",
        "bbox": [
            "9196",
            "2498",
            "9846",
            "2542"
        ],
        "text": "1353.0 1585341-XX (UHP)",
        "text_to_ignore": []
    },
    {
        "id": "c63e2ba7-3c9a-4910-8638-4ccb5ed83d11",
        "display": "test/2.png",
        "bbox": [
            "10736",
            "1280",
            "11140",
            "1292"
        ],
        "text": "i a",
        "text_to_ignore": []
    },
    {
        "id": "4f78a2a4-b411-44bf-b198-ddfeda06bffc",
        "display": "test/2.png",
        "bbox": [
            "10713",
            "1300",
            "11164",
            "1346"
        ],
        "text": "VEHICLE CAN P",
        "text_to_ignore": []
    },
    {
        "id": "d74c8bdb-25d8-40b1-b745-02f51d8c75c3",
        "display": "test/2.png",
        "bbox": [
            "10714",
            "1390",
            "11142",
            "1446"
        ],
        "text": "X011-43 CAN",
        "text_to_ignore": []
    },
    {
        "id": "3e5bb781-b596-4f83-8d24-2281e6eb09a5",
        "display": "test/2.png",
        "bbox": [
            "10714",
            "1450",
            "11172",
            "1498"
        ],
        "text": "VEHICLE CAN N",
        "text_to_ignore": []
    },
    {
        "id": "523edea2-8c92-4ffe-a24f-30a5c29e32c6",
        "display": "test/2.png",
        "bbox": [
            "10406",
            "1488",
            "10590",
            "1522"
        ],
        "text": "X011 \u2014",
        "text_to_ignore": []
    },
    {
        "id": "d17e9404-8181-4bf3-982b-ca8c5f9611c9",
        "display": "test/2.png",
        "bbox": [
            "10714",
            "2290",
            "11155",
            "2344"
        ],
        "text": "X021-N4 CAN",
        "text_to_ignore": []
    },
    {
        "id": "8e2b3613-c76d-45b4-8397-a4e549cfea08",
        "display": "test/2.png",
        "bbox": [
            "10716",
            "2352",
            "11164",
            "2396"
        ],
        "text": "VEHICLE CAN P",
        "text_to_ignore": []
    },
    {
        "id": "9d1de156-ca9d-4165-9c2c-39ee0997cb37",
        "display": "test/2.png",
        "bbox": [
            "10714",
            "2442",
            "11154",
            "2496"
        ],
        "text": "X021-04 CAN",
        "text_to_ignore": []
    },
    {
        "id": "c436fbeb-2cc3-481e-b8f8-484b87a882e9",
        "display": "test/2.png",
        "bbox": [
            "10716",
            "2500",
            "11172",
            "2547"
        ],
        "text": "VEHICLE CAN N",
        "text_to_ignore": []
    },
    {
        "id": "dddf69bf-f9da-4db0-ac6c-6b6b23f0e280",
        "display": "test/2.png",
        "bbox": [
            "10410",
            "2540",
            "10592",
            "2572"
        ],
        "text": "X021",
        "text_to_ignore": []
    },
    {
        "id": "7e1fdd80-cf87-4202-9ff1-31f610ade201",
        "display": "test/2.png",
        "bbox": [
            "4892",
            "3812",
            "5714",
            "3838"
        ],
        "text": "Ranny, Crnrnntrnallar Dinht",
        "text_to_ignore": []
    },
    {
        "id": "d73cc864-14eb-4142-a93b-59a3fae2ecff",
        "display": "test/2.png",
        "bbox": [
            "309",
            "4476",
            "1038",
            "4559"
        ],
        "text": "Security Controller",
        "text_to_ignore": []
    },
    {
        "id": "29bc95e8-7a31-4944-8b7a-d23a8a2993dd",
        "display": "test/2.png",
        "bbox": [
            "508",
            "4566",
            "776",
            "4628"
        ],
        "text": "X488",
        "text_to_ignore": []
    },
    {
        "id": "80392117-2715-4af6-9277-2690f5fda54a",
        "display": "test/2.png",
        "bbox": [
            "1104",
            "4692",
            "1532",
            "4740"
        ],
        "text": "X488-11 CAN",
        "text_to_ignore": []
    },
    {
        "id": "41215ea5-edf0-4a07-bc09-cf7406349c78",
        "display": "test/2.png",
        "bbox": [
            "1132",
            "4752",
            "1528",
            "4796"
        ],
        "text": "Vehicle CAN+",
        "text_to_ignore": []
    },
    {
        "id": "67588452-dcb6-4266-9076-8be170377777",
        "display": "test/2.png",
        "bbox": [
            "1134",
            "4842",
            "1532",
            "4890"
        ],
        "text": "X488-9 CAN",
        "text_to_ignore": []
    },
    {
        "id": "21407af1-e149-47f3-b5c3-8aed949af647",
        "display": "test/2.png",
        "bbox": [
            "1144",
            "4902",
            "1532",
            "4944"
        ],
        "text": "Vehicle CAN-",
        "text_to_ignore": []
    },
    {
        "id": "db99a6cc-944d-4b16-86d9-5cd20377e565",
        "display": "test/2.png",
        "bbox": [
            "1780",
            "4790",
            "2404",
            "4844"
        ],
        "text": "TWIST-CAN CVH42-B",
        "text_to_ignore": []
    },
    {
        "id": "0d8f9621-c1d6-493b-a336-b044adad7bd4",
        "display": "test/2.png",
        "bbox": [
            "1652",
            "4936",
            "1840",
            "4972"
        ],
        "text": "X488",
        "text_to_ignore": []
    },
    {
        "id": "03f83257-aa11-4774-80d4-7344d30f4e86",
        "display": "test/2.png",
        "bbox": [
            "3412",
            "4015",
            "4198",
            "4056"
        ],
        "text": "+CVH10-A BN WH 0.35 FLRY",
        "text_to_ignore": []
    },
    {
        "id": "efe5bb0c-37ec-448f-af74-d9560d38971f",
        "display": "test/2.png",
        "bbox": [
            "3458",
            "4074",
            "4024",
            "4116"
        ],
        "text": "604.0 3486395-XxX (B)",
        "text_to_ignore": []
    },
    {
        "id": "f20a12bd-9eca-4e42-b5cb-4f7599f4ce0e",
        "display": "test/2.png",
        "bbox": [
            "3412",
            "4164",
            "4110",
            "4206"
        ],
        "text": "+CVH11-A BN 0.35 FLRY",
        "text_to_ignore": []
    },
    {
        "id": "7df5a214-5af9-48b2-ba50-b48365b1c5f4",
        "display": "test/2.png",
        "bbox": [
            "3458",
            "4223",
            "4024",
            "4266"
        ],
        "text": "604.0 3486395-XxX (B)",
        "text_to_ignore": []
    },
    {
        "id": "23152291-7a80-4f21-a791-70f2fe306451",
        "display": "test/2.png",
        "bbox": [
            "2849",
            "4688",
            "3634",
            "4730"
        ],
        "text": "+CVH42-A BN WH 0.35 FLRY",
        "text_to_ignore": []
    },
    {
        "id": "d2e0ef3b-b7ff-490b-8595-97698821bae8",
        "display": "test/2.png",
        "bbox": [
            "2896",
            "4748",
            "3486",
            "4792"
        ],
        "text": "2296.0 3486395-XX (B)",
        "text_to_ignore": []
    },
    {
        "id": "e6fa0eb5-9c97-4a62-9d92-7486ae0eea74",
        "display": "test/2.png",
        "bbox": [
            "2849",
            "4837",
            "3546",
            "4880"
        ],
        "text": "+CVH43-A BN 0.35 FLRY",
        "text_to_ignore": []
    },
    {
        "id": "fdcaf040-47b2-4ac9-81a1-c198d92cd3ca",
        "display": "test/2.png",
        "bbox": [
            "2896",
            "4898",
            "3486",
            "4942"
        ],
        "text": "2296.0 3486395-XX (B)",
        "text_to_ignore": []
    },
    {
        "id": "39bf0bcf-f4a5-475f-89bf-f47693bc0432",
        "display": "test/2.png",
        "bbox": [
            "4890",
            "3840",
            "5718",
            "3884"
        ],
        "text": "DOQOY COMLUOHE NIQTIL",
        "text_to_ignore": []
    },
    {
        "id": "1a9391ba-7668-40ef-8908-5f0c5c9c4448",
        "display": "test/2.png",
        "bbox": [
            "4938",
            "4018",
            "5402",
            "4068"
        ],
        "text": "X060A-15 CAN",
        "text_to_ignore": []
    },
    {
        "id": "0d6127e6-22c8-4879-97a4-eedaf2b8d54d",
        "display": "test/2.png",
        "bbox": [
            "4942",
            "4074",
            "5390",
            "4127"
        ],
        "text": "VEHICLE CAN P",
        "text_to_ignore": []
    },
    {
        "id": "991578bc-58f8-41af-977f-8dadf5142af0",
        "display": "test/2.png",
        "bbox": [
            "4062",
            "4116",
            "4692",
            "4170"
        ],
        "text": "TWIST-CAN CVH10-H",
        "text_to_ignore": []
    },
    {
        "id": "9f5aa0b1-2d7d-44bd-9fe6-77277cd55093",
        "display": "test/2.png",
        "bbox": [
            "4938",
            "4168",
            "5374",
            "4220"
        ],
        "text": "X060A-2 CAN",
        "text_to_ignore": []
    },
    {
        "id": "8a26f49c-e0c5-4c83-9b7d-8fcd7e46db77",
        "display": "test/2.png",
        "bbox": [
            "4942",
            "4226",
            "5398",
            "4271"
        ],
        "text": "VEHICLE CAN N",
        "text_to_ignore": []
    },
    {
        "id": "7c9ba874-c99c-4c38-9b51-1d5efef009dc",
        "display": "test/2.png",
        "bbox": [
            "4938",
            "4692",
            "5402",
            "4744"
        ],
        "text": "X060A-17 CAN",
        "text_to_ignore": []
    },
    {
        "id": "24a5ef7b-1319-458b-8813-e1d23a852395",
        "display": "test/2.png",
        "bbox": [
            "4942",
            "4750",
            "5390",
            "4801"
        ],
        "text": "VEHICLE CAN P",
        "text_to_ignore": []
    },
    {
        "id": "d59cc09d-b73e-4264-a6ee-7fdd4be28738",
        "display": "test/2.png",
        "bbox": [
            "4070",
            "4790",
            "4694",
            "4844"
        ],
        "text": "TWIST-CAN CVH42-B",
        "text_to_ignore": []
    },
    {
        "id": "fe118013-d536-47c2-bfff-7c32fa7347bf",
        "display": "test/2.png",
        "bbox": [
            "4937",
            "4842",
            "5374",
            "4896"
        ],
        "text": "X060A-4 CAN -",
        "text_to_ignore": []
    },
    {
        "id": "03faeb79-c288-42c6-9625-0c38d5a2b7fa",
        "display": "test/2.png",
        "bbox": [
            "4942",
            "4900",
            "5398",
            "4949"
        ],
        "text": "VEHICLE CAN N",
        "text_to_ignore": []
    },
    {
        "id": "1d9444cc-ee83-4178-b3f6-b36410c791b4",
        "display": "test/2.png",
        "bbox": [
            "5285",
            "3887",
            "8170",
            "3957"
        ],
        "text": "X050A B X051 X052 X054 X060A B X062 X053A B X055 X056 X058 X059",
        "text_to_ignore": []
    },
    {
        "id": "23e2dba0-e0d3-44df-a0cf-1128131fabac",
        "display": "test/2.png",
        "bbox": [
            "314",
            "5231",
            "1319",
            "5313"
        ],
        "text": "Front Seat Controller Right \u2014",
        "text_to_ignore": []
    },
    {
        "id": "142ce545-facb-4a19-b263-bd7fda157536",
        "display": "test/2.png",
        "bbox": [
            "568",
            "5314",
            "1673",
            "5380"
        ],
        "text": "X1001 X1002 X1070 X1071",
        "text_to_ignore": []
    },
    {
        "id": "82bb5252-a0eb-490a-ab31-b708ff97e175",
        "display": "test/2.png",
        "bbox": [
            "1105",
            "5439",
            "1532",
            "5490"
        ],
        "text": "X1001-8 CAN",
        "text_to_ignore": []
    },
    {
        "id": "7fe13f67-c5dd-4274-b0bf-3d7bdbecb322",
        "display": "test/2.png",
        "bbox": [
            "1122",
            "5502",
            "1534",
            "5546"
        ],
        "text": "Chassis CAN P",
        "text_to_ignore": []
    },
    {
        "id": "56849a81-7372-4b70-9291-11547180d57b",
        "display": "test/2.png",
        "bbox": [
            "1104",
            "5590",
            "1532",
            "5640"
        ],
        "text": "X1001-9 CAN",
        "text_to_ignore": []
    },
    {
        "id": "0f9bd1a5-9d36-4221-87e8-d1ab9a7f3b02",
        "display": "test/2.png",
        "bbox": [
            "1110",
            "5652",
            "1532",
            "5694"
        ],
        "text": "Chassis CAN N",
        "text_to_ignore": []
    },
    {
        "id": "74d73bb5-a09f-4061-8730-009f7dc55d24",
        "display": "test/2.png",
        "bbox": [
            "1780",
            "5540",
            "2404",
            "5594"
        ],
        "text": "TWIST-CAN CVH22-B",
        "text_to_ignore": []
    },
    {
        "id": "0085007e-5c6b-49bf-bf04-23f2cb4077f5",
        "display": "test/2.png",
        "bbox": [
            "1652",
            "5686",
            "1856",
            "5722"
        ],
        "text": "X1001",
        "text_to_ignore": []
    },
    {
        "id": "5cb67ca6-c600-47fd-8534-092b9e445ae9",
        "display": "test/2.png",
        "bbox": [
            "2849",
            "5438",
            "3634",
            "5481"
        ],
        "text": "+CVH22-A BN WH 0.35 FLRY",
        "text_to_ignore": []
    },
    {
        "id": "52f21d90-839b-44ca-8593-ad6d4e4276ec",
        "display": "test/2.png",
        "bbox": [
            "2896",
            "5498",
            "3486",
            "5542"
        ],
        "text": "2170.0 3486395-XX (B)",
        "text_to_ignore": []
    },
    {
        "id": "9fa0f9c3-edad-4576-b948-c637b64b0701",
        "display": "test/2.png",
        "bbox": [
            "2849",
            "5587",
            "3546",
            "5630"
        ],
        "text": "+CVH23-A BN 0.35 FLRY",
        "text_to_ignore": []
    },
    {
        "id": "2c3deae6-c0fb-4b5b-898f-7b79c5d53bbd",
        "display": "test/2.png",
        "bbox": [
            "2896",
            "5647",
            "3488",
            "5694"
        ],
        "text": "2170.0 3486395-XX (B)",
        "text_to_ignore": []
    },
    {
        "id": "cd51f28f-bd2f-4a20-8552-d679d48766d1",
        "display": "test/2.png",
        "bbox": [
            "4938",
            "5441",
            "6482",
            "5495"
        ],
        "text": "X060A-14 CAN a ........... X060A-16 CAN",
        "text_to_ignore": []
    },
    {
        "id": "f98c5e1e-57d1-4474-b482-c681654d6b92",
        "display": "test/2.png",
        "bbox": [
            "4942",
            "5500",
            "5390",
            "5553"
        ],
        "text": "VEHICLE CAN P",
        "text_to_ignore": []
    },
    {
        "id": "2620ea48-d17a-42a9-8b1b-28e640bc22a8",
        "display": "test/2.png",
        "bbox": [
            "4070",
            "5540",
            "4694",
            "5594"
        ],
        "text": "TWIST-CAN CVH22-B",
        "text_to_ignore": []
    },
    {
        "id": "df1f8bb2-c591-4e1a-afa9-4e13a67a42bc",
        "display": "test/2.png",
        "bbox": [
            "4938",
            "5592",
            "5374",
            "5646"
        ],
        "text": "X060A-1 CAN",
        "text_to_ignore": []
    },
    {
        "id": "18b386da-bad5-4675-9899-d1d8558c5e27",
        "display": "test/2.png",
        "bbox": [
            "4942",
            "5650",
            "5398",
            "5701"
        ],
        "text": "VEHICLE CAN N",
        "text_to_ignore": []
    },
    {
        "id": "b97a3d3f-f09f-48e7-ad55-ea5b729690dd",
        "display": "test/2.png",
        "bbox": [
            "4606",
            "5688",
            "4816",
            "5722"
        ],
        "text": "X060A",
        "text_to_ignore": []
    },
    {
        "id": "456a2d70-ca35-481b-a682-73cc766349ec",
        "display": "test/2.png",
        "bbox": [
            "6034",
            "5498",
            "6482",
            "5548"
        ],
        "text": "VEHICLE CAN P",
        "text_to_ignore": []
    },
    {
        "id": "fe7109e2-3604-4ede-918e-3eb3ff66cf06",
        "display": "test/2.png",
        "bbox": [
            "6046",
            "5590",
            "6486",
            "5646"
        ],
        "text": "X060A-3 CAN",
        "text_to_ignore": []
    },
    {
        "id": "1f0d43f2-77ca-46cb-820d-ecfe9d89bc37",
        "display": "test/2.png",
        "bbox": [
            "6024",
            "5647",
            "6482",
            "5701"
        ],
        "text": "VEHICLE CAN N",
        "text_to_ignore": []
    },
    {
        "id": "a76bd6d9-2e02-4f97-823a-202c92f16ade",
        "display": "test/2.png",
        "bbox": [
            "6730",
            "5540",
            "7358",
            "5594"
        ],
        "text": "TWIST-CAN CVH32-C",
        "text_to_ignore": []
    },
    {
        "id": "6a79ea30-6304-4f2a-bf60-62a93cd19e34",
        "display": "test/2.png",
        "bbox": [
            "6602",
            "5686",
            "6812",
            "5722"
        ],
        "text": "X060A",
        "text_to_ignore": []
    },
    {
        "id": "3945250c-f24f-4fed-9b62-01afff3239c2",
        "display": "test/2.png",
        "bbox": [
            "7911",
            "5438",
            "8696",
            "5481"
        ],
        "text": "+CVH32-A BN WH 0.35 FLRY",
        "text_to_ignore": []
    },
    {
        "id": "bf17ec15-8ca5-4196-99e7-183bd39f162f",
        "display": "test/2.png",
        "bbox": [
            "7958",
            "5497",
            "8548",
            "5542"
        ],
        "text": "2564.0 3486395-XX (B)",
        "text_to_ignore": []
    },
    {
        "id": "f0e1fc91-84c9-4181-8836-8fd08d09ac54",
        "display": "test/2.png",
        "bbox": [
            "7912",
            "5590",
            "8608",
            "5630"
        ],
        "text": "+CVH33-A BN 0.35 FLRY",
        "text_to_ignore": []
    },
    {
        "id": "e9a6ae1c-15bd-42d4-9ad7-f94dc9010e27",
        "display": "test/2.png",
        "bbox": [
            "7956",
            "5648",
            "8550",
            "5694"
        ],
        "text": "2564.0 3486395-XX (B)",
        "text_to_ignore": []
    },
    {
        "id": "1aa0c4b1-0c16-4cd1-9308-3181140f3e35",
        "display": "test/2.png",
        "bbox": [
            "386",
            "7180",
            "1328",
            "7249"
        ],
        "text": "Front Seat Controller Left",
        "text_to_ignore": []
    },
    {
        "id": "58d95b69-d233-41f2-a940-0ce0f3442eb7",
        "display": "test/2.png",
        "bbox": [
            "647",
            "7264",
            "1754",
            "7328"
        ],
        "text": "X1000 X1002 X1070 X1071",
        "text_to_ignore": []
    },
    {
        "id": "34a1f5f9-2026-4144-b980-9b51929b8fd8",
        "display": "test/2.png",
        "bbox": [
            "1180",
            "7390",
            "1607",
            "7440"
        ],
        "text": "X1000-8 CAN",
        "text_to_ignore": []
    },
    {
        "id": "e8514ff8-5d3f-4ca4-9d78-ddee7774ce2f",
        "display": "test/2.png",
        "bbox": [
            "1196",
            "7450",
            "1608",
            "7496"
        ],
        "text": "Chassis CAN P",
        "text_to_ignore": []
    },
    {
        "id": "8fcaa36b-7e0c-46aa-b165-0bdd4c1ff204",
        "display": "test/2.png",
        "bbox": [
            "1180",
            "7540",
            "1608",
            "7592"
        ],
        "text": "X1000-9 CAN",
        "text_to_ignore": []
    },
    {
        "id": "7355286c-5591-4969-aed8-f615d3d105ec",
        "display": "test/2.png",
        "bbox": [
            "1186",
            "7602",
            "1606",
            "7644"
        ],
        "text": "Chassis CAN N",
        "text_to_ignore": []
    },
    {
        "id": "2527c6d7-14ae-4104-818d-d6b436396eea",
        "display": "test/2.png",
        "bbox": [
            "1853",
            "7486",
            "2486",
            "7542"
        ],
        "text": "TWIST-CAN CVH30-D",
        "text_to_ignore": []
    },
    {
        "id": "67a45032-430a-4ad9-9a02-25f017e3383b",
        "display": "test/2.png",
        "bbox": [
            "1726",
            "7636",
            "1936",
            "7672"
        ],
        "text": "X1000",
        "text_to_ignore": []
    },
    {
        "id": "df286323-aa0b-4968-971a-97d71e7592b5",
        "display": "test/2.png",
        "bbox": [
            "2851",
            "7390",
            "3634",
            "7430"
        ],
        "text": "+CVH30-B BN WH 0.35 FLRY",
        "text_to_ignore": []
    },
    {
        "id": "226bc7bb-977e-4a8f-b334-8053c7c0bbf0",
        "display": "test/2.png",
        "bbox": [
            "2898",
            "7448",
            "3492",
            "7490"
        ],
        "text": "2633.0 3486394-XX (A)",
        "text_to_ignore": []
    },
    {
        "id": "6fb8be96-c59e-49ce-891c-6809cf9e1de8",
        "display": "test/2.png",
        "bbox": [
            "2852",
            "7539",
            "3544",
            "7578"
        ],
        "text": "+CVH31-B BN 0.35 FLRY",
        "text_to_ignore": []
    },
    {
        "id": "453dd9ff-78c4-43f6-b633-73f7bd1f60db",
        "display": "test/2.png",
        "bbox": [
            "2898",
            "7596",
            "3492",
            "7640"
        ],
        "text": "2633.0 3486394-XX (A)",
        "text_to_ignore": []
    },
    {
        "id": "8d7145ef-b026-4bd3-9761-58b4d655dc37",
        "display": "test/2.png",
        "bbox": [
            "4814",
            "7180",
            "5589",
            "7260"
        ],
        "text": "Body Controller Left",
        "text_to_ignore": []
    },
    {
        "id": "01131ce2-c08b-439e-8786-4ff792106fe1",
        "display": "test/2.png",
        "bbox": [
            "4864",
            "7392",
            "5328",
            "7446"
        ],
        "text": "X038A-15 CAN",
        "text_to_ignore": []
    },
    {
        "id": "7175d942-17a7-419f-ad52-d9f50bb8b8ab",
        "display": "test/2.png",
        "bbox": [
            "4866",
            "7452",
            "5316",
            "7498"
        ],
        "text": "VEHICLE CAN P",
        "text_to_ignore": []
    },
    {
        "id": "da13238f-28b5-4793-a323-c004494f872b",
        "display": "test/2.png",
        "bbox": [
            "3988",
            "7490",
            "4618",
            "7544"
        ],
        "text": "TWIST-CAN CVH30-D",
        "text_to_ignore": []
    },
    {
        "id": "93c3b9f6-b17f-4198-824f-d43c7e59c908",
        "display": "test/2.png",
        "bbox": [
            "4864",
            "7542",
            "5300",
            "7596"
        ],
        "text": "X038A-2 CAN -",
        "text_to_ignore": []
    },
    {
        "id": "5e824a28-bacc-4f00-9d9e-7507c692a842",
        "display": "test/2.png",
        "bbox": [
            "4865",
            "7597",
            "5324",
            "7648"
        ],
        "text": "VEHICLE CAN N",
        "text_to_ignore": []
    },
    {
        "id": "31466294-fd9b-4fbe-9564-d3f5b46295ef",
        "display": "test/2.png",
        "bbox": [
            "4531",
            "7635",
            "4741",
            "7671"
        ],
        "text": "X038A",
        "text_to_ignore": []
    },
    {
        "id": "0c94bd5b-453f-4243-b5a5-461fc410d18f",
        "display": "test/2.png",
        "bbox": [
            "5410",
            "7262",
            "8092",
            "7331"
        ],
        "text": "X030A B X031 X032 X034 X038A B X039 X03 7 X033A B X035 X036",
        "text_to_ignore": []
    },
    {
        "id": "f073b8c7-a59d-46a9-92c5-b153b396c06a",
        "display": "test/2.png",
        "bbox": [
            "6020",
            "7392",
            "6488",
            "7444"
        ],
        "text": "X038A-16 CAN",
        "text_to_ignore": []
    },
    {
        "id": "0b3f36c7-7ef3-4235-8e28-55bdea47c84f",
        "display": "test/2.png",
        "bbox": [
            "6034",
            "7448",
            "6482",
            "7499"
        ],
        "text": "VEHICLE CAN P",
        "text_to_ignore": []
    },
    {
        "id": "73525431-3871-43cc-99a8-52cbb2c0ef80",
        "display": "test/2.png",
        "bbox": [
            "6048",
            "7541",
            "6482",
            "7596"
        ],
        "text": "X038A-3 CAN",
        "text_to_ignore": []
    },
    {
        "id": "e74ea787-1d5c-4daa-90dc-dd36b44af2e2",
        "display": "test/2.png",
        "bbox": [
            "6024",
            "7598",
            "6480",
            "7646"
        ],
        "text": "VEHICLE CAN N",
        "text_to_ignore": []
    },
    {
        "id": "c56e0fba-d917-424b-b501-4d5f0b7736ed",
        "display": "test/2.png",
        "bbox": [
            "7314",
            "7390",
            "8096",
            "7430"
        ],
        "text": "+CVH32-B BN WH 0.35 FLRY",
        "text_to_ignore": []
    },
    {
        "id": "9d1b66a6-5f9e-4704-b899-ab119f9157ea",
        "display": "test/2.png",
        "bbox": [
            "7358",
            "7448",
            "7954",
            "7490"
        ],
        "text": "2934.0 3486394-XX (A)",
        "text_to_ignore": []
    },
    {
        "id": "0510390d-de8a-4058-8751-f0618f8ef020",
        "display": "test/2.png",
        "bbox": [
            "6729",
            "7489",
            "7359",
            "7543"
        ],
        "text": "TWIST-CAN CVH32-D",
        "text_to_ignore": []
    },
    {
        "id": "61549038-e5e8-4f81-8a86-6f4a4a5aeb3e",
        "display": "test/2.png",
        "bbox": [
            "7314",
            "7540",
            "8008",
            "7578"
        ],
        "text": "+CVH33-B BN 0.35 FLRY",
        "text_to_ignore": []
    },
    {
        "id": "3bf89e7a-920d-4713-b523-9c755a48de7b",
        "display": "test/2.png",
        "bbox": [
            "7358",
            "7598",
            "7954",
            "7640"
        ],
        "text": "2934.0 3486394-XX (A)",
        "text_to_ignore": []
    },
    {
        "id": "dd78aa7b-a49c-4671-9903-8d66acff7384",
        "display": "test/2.png",
        "bbox": [
            "6604",
            "7636",
            "6812",
            "7672"
        ],
        "text": "X038A",
        "text_to_ignore": []
    },
    {
        "id": "6809e938-07ba-4a9a-93d7-931db7b01636",
        "display": "test/2.png",
        "bbox": [
            "8568",
            "7376",
            "8792",
            "7414"
        ],
        "text": "X976F",
        "text_to_ignore": []
    },
    {
        "id": "19b9a3e4-0d07-477d-8c40-e09c098172c0",
        "display": "test/2.png",
        "bbox": [
            "8852",
            "7376",
            "9086",
            "7412"
        ],
        "text": "X976M",
        "text_to_ignore": []
    },
    {
        "id": "bf42ba75-e681-41ff-964d-79f0ac0154cb",
        "display": "test/2.png",
        "bbox": [
            "7962",
            "7490",
            "8594",
            "7544"
        ],
        "text": "TWIST-CAN CVH32-D",
        "text_to_ignore": []
    },
    {
        "id": "fca24fef-c184-48cf-a4ef-2b837ee2ae9f",
        "display": "test/2.png",
        "bbox": [
            "8568",
            "7524",
            "9086",
            "7564"
        ],
        "text": "-X976F X976M),",
        "text_to_ignore": []
    },
    {
        "id": "b721587f-1ec5-4325-9d2b-d140088d6a93",
        "display": "test/2.png",
        "bbox": [
            "9053",
            "7493",
            "9684",
            "7552"
        ],
        "text": "\u2014 TWIST-CAN CVH32-C",
        "text_to_ignore": []
    },
    {
        "id": "30ae70b8-8c76-4f28-8989-14008852d3f2",
        "display": "test/2.png",
        "bbox": [
            "387",
            "8005",
            "1278",
            "8087"
        ],
        "text": "Diagnostic CAN Port #1",
        "text_to_ignore": []
    },
    {
        "id": "65e71dfd-385c-48fd-b7bc-31b7c08dc063",
        "display": "test/2.png",
        "bbox": [
            "762",
            "8090",
            "1026",
            "8152"
        ],
        "text": "X437",
        "text_to_ignore": []
    },
    {
        "id": "f52a4977-7612-493f-a28d-8e9dd26a9429",
        "display": "test/2.png",
        "bbox": [
            "1216",
            "8214",
            "1607",
            "8264"
        ],
        "text": "X437-9 CAN",
        "text_to_ignore": []
    },
    {
        "id": "4831f253-6a17-4e0e-b08a-96c9ef13e5ef",
        "display": "test/2.png",
        "bbox": [
            "1178",
            "8366",
            "1608",
            "8414"
        ],
        "text": "X437-10 CAN",
        "text_to_ignore": []
    },
    {
        "id": "71e329f1-c130-4cff-a131-1d4a8664f239",
        "display": "test/2.png",
        "bbox": [
            "1264",
            "8274",
            "1608",
            "8319"
        ],
        "text": "VEH CAN P",
        "text_to_ignore": []
    },
    {
        "id": "2443aefe-8615-4eac-bcbe-46a1ab8c8c45",
        "display": "test/2.png",
        "bbox": [
            "1856",
            "8309",
            "2483",
            "8368"
        ],
        "text": "TWIST-CAN CVH44-A",
        "text_to_ignore": []
    },
    {
        "id": "ce222575-62b3-41c1-b581-fcf8e6630af4",
        "display": "test/2.png",
        "bbox": [
            "1256",
            "8426",
            "1606",
            "8468"
        ],
        "text": "VEH CAN N",
        "text_to_ignore": []
    },
    {
        "id": "84ad0f3e-e548-4856-b5ff-95b85d071d6e",
        "display": "test/2.png",
        "bbox": [
            "1728",
            "8462",
            "1914",
            "8498"
        ],
        "text": "X437",
        "text_to_ignore": []
    },
    {
        "id": "da677dca-241d-4398-a965-631f3604725c",
        "display": "test/2.png",
        "bbox": [
            "2775",
            "8211",
            "3560",
            "8255"
        ],
        "text": "+CVH44-A BN WH 0.35 FLRY",
        "text_to_ignore": []
    },
    {
        "id": "ab45ee68-0fe2-452e-b9d1-503b44831d26",
        "display": "test/2.png",
        "bbox": [
            "2822",
            "8272",
            "3402",
            "8316"
        ],
        "text": "1816.0 3486401-XX (J)",
        "text_to_ignore": []
    },
    {
        "id": "d96b2124-5db5-49ee-b7f4-0d4647a95728",
        "display": "test/2.png",
        "bbox": [
            "2776",
            "8364",
            "3472",
            "8404"
        ],
        "text": "+CVH45-A BN 0.35 FLRY",
        "text_to_ignore": []
    },
    {
        "id": "1ecc501c-bc04-4fd1-b2fc-cbf77ed2c95d",
        "display": "test/2.png",
        "bbox": [
            "2822",
            "8421",
            "3402",
            "8468"
        ],
        "text": "1816.0 3486401-XX (J)",
        "text_to_ignore": []
    },
    {
        "id": "ac5d3011-dbbe-46d8-8495-f789a02070b9",
        "display": "test/2.png",
        "bbox": [
            "4864",
            "8214",
            "5292",
            "8268"
        ],
        "text": "X035-45 CAN",
        "text_to_ignore": []
    },
    {
        "id": "c95b31fe-f564-46a0-aa0b-c7f191de7c31",
        "display": "test/2.png",
        "bbox": [
            "4866",
            "8276",
            "5315",
            "8320"
        ],
        "text": "VEHICLE CAN P",
        "text_to_ignore": []
    },
    {
        "id": "ca672d5d-1e31-4b17-b824-daae1ea23d14",
        "display": "test/2.png",
        "bbox": [
            "3842",
            "8316",
            "4468",
            "8370"
        ],
        "text": "TWIST-CAN CVH44-A",
        "text_to_ignore": []
    },
    {
        "id": "1b1b8014-df1b-4ff7-94bd-29ab59048402",
        "display": "test/2.png",
        "bbox": [
            "4864",
            "8366",
            "5292",
            "8420"
        ],
        "text": "X035-30 CAN",
        "text_to_ignore": []
    },
    {
        "id": "63e8701b-64fa-48fa-a3cc-0b98f24b4660",
        "display": "test/2.png",
        "bbox": [
            "4864",
            "8420",
            "5324",
            "8476"
        ],
        "text": "VEHICLE CAN N",
        "text_to_ignore": []
    },
    {
        "id": "cbaaa451-dbd0-49c9-8605-e2fa9acd01c6",
        "display": "test/2.png",
        "bbox": [
            "4556",
            "8462",
            "4744",
            "8496"
        ],
        "text": "X035",
        "text_to_ignore": []
    },
    {
        "id": "510f43a0-8421-4eab-b7ea-2f521f3f732c",
        "display": "test/2.png",
        "bbox": [
            "6054",
            "8216",
            "6482",
            "8270"
        ],
        "text": "X035-11 CAN",
        "text_to_ignore": []
    },
    {
        "id": "648fcbd5-de46-422e-b15c-ae83348528cb",
        "display": "test/2.png",
        "bbox": [
            "6034",
            "8278",
            "6482",
            "8320"
        ],
        "text": "VEHICLE CAN P",
        "text_to_ignore": []
    },
    {
        "id": "ade70aec-64fa-409a-9fc9-388959a4c8e2",
        "display": "test/2.png",
        "bbox": [
            "6054",
            "8364",
            "6482",
            "8418"
        ],
        "text": "X035-10 CAN",
        "text_to_ignore": []
    },
    {
        "id": "d938142e-3c04-470e-b83f-e328f9ae8ddc",
        "display": "test/2.png",
        "bbox": [
            "6026",
            "8420",
            "6480",
            "8477"
        ],
        "text": "VEHICLE CAN N",
        "text_to_ignore": []
    },
    {
        "id": "1391f0a1-374e-4881-a50f-f2e3abfb0475",
        "display": "test/2.png",
        "bbox": [
            "6730",
            "8316",
            "7354",
            "8368"
        ],
        "text": "TWIST-CAN CVH46-B",
        "text_to_ignore": []
    },
    {
        "id": "af2e3f52-760f-45e0-b6bf-ca59062a23d8",
        "display": "test/2.png",
        "bbox": [
            "6602",
            "8462",
            "6788",
            "8498"
        ],
        "text": "X035",
        "text_to_ignore": []
    },
    {
        "id": "cfcc7a99-70b3-4478-8075-0250bf16bb8e",
        "display": "test/2.png",
        "bbox": [
            "8023",
            "8212",
            "8810",
            "8254"
        ],
        "text": "+CVH46-A BN WH 0.35 FLRY",
        "text_to_ignore": []
    },
    {
        "id": "e9992931-7a62-4779-b002-aa4b98c3bf84",
        "display": "test/2.png",
        "bbox": [
            "8072",
            "8271",
            "8648",
            "8314"
        ],
        "text": "1331.0 3486401-XX (J)",
        "text_to_ignore": []
    },
    {
        "id": "14111ff6-5c22-4538-9587-e8a9c0b3e3c1",
        "display": "test/2.png",
        "bbox": [
            "8024",
            "8364",
            "8722",
            "8404"
        ],
        "text": "+CVH47-A BN 0.35 FLRY",
        "text_to_ignore": []
    },
    {
        "id": "6bfd0952-b944-4b57-b251-97dd392f5cad",
        "display": "test/2.png",
        "bbox": [
            "8072",
            "8421",
            "8652",
            "8468"
        ],
        "text": "1331.0 3486401-XX (J)",
        "text_to_ignore": []
    },
    {
        "id": "c3b67d17-e799-41bc-922d-836b647692f7",
        "display": "test/2.png",
        "bbox": [
            "9470",
            "8316",
            "10092",
            "8368"
        ],
        "text": "TWIST-CAN CVH46-B",
        "text_to_ignore": []
    },
    {
        "id": "876d80c3-8459-413e-9eb0-8acfc0144278",
        "display": "test/2.png",
        "bbox": [
            "10029",
            "8462",
            "10217",
            "8496"
        ],
        "text": "X160",
        "text_to_ignore": []
    },
    {
        "id": "42c88afc-b0b4-41f3-80ec-f5b914ca271d",
        "display": "test/2.png",
        "bbox": [
            "10282",
            "7994",
            "11370",
            "8087"
        ],
        "text": "Steering Angle and Stalk ECU",
        "text_to_ignore": []
    },
    {
        "id": "eb003ae1-5674-4cf2-8cfd-234840c777f4",
        "display": "test/2.png",
        "bbox": [
            "10466",
            "8090",
            "10952",
            "8154"
        ],
        "text": "X160 X161",
        "text_to_ignore": []
    },
    {
        "id": "36f6e165-8b02-4f35-af56-329ffd814f3d",
        "display": "test/2.png",
        "bbox": [
            "10340",
            "8216",
            "10736",
            "8264"
        ],
        "text": "7 X160-2 CAN",
        "text_to_ignore": []
    },
    {
        "id": "b81083ff-aac0-4b41-9df6-002a1eb321f8",
        "display": "test/2.png",
        "bbox": [
            "10340",
            "8278",
            "10568",
            "8318"
        ],
        "text": "+ CAN+",
        "text_to_ignore": []
    },
    {
        "id": "e2f749c5-c8e1-4144-a67a-d24fa43eb94f",
        "display": "test/2.png",
        "bbox": [
            "10340",
            "8364",
            "10738",
            "8414"
        ],
        "text": "7 X160-3 CAN",
        "text_to_ignore": []
    },
    {
        "id": "690157cf-561b-4a26-adeb-87c4f92189a0",
        "display": "test/2.png",
        "bbox": [
            "10340",
            "8426",
            "10558",
            "8468"
        ],
        "text": "+ CAN-",
        "text_to_ignore": []
    },
    {
        "id": "c54c0ab1-1e29-42d7-8e08-38cdd0a4c2d6",
        "display": "test/2.png",
        "bbox": [
            "11672",
            "8626",
            "13852",
            "8656"
        ],
        "text": "THE INFORMATION CONTAINED HEREIN IS DEEMED TO BE CONFIDENTIAL, PROPRIETARY, AND A TRADE SECRET OF TESLA MOTORS. THIS",
        "text_to_ignore": []
    },
    {
        "id": "118256bb-2158-42b8-8273-0a983cf9907e",
        "display": "test/2.png",
        "bbox": [
            "11672",
            "8658",
            "13884",
            "8696"
        ],
        "text": "INFORMATION \u201cMAY NOT BE USED, REPRODUCED, OR \u201cDISCLOSED AS THE DIRECT \u201cOR\u201d INDIRECT BASIS FOR THE \u2018DEVELOPMENT, MANUFACTURE ,",
        "text_to_ignore": []
    },
    {
        "id": "2e0de8ba-2e90-4887-976b-19a6a5128f37",
        "display": "test/2.png",
        "bbox": [
            "11670",
            "8698",
            "13288",
            "8728"
        ],
        "text": "OR SALE OF PROCESSES OR PRODUCTS WITHOUT THE EXPRESSD WRITTEN CONSENT OF TESLA MOTORS.",
        "text_to_ignore": []
    },
    {
        "id": "0b17267d-96c9-4d68-80ec-8709d2495d81",
        "display": "test/2.png",
        "bbox": [
            "11916",
            "8776",
            "12978",
            "8826"
        ],
        "text": "DRAWN CHECKED",
        "text_to_ignore": []
    },
    {
        "id": "680ae626-dfc8-4f65-ae62-1a4a123aa3ef",
        "display": "test/2.png",
        "bbox": [
            "13362",
            "8778",
            "13744",
            "8828"
        ],
        "text": "APPROVED",
        "text_to_ignore": []
    },
    {
        "id": "12e04755-e1f6-4598-9371-67caa933729c",
        "display": "test/2.png",
        "bbox": [
            "11664",
            "9078",
            "12048",
            "9126"
        ],
        "text": "MATERIAL",
        "text_to_ignore": []
    },
    {
        "id": "8c8f821a-784d-4e36-af76-18523de9f50c",
        "display": "test/2.png",
        "bbox": [
            "12602",
            "9076",
            "13020",
            "9126"
        ],
        "text": "FINISHING",
        "text_to_ignore": []
    },
    {
        "id": "2f17a804-0f0d-4864-83a4-07fbc8b8196e",
        "display": "test/2.png",
        "bbox": [
            "11740",
            "9156",
            "12472",
            "9230"
        ],
        "text": "AS SPECIFIED",
        "text_to_ignore": []
    },
    {
        "id": "df503e57-8c56-456c-a151-4b0cb332753c",
        "display": "test/2.png",
        "bbox": [
            "12674",
            "9156",
            "13408",
            "9229"
        ],
        "text": "AS SPECIFIED",
        "text_to_ignore": []
    },
    {
        "id": "32febac7-cf63-4c80-b738-506064a5bda5",
        "display": "test/2.png",
        "bbox": [
            "11666",
            "9302",
            "12082",
            "9352"
        ],
        "text": "PART NAME",
        "text_to_ignore": []
    },
    {
        "id": "267afd0d-0cb0-486b-8e85-b6d609bdde1f",
        "display": "test/2.png",
        "bbox": [
            "11660",
            "9372",
            "12820",
            "9448"
        ],
        "text": "CAN Network: Vehicle",
        "text_to_ignore": []
    },
    {
        "id": "d0a38378-83d8-4b3f-b020-75db0de80b85",
        "display": "test/2.png",
        "bbox": [
            "11666",
            "9527",
            "12151",
            "9577"
        ],
        "text": "PART NUMBER",
        "text_to_ignore": []
    },
    {
        "id": "586291d2-b3e6-46f6-a511-e504d98266c8",
        "display": "test/2.png",
        "bbox": [
            "13537",
            "9076",
            "13814",
            "9126"
        ],
        "text": "SCALE",
        "text_to_ignore": []
    },
    {
        "id": "3fb393fd-71b6-4e9d-adb2-34ee4c4cd254",
        "display": "test/2.png",
        "bbox": [
            "13596",
            "9154",
            "13901",
            "9223"
        ],
        "text": "NONE",
        "text_to_ignore": []
    },
    {
        "id": "4fe910e9-f6b5-4be1-922a-6f9419950880",
        "display": "test/2.png",
        "bbox": [
            "12788",
            "9526",
            "13364",
            "9577"
        ],
        "text": "REV SHEET",
        "text_to_ignore": []
    },
    {
        "id": "e4535c35-aab8-46a6-9bec-b955a0d468cf",
        "display": "test/2.png",
        "bbox": [
            "13613",
            "9528",
            "13853",
            "9575"
        ],
        "text": "SIZE",
        "text_to_ignore": []
    },
    {
        "id": "a49ff3bb-d1fc-417f-a11a-0ad00989844f",
        "display": "test/2.png",
        "bbox": [
            "12878",
            "9646",
            "13585",
            "9716"
        ],
        "text": "13 oF 61",
        "text_to_ignore": []
    }
]