[
    {
        "id": "db3c141d-2a54-48f4-82c7-4dacd0637092",
        "display": "test/3.png",
        "bbox": [
            "540",
            "356",
            "1314",
            "436"
        ],
        "text": "Body Controller Left",
        "text_to_ignore": []
    },
    {
        "id": "984da952-10bf-4924-a518-df777f0d6c8f",
        "display": "test/3.png",
        "bbox": [
            "540",
            "439",
            "3818",
            "512"
        ],
        "text": "AW,J,D X030A B X031 X032 X034 X038A B X039 X037 X033A B X035 X036",
        "text_to_ignore": []
    },
    {
        "id": "3264a33d-d668-484b-a383-c669a130e023",
        "display": "test/3.png",
        "bbox": [
            "994",
            "772",
            "2208",
            "829"
        ],
        "text": "CENTER CONSOLE POWER SOCKET GND RETURN",
        "text_to_ignore": []
    },
    {
        "id": "72dc2d78-8ba3-4e3e-99d1-9989a252d364",
        "display": "test/3.png",
        "bbox": [
            "1540",
            "564",
            "2208",
            "625"
        ],
        "text": "X031-1 High-Side Drive",
        "text_to_ignore": []
    },
    {
        "id": "0a90cc2c-6dab-4fbd-a274-50bd4073c3b5",
        "display": "test/3.png",
        "bbox": [
            "1320",
            "628",
            "2208",
            "676"
        ],
        "text": "CENTER CONSOLE POWER SOCKET",
        "text_to_ignore": []
    },
    {
        "id": "54568652-6004-4e64-9704-af989463fab0",
        "display": "test/3.png",
        "bbox": [
            "1708",
            "717",
            "2207",
            "763"
        ],
        "text": "X031-15 Ground",
        "text_to_ignore": []
    },
    {
        "id": "7f959538-4e42-4457-a6ae-ce14e12a7a59",
        "display": "test/3.png",
        "bbox": [
            "1507",
            "1242",
            "2210",
            "1278"
        ],
        "text": "X031-17 High-Side Drive",
        "text_to_ignore": []
    },
    {
        "id": "d42cee0b-367a-411e-b404-1ab3cafd32fe",
        "display": "test/3.png",
        "bbox": [
            "2679",
            "550",
            "3766",
            "604"
        ],
        "text": "AUX01-B RD 2.00 FLRY X982F",
        "text_to_ignore": []
    },
    {
        "id": "c8a8f53b-18a5-453d-a81b-0f91aa1c0556",
        "display": "test/3.png",
        "bbox": [
            "2728",
            "602",
            "3920",
            "666"
        ],
        "text": "eS . \u2014 Www 1866.0 3486394- -XX (A ) 18 18",
        "text_to_ignore": []
    },
    {
        "id": "4a357b5d-1650-441c-b1ee-decff31f8294",
        "display": "test/3.png",
        "bbox": [
            "2679",
            "700",
            "3768",
            "754"
        ],
        "text": "RTNO1-B BN 2.00. FLRY X982F",
        "text_to_ignore": []
    },
    {
        "id": "e5dc5ffd-c408-405c-a8c5-ecc6fa1e60f8",
        "display": "test/3.png",
        "bbox": [
            "2728",
            "774",
            "3320",
            "816"
        ],
        "text": "1866.0 3486394-XX (A)",
        "text_to_ignore": []
    },
    {
        "id": "72ef679b-d5bd-4716-9b04-dba0abfea26a",
        "display": "test/3.png",
        "bbox": [
            "2680",
            "1222",
            "3768",
            "1278"
        ],
        "text": "AUX02-B VT 2.00 FLRY X982F",
        "text_to_ignore": []
    },
    {
        "id": "6e98f88a-0d96-4ef3-b88c-44e39c1e44aa",
        "display": "test/3.png",
        "bbox": [
            "3828",
            "549",
            "4061",
            "587"
        ],
        "text": "- X982M",
        "text_to_ignore": []
    },
    {
        "id": "a9127fde-e301-43ca-8065-64e3a57b8f0e",
        "display": "test/3.png",
        "bbox": [
            "4402",
            "566",
            "5068",
            "604"
        ],
        "text": "AUX01-A RD = 2.00 FLRY",
        "text_to_ignore": []
    },
    {
        "id": "149caabd-f18e-49bb-99b6-7282f162d75c",
        "display": "test/3.png",
        "bbox": [
            "4450",
            "624",
            "5018",
            "668"
        ],
        "text": "709.0 2486396-XX (C)",
        "text_to_ignore": []
    },
    {
        "id": "3ebe2674-c75b-496d-b9cf-a459bba04fd3",
        "display": "test/3.png",
        "bbox": [
            "3828",
            "699",
            "4061",
            "737"
        ],
        "text": "\u201c)X982M",
        "text_to_ignore": []
    },
    {
        "id": "7219163e-58af-438f-ae2f-cbea89ffa6ec",
        "display": "test/3.png",
        "bbox": [
            "4404",
            "715",
            "5067",
            "754"
        ],
        "text": "RTNO1-A BN = 2.00 FLRY",
        "text_to_ignore": []
    },
    {
        "id": "9fd0c442-e597-4cfb-82d0-c28a946576e8",
        "display": "test/3.png",
        "bbox": [
            "4450",
            "774",
            "5020",
            "820"
        ],
        "text": "709.0 2486396-XX (C)",
        "text_to_ignore": []
    },
    {
        "id": "42b1bf21-ac41-40d0-b820-bed8a03cd9a7",
        "display": "test/3.png",
        "bbox": [
            "3827",
            "1222",
            "4062",
            "1265"
        ],
        "text": "X982M",
        "text_to_ignore": []
    },
    {
        "id": "1fd15cb1-0fda-45c1-b91e-9441dc6397c6",
        "display": "test/3.png",
        "bbox": [
            "4401",
            "1239",
            "5060",
            "1278"
        ],
        "text": "AUX02-A VT 2.00 FLRY",
        "text_to_ignore": []
    },
    {
        "id": "9f6306e4-5fd9-4e31-b95f-67d5f3feb422",
        "display": "test/3.png",
        "bbox": [
            "5790",
            "356",
            "6496",
            "423"
        ],
        "text": "12V Power Socket",
        "text_to_ignore": []
    },
    {
        "id": "e68ee70c-7e3d-44a3-8a1b-d18397e8ba38",
        "display": "test/3.png",
        "bbox": [
            "5788",
            "440",
            "6490",
            "504"
        ],
        "text": "X1130",
        "text_to_ignore": []
    },
    {
        "id": "d7a3c866-81ae-4306-93f1-2d004b4ef04b",
        "display": "test/3.png",
        "bbox": [
            "5840",
            "566",
            "6366",
            "619"
        ],
        "text": "X1130-2 Power In",
        "text_to_ignore": []
    },
    {
        "id": "d4fe3f78-0d84-40b8-873a-8fc41aea12d9",
        "display": "test/3.png",
        "bbox": [
            "5842",
            "628",
            "6062",
            "670"
        ],
        "text": "ACC+",
        "text_to_ignore": []
    },
    {
        "id": "99a8af60-ec6d-40b4-9cb2-2e8fb91bb880",
        "display": "test/3.png",
        "bbox": [
            "5840",
            "716",
            "6340",
            "766"
        ],
        "text": "X1130-1 Ground",
        "text_to_ignore": []
    },
    {
        "id": "11a497c9-830e-4c4d-8ca4-4ff5827c8821",
        "display": "test/3.png",
        "bbox": [
            "5840",
            "778",
            "6044",
            "818"
        ],
        "text": "GND",
        "text_to_ignore": []
    },
    {
        "id": "d624bf74-f444-44f1-9bb8-185940056924",
        "display": "test/3.png",
        "bbox": [
            "5510",
            "812",
            "5720",
            "848"
        ],
        "text": "X11301",
        "text_to_ignore": []
    },
    {
        "id": "c336aeeb-7aba-404b-a0cb-24644cc643df",
        "display": "test/3.png",
        "bbox": [
            "5788",
            "1032",
            "6418",
            "1096"
        ],
        "text": "USB Ports Front",
        "text_to_ignore": []
    },
    {
        "id": "7be4f619-936c-484a-bb39-af9359200c6f",
        "display": "test/3.png",
        "bbox": [
            "5790",
            "1116",
            "6710",
            "1180"
        ],
        "text": "X1131 X881",
        "text_to_ignore": []
    },
    {
        "id": "1d95cbf9-ca2a-4be0-a29d-01ce1970f6fa",
        "display": "test/3.png",
        "bbox": [
            "5837",
            "1243",
            "6374",
            "1278"
        ],
        "text": "X1131-D Power In",
        "text_to_ignore": []
    },
    {
        "id": "df75f550-70bc-41ae-a616-9129d0dc843e",
        "display": "test/3.png",
        "bbox": [
            "6802",
            "1242",
            "7304",
            "1278"
        ],
        "text": "X1131-A Ground",
        "text_to_ignore": []
    },
    {
        "id": "72666320-8253-4363-9938-a36706493214",
        "display": "test/3.png",
        "bbox": [
            "9537",
            "1239",
            "10196",
            "1278"
        ],
        "text": "GLH40-A BK 2.00 FLRY",
        "text_to_ignore": []
    },
    {
        "id": "67e92dae-393d-4f48-8412-327f06cec3ab",
        "display": "test/3.png",
        "bbox": [
            "12158",
            "1222",
            "12676",
            "1265"
        ],
        "text": "X982M X982F",
        "text_to_ignore": []
    },
    {
        "id": "65e84618-ced2-400a-b0dc-96ea8a2bf27d",
        "display": "test/3.png",
        "bbox": [
            "1780",
            "1280",
            "1910",
            "1294"
        ],
        "text": ": myth",
        "text_to_ignore": []
    },
    {
        "id": "8eaf0b2b-7c07-45ce-a334-c1ed8426d5b4",
        "display": "test/3.png",
        "bbox": [
            "1854",
            "1300",
            "2210",
            "1348"
        ],
        "text": "USB PORTS",
        "text_to_ignore": []
    },
    {
        "id": "3986c467-8aa3-4e47-91e7-caafee7f4f6d",
        "display": "test/3.png",
        "bbox": [
            "2728",
            "1280",
            "3888",
            "1344"
        ],
        "text": "\"1866.0 3486394-XX (A) 10 10)",
        "text_to_ignore": []
    },
    {
        "id": "6e401ec6-9ab8-46ae-b03d-7f0bbfda4409",
        "display": "test/3.png",
        "bbox": [
            "4450",
            "1298",
            "5018",
            "1344"
        ],
        "text": "514.0 2486396-XX (C)",
        "text_to_ignore": []
    },
    {
        "id": "715c2c2e-fbe5-4b4a-8bb9-61508933560c",
        "display": "test/3.png",
        "bbox": [
            "4702",
            "1390",
            "5358",
            "1430"
        ],
        "text": "AUX04-A YE 2.00 FLRY",
        "text_to_ignore": []
    },
    {
        "id": "0535e1f5-3781-46c0-bda5-0722a2dd1a7d",
        "display": "test/3.png",
        "bbox": [
            "4748",
            "1448",
            "5318",
            "1494"
        ],
        "text": "923.0 2486396-XX (C)",
        "text_to_ignore": []
    },
    {
        "id": "44e576c2-5e09-4f43-9806-d61070f6eeaa",
        "display": "test/3.png",
        "bbox": [
            "5842",
            "1298",
            "6324",
            "1359"
        ],
        "text": "12V Battery Input",
        "text_to_ignore": []
    },
    {
        "id": "f657a91e-6d78-4f6a-a536-147be3290e3b",
        "display": "test/3.png",
        "bbox": [
            "5840",
            "1392",
            "6370",
            "1440"
        ],
        "text": "X1131-C Power In",
        "text_to_ignore": []
    },
    {
        "id": "9ce8cb81-acbb-4d6b-90a5-6058b234e9b3",
        "display": "test/3.png",
        "bbox": [
            "5842",
            "1447",
            "6322",
            "1508"
        ],
        "text": "12V Battery Input",
        "text_to_ignore": []
    },
    {
        "id": "d56a1452-c6b8-40fe-bf49-b54942626882",
        "display": "test/3.png",
        "bbox": [
            "5510",
            "1488",
            "5716",
            "1522"
        ],
        "text": "X11311.",
        "text_to_ignore": []
    },
    {
        "id": "5b769650-8ce4-4a1b-8907-89a02630d69b",
        "display": "test/3.png",
        "bbox": [
            "5787",
            "1706",
            "6390",
            "1774"
        ],
        "text": "USB Ports Rear",
        "text_to_ignore": []
    },
    {
        "id": "cd6f7230-4c4f-4df4-8b9b-9d121abac343",
        "display": "test/3.png",
        "bbox": [
            "5790",
            "1790",
            "6490",
            "1854"
        ],
        "text": "X1132",
        "text_to_ignore": []
    },
    {
        "id": "c8d803dd-2e41-4e68-8410-8d9626d25dd2",
        "display": "test/3.png",
        "bbox": [
            "5840",
            "1916",
            "6374",
            "1968"
        ],
        "text": "X1132-D Power In",
        "text_to_ignore": []
    },
    {
        "id": "5767c624-db24-483a-90bc-8e7b1724d999",
        "display": "test/3.png",
        "bbox": [
            "5842",
            "1973",
            "6321",
            "2031"
        ],
        "text": "12V Battery Input",
        "text_to_ignore": []
    },
    {
        "id": "1208fee1-ddaa-4afc-a342-c777404486ea",
        "display": "test/3.png",
        "bbox": [
            "5840",
            "2066",
            "6370",
            "2116"
        ],
        "text": "X1132-C Power In",
        "text_to_ignore": []
    },
    {
        "id": "c45da4f5-875c-49f7-a8f7-2aa996adf4e3",
        "display": "test/3.png",
        "bbox": [
            "5842",
            "2122",
            "6322",
            "2182"
        ],
        "text": "12V Battery Input",
        "text_to_ignore": []
    },
    {
        "id": "57365568-46b5-4c93-938e-2a3dc85a9179",
        "display": "test/3.png",
        "bbox": [
            "5510",
            "2162",
            "5718",
            "2198"
        ],
        "text": "X1132.",
        "text_to_ignore": []
    },
    {
        "id": "ef25d78e-7f28-4f98-827a-958d15da481e",
        "display": "test/3.png",
        "bbox": [
            "5784",
            "2380",
            "6686",
            "2465"
        ],
        "text": "Inductive Charger Front",
        "text_to_ignore": []
    },
    {
        "id": "959b6720-b865-4bf7-af94-32509673b15f",
        "display": "test/3.png",
        "bbox": [
            "5792",
            "2463",
            "6488",
            "2530"
        ],
        "text": "X1133",
        "text_to_ignore": []
    },
    {
        "id": "33d751cd-7b82-4194-a26f-712e3db837f2",
        "display": "test/3.png",
        "bbox": [
            "7042",
            "1300",
            "7306",
            "1344"
        ],
        "text": "Ground",
        "text_to_ignore": []
    },
    {
        "id": "0359884f-5ca8-43b3-9bf5-390e4fdc33e0",
        "display": "test/3.png",
        "bbox": [
            "6804",
            "1392",
            "7306",
            "1440"
        ],
        "text": "X1131-B Ground",
        "text_to_ignore": []
    },
    {
        "id": "93a23b87-5c40-4287-8a26-e8e9d5b16026",
        "display": "test/3.png",
        "bbox": [
            "7041",
            "1451",
            "7305",
            "1493"
        ],
        "text": "Ground",
        "text_to_ignore": []
    },
    {
        "id": "cd1b4dbc-9f21-4f64-a0e2-2fb21008a042",
        "display": "test/3.png",
        "bbox": [
            "7428",
            "1488",
            "7632",
            "1522"
        ],
        "text": "X1131",
        "text_to_ignore": []
    },
    {
        "id": "2017fc59-c80a-4488-80b4-b1e2f885f612",
        "display": "test/3.png",
        "bbox": [
            "6802",
            "1915",
            "7306",
            "1967"
        ],
        "text": "X1132-A Ground",
        "text_to_ignore": []
    },
    {
        "id": "40bcbac6-003e-4aee-adf9-519c82699c26",
        "display": "test/3.png",
        "bbox": [
            "7042",
            "1976",
            "7306",
            "2020"
        ],
        "text": "Ground",
        "text_to_ignore": []
    },
    {
        "id": "79087ec6-282d-45cc-934a-f9e0d89690b0",
        "display": "test/3.png",
        "bbox": [
            "6804",
            "2065",
            "7306",
            "2117"
        ],
        "text": "X1132-B Ground",
        "text_to_ignore": []
    },
    {
        "id": "4923888f-382f-42e0-ae3b-4b74f96c1175",
        "display": "test/3.png",
        "bbox": [
            "7042",
            "2126",
            "7306",
            "2168"
        ],
        "text": "Ground",
        "text_to_ignore": []
    },
    {
        "id": "d085c21b-93b5-4329-b384-f5d05dca3371",
        "display": "test/3.png",
        "bbox": [
            "7428",
            "2162",
            "7636",
            "2198"
        ],
        "text": "'X1132",
        "text_to_ignore": []
    },
    {
        "id": "9067d772-5b75-4569-a45f-141fa5ddfd75",
        "display": "test/3.png",
        "bbox": [
            "8114",
            "1390",
            "8780",
            "1430"
        ],
        "text": "RTNO2-A BN = 2.00 FLRY",
        "text_to_ignore": []
    },
    {
        "id": "023b20a6-d5f0-44f1-bc90-7be9f278740f",
        "display": "test/3.png",
        "bbox": [
            "8160",
            "1448",
            "8732",
            "1494"
        ],
        "text": "923.0 2486396-XX (C)",
        "text_to_ignore": []
    },
    {
        "id": "08f593b8-02c9-42c4-9260-3164bb74dc92",
        "display": "test/3.png",
        "bbox": [
            "8114",
            "2066",
            "8778",
            "2104"
        ],
        "text": "RTNO3-A BN = 2.00 FLRY",
        "text_to_ignore": []
    },
    {
        "id": "9cf7b0c3-73fd-432e-a9c8-8b797f7d53e6",
        "display": "test/3.png",
        "bbox": [
            "8164",
            "2122",
            "8756",
            "2170"
        ],
        "text": "1866.0 2486396-XX (C)",
        "text_to_ignore": []
    },
    {
        "id": "9e2ebd15-cb4e-4688-bf62-e0d5def010e3",
        "display": "test/3.png",
        "bbox": [
            "9588",
            "1298",
            "10158",
            "1344"
        ],
        "text": "514.0 2486396-XX (C)",
        "text_to_ignore": []
    },
    {
        "id": "b674fc65-2035-4fee-b997-9a5758f2a6a6",
        "display": "test/3.png",
        "bbox": [
            "12308",
            "1280",
            "12538",
            "1314"
        ],
        "text": "7115 11\u2014-",
        "text_to_ignore": []
    },
    {
        "id": "ecb79fed-20b2-44a3-9800-7fff3a497db9",
        "display": "test/3.png",
        "bbox": [
            "1808",
            "2818",
            "2206",
            "2866"
        ],
        "text": "X031-19 LIN",
        "text_to_ignore": []
    },
    {
        "id": "4e0de087-11d4-42e9-a6f1-ac634729f1fd",
        "display": "test/3.png",
        "bbox": [
            "1362",
            "2876",
            "2206",
            "2926"
        ],
        "text": "INDUCTIVE CHARGER FRONT LIN",
        "text_to_ignore": []
    },
    {
        "id": "12f2d449-2fc8-4610-99ed-35250cc5b510",
        "display": "test/3.png",
        "bbox": [
            "1508",
            "3492",
            "2208",
            "3550"
        ],
        "text": "X031-21 High-Side Drive",
        "text_to_ignore": []
    },
    {
        "id": "71fbad8b-dee6-40ed-b8b0-a33b80d6e7e1",
        "display": "test/3.png",
        "bbox": [
            "1611",
            "3550",
            "2207",
            "3602"
        ],
        "text": "HAZARD SWITCH ECU",
        "text_to_ignore": []
    },
    {
        "id": "19ce7ae6-ffaf-4029-9b41-589e55981c0f",
        "display": "test/3.png",
        "bbox": [
            "2326",
            "3586",
            "2512",
            "3622"
        ],
        "text": "\u2014X031",
        "text_to_ignore": []
    },
    {
        "id": "4826b4b8-ec43-4fcf-939b-1fcf43367c49",
        "display": "test/3.png",
        "bbox": [
            "2676",
            "2800",
            "3766",
            "2854"
        ],
        "text": "CLN11-A GY 0.35 FLRY X982F",
        "text_to_ignore": []
    },
    {
        "id": "02f14cfb-63d5-4ad3-947a-e7f867519e74",
        "display": "test/3.png",
        "bbox": [
            "2728",
            "2852",
            "3918",
            "2920"
        ],
        "text": "eNO : Not 1866.0 3486394- XX (A) 13 13 \u2014",
        "text_to_ignore": []
    },
    {
        "id": "4cb4b3a8-bcfe-4939-9bce-e5167769f58d",
        "display": "test/3.png",
        "bbox": [
            "2664",
            "3476",
            "3765",
            "3528"
        ],
        "text": "+BCM21-B RD 0.35 FLRY X982F",
        "text_to_ignore": []
    },
    {
        "id": "7a400322-2ad2-40d3-9a3f-63957ba96644",
        "display": "test/3.png",
        "bbox": [
            "2707",
            "3526",
            "3920",
            "3592"
        ],
        "text": "ee \u2014 Mow eer 1866.0 3486394- -XX (A) 12 12-\u2014",
        "text_to_ignore": []
    },
    {
        "id": "b3063823-887b-40ee-9ca5-cb44eb3fec83",
        "display": "test/3.png",
        "bbox": [
            "4701",
            "2589",
            "5358",
            "2631"
        ],
        "text": "AUX05-A YE 2.00 FLRY",
        "text_to_ignore": []
    },
    {
        "id": "1c700b92-231d-4103-98a8-1126d8c3e3b6",
        "display": "test/3.png",
        "bbox": [
            "4750",
            "2648",
            "5342",
            "2694"
        ],
        "text": "1866.0 2486396-XX (C)",
        "text_to_ignore": []
    },
    {
        "id": "671a3897-04ff-4335-a8f4-f22afbae85d5",
        "display": "test/3.png",
        "bbox": [
            "3828",
            "2800",
            "4062",
            "2838"
        ],
        "text": "X982M",
        "text_to_ignore": []
    },
    {
        "id": "119bae3b-66a8-410f-a0c6-ddf0e9889748",
        "display": "test/3.png",
        "bbox": [
            "4402",
            "2816",
            "5061",
            "2854"
        ],
        "text": "CLN11-A GY 0.35 FLRY",
        "text_to_ignore": []
    },
    {
        "id": "536f46a3-0b2b-422a-ba85-a4bd47efa735",
        "display": "test/3.png",
        "bbox": [
            "4452",
            "2874",
            "5020",
            "2920"
        ],
        "text": "755.0 2486396-XX (C)",
        "text_to_ignore": []
    },
    {
        "id": "12417803-50d6-4f8c-a71c-8b79e195a568",
        "display": "test/3.png",
        "bbox": [
            "3827",
            "3472",
            "4062",
            "3515"
        ],
        "text": "X982M",
        "text_to_ignore": []
    },
    {
        "id": "fa87c7d6-e72d-4b21-888d-913aefae3da4",
        "display": "test/3.png",
        "bbox": [
            "4386",
            "3490",
            "5086",
            "3530"
        ],
        "text": "+BCM21-A RD 0.35 FLRY",
        "text_to_ignore": []
    },
    {
        "id": "e65197ba-dfcc-4e6d-b32f-0e79a6afbf41",
        "display": "test/3.png",
        "bbox": [
            "4430",
            "3548",
            "5002",
            "3594"
        ],
        "text": "780.0 2486396-XX (C)",
        "text_to_ignore": []
    },
    {
        "id": "a8d61d2c-5f15-41fd-b9a5-91fd51caf0a7",
        "display": "test/3.png",
        "bbox": [
            "5840",
            "2592",
            "6374",
            "2640"
        ],
        "text": "X1133-D Power In",
        "text_to_ignore": []
    },
    {
        "id": "71623930-ed16-4a99-8791-831477a6996f",
        "display": "test/3.png",
        "bbox": [
            "5842",
            "2652",
            "6076",
            "2694"
        ],
        "text": "Power",
        "text_to_ignore": []
    },
    {
        "id": "9bd681d9-da98-4a91-8eac-315e3bc82d07",
        "display": "test/3.png",
        "bbox": [
            "5840",
            "2817",
            "6244",
            "2864"
        ],
        "text": "X1133-A LIN",
        "text_to_ignore": []
    },
    {
        "id": "de7fe725-d866-46b8-a645-0d4dd3ef824c",
        "display": "test/3.png",
        "bbox": [
            "5840",
            "2878",
            "6012",
            "2918"
        ],
        "text": "LIN",
        "text_to_ignore": []
    },
    {
        "id": "f32cc462-1ee7-4c40-b8a2-2935e1e5547c",
        "display": "test/3.png",
        "bbox": [
            "5510",
            "2912",
            "5718",
            "2948"
        ],
        "text": "X1133",
        "text_to_ignore": []
    },
    {
        "id": "d45e1d3d-a915-4b6a-9ef8-914af7438d90",
        "display": "test/3.png",
        "bbox": [
            "5790",
            "3280",
            "6655",
            "3346"
        ],
        "text": "Hazard + PRND Switch",
        "text_to_ignore": []
    },
    {
        "id": "4f8dc121-964a-4487-9ee9-6fe432c120e2",
        "display": "test/3.png",
        "bbox": [
            "5788",
            "3366",
            "6490",
            "3428"
        ],
        "text": "1138",
        "text_to_ignore": []
    },
    {
        "id": "728fea40-2f36-4f3e-8821-5d73d60a124a",
        "display": "test/3.png",
        "bbox": [
            "5840",
            "3492",
            "6366",
            "3540"
        ],
        "text": "X1138-1 Power In",
        "text_to_ignore": []
    },
    {
        "id": "d23f76b0-625b-44b5-a239-a9946540a290",
        "display": "test/3.png",
        "bbox": [
            "5842",
            "3554",
            "6076",
            "3594"
        ],
        "text": "Power",
        "text_to_ignore": []
    },
    {
        "id": "720fe148-35af-427f-bcbb-b637f07770c0",
        "display": "test/3.png",
        "bbox": [
            "5510",
            "3586",
            "5720",
            "3622"
        ],
        "text": "X1138)",
        "text_to_ignore": []
    },
    {
        "id": "9e7af430-09f1-4950-a941-ebc93d76aeda",
        "display": "test/3.png",
        "bbox": [
            "6802",
            "2592",
            "7306",
            "2640"
        ],
        "text": "X1133-C Ground",
        "text_to_ignore": []
    },
    {
        "id": "62b0a2c6-a0eb-41b4-8af1-242162ab9f7b",
        "display": "test/3.png",
        "bbox": [
            "7042",
            "2652",
            "7306",
            "2694"
        ],
        "text": "Ground",
        "text_to_ignore": []
    },
    {
        "id": "e145730e-7581-4209-8308-2be8143d4ede",
        "display": "test/3.png",
        "bbox": [
            "7428",
            "2688",
            "7634",
            "2724"
        ],
        "text": "X1133",
        "text_to_ignore": []
    },
    {
        "id": "99c2262f-2132-494f-a216-13cede812f8b",
        "display": "test/3.png",
        "bbox": [
            "6806",
            "3490",
            "7305",
            "3540"
        ],
        "text": "X1138-4 Ground",
        "text_to_ignore": []
    },
    {
        "id": "81c9c874-d04b-4c92-b33f-4207e7605259",
        "display": "test/3.png",
        "bbox": [
            "7042",
            "3552",
            "7306",
            "3594"
        ],
        "text": "Ground",
        "text_to_ignore": []
    },
    {
        "id": "21311987-c03b-4ef7-a19c-d75837ec76f9",
        "display": "test/3.png",
        "bbox": [
            "7428",
            "3586",
            "7636",
            "3622"
        ],
        "text": "X1138",
        "text_to_ignore": []
    },
    {
        "id": "9de4f3fa-f227-4f98-8022-e675cd7fa05f",
        "display": "test/3.png",
        "bbox": [
            "8753",
            "3490",
            "9406",
            "3530"
        ],
        "text": "GLH31-F BK 0.35 FLRY",
        "text_to_ignore": []
    },
    {
        "id": "79315c7b-3107-49af-8ca6-052958a16f1c",
        "display": "test/3.png",
        "bbox": [
            "8802",
            "3548",
            "9374",
            "3594"
        ],
        "text": "435.0 2486396-XX (C)",
        "text_to_ignore": []
    },
    {
        "id": "9cb33250-ed97-4500-ae4b-04a2c76d855c",
        "display": "test/3.png",
        "bbox": [
            "13668",
            "2754",
            "13804",
            "2848"
        ],
        "text": "Auld",
        "text_to_ignore": []
    },
    {
        "id": "2bce0eeb-940f-46c0-bad6-0efd4904119a",
        "display": "test/3.png",
        "bbox": [
            "13666",
            "2911",
            "13868",
            "3216"
        ],
        "text": "(VW) XX-76E98PE 0d0'?c 9g",
        "text_to_ignore": []
    },
    {
        "id": "eea68f44-faea-4b73-98ed-edaa4699eacb",
        "display": "test/3.png",
        "bbox": [
            "13670",
            "3276",
            "13870",
            "3455"
        ],
        "text": "O'ESLL a\u20ac-OVH19",
        "text_to_ignore": []
    },
    {
        "id": "144527e9-7d2d-4425-89c5-dd08cf94ce9c",
        "display": "test/3.png",
        "bbox": [
            "1162",
            "5052",
            "2208",
            "5102"
        ],
        "text": "CENTER CONSOLE BIN SLIDING TRAY LED",
        "text_to_ignore": []
    },
    {
        "id": "825feed6-bc47-4a0d-87b3-5f18832bdd11",
        "display": "test/3.png",
        "bbox": [
            "1474",
            "4092",
            "2207",
            "4150"
        ],
        "text": "X030A-20 High- -Side Drive",
        "text_to_ignore": []
    },
    {
        "id": "ed98ec65-e827-4627-abbf-32050f92a0bf",
        "display": "test/3.png",
        "bbox": [
            "1334",
            "4148",
            "2210",
            "4202"
        ],
        "text": "CENTER CONSOLE FOOTWELL LED",
        "text_to_ignore": []
    },
    {
        "id": "5cdd1b02-cc5b-4ef8-9434-bef072bbf7f5",
        "display": "test/3.png",
        "bbox": [
            "2325",
            "4185",
            "2535",
            "4221"
        ],
        "text": "X030A",
        "text_to_ignore": []
    },
    {
        "id": "58b8900f-760a-409c-aa6c-55196ca7df42",
        "display": "test/3.png",
        "bbox": [
            "1508",
            "4992",
            "2208",
            "5050"
        ],
        "text": "X039-16 High-Side Drive",
        "text_to_ignore": []
    },
    {
        "id": "b6e44db5-af8c-431c-92d3-ac5f41eed92a",
        "display": "test/3.png",
        "bbox": [
            "2326",
            "5086",
            "2514",
            "5118"
        ],
        "text": "X039",
        "text_to_ignore": []
    },
    {
        "id": "222fe414-2e5e-45ad-8599-597703fb3437",
        "display": "test/3.png",
        "bbox": [
            "2686",
            "4076",
            "3765",
            "4130"
        ],
        "text": "INL39-B RD 0.35 FLRY X983F",
        "text_to_ignore": []
    },
    {
        "id": "691f4740-34f6-4c6b-bbe7-7151a2e3b628",
        "display": "test/3.png",
        "bbox": [
            "2736",
            "4126",
            "3918",
            "4192"
        ],
        "text": "Pewew oe www ' ht 1900.0 3486394-Xx (A A) 18 18\u2014",
        "text_to_ignore": []
    },
    {
        "id": "44eeb152-4f39-4810-8260-df53d4339b56",
        "display": "test/3.png",
        "bbox": [
            "2686",
            "4976",
            "3766",
            "5030"
        ],
        "text": "INL64-B RD 0.35. FLRY X982F",
        "text_to_ignore": []
    },
    {
        "id": "a984122e-bb3d-4512-a89d-eee07e33f8a1",
        "display": "test/3.png",
        "bbox": [
            "2735",
            "5046",
            "3328",
            "5092"
        ],
        "text": "1825.0 3486394-XX (A)",
        "text_to_ignore": []
    },
    {
        "id": "553ae591-01d8-4f8c-ab1c-f17ed51cceed",
        "display": "test/3.png",
        "bbox": [
            "3827",
            "4072",
            "4062",
            "4115"
        ],
        "text": "X983M",
        "text_to_ignore": []
    },
    {
        "id": "7d067e20-8942-472a-8cb5-c0b59c79e784",
        "display": "test/3.png",
        "bbox": [
            "4410",
            "4090",
            "5058",
            "4130"
        ],
        "text": "INL39-A RD 0.35 FLRY",
        "text_to_ignore": []
    },
    {
        "id": "6b66ea3b-6d95-446a-89e5-a5e8de5022cd",
        "display": "test/3.png",
        "bbox": [
            "4460",
            "4148",
            "5052",
            "4194"
        ],
        "text": "1057.0 2486396-XX (C)",
        "text_to_ignore": []
    },
    {
        "id": "c86c19c6-281f-4762-86f3-3af2d25232f3",
        "display": "test/3.png",
        "bbox": [
            "3828",
            "4975",
            "4061",
            "5013"
        ],
        "text": "X982M",
        "text_to_ignore": []
    },
    {
        "id": "01396589-d582-462a-ab7c-888610dd8d13",
        "display": "test/3.png",
        "bbox": [
            "4410",
            "4990",
            "5058",
            "5028"
        ],
        "text": "INL64-A RD 0.75 FLRY",
        "text_to_ignore": []
    },
    {
        "id": "ce88c336-7753-4127-88b4-b4be13700ad8",
        "display": "test/3.png",
        "bbox": [
            "4457",
            "5047",
            "5028",
            "5094"
        ],
        "text": "532.0 2486396-XX (C)",
        "text_to_ignore": []
    },
    {
        "id": "a60e23ab-27d0-4c11-b6f9-8d9cc1c683fd",
        "display": "test/3.png",
        "bbox": [
            "5784",
            "3880",
            "6950",
            "3950"
        ],
        "text": "Center Console Center Footwell",
        "text_to_ignore": []
    },
    {
        "id": "ba40864e-a411-44e9-ad7f-2c7295711e25",
        "display": "test/3.png",
        "bbox": [
            "5840",
            "4092",
            "6366",
            "4140"
        ],
        "text": "X1124-1 Power In",
        "text_to_ignore": []
    },
    {
        "id": "1bad00ff-cefe-4ca0-a367-2844ec1ac1a9",
        "display": "test/3.png",
        "bbox": [
            "5842",
            "4154",
            "6076",
            "4194"
        ],
        "text": "Power",
        "text_to_ignore": []
    },
    {
        "id": "e8e47f65-8199-4376-803d-8426e9b4e0fe",
        "display": "test/3.png",
        "bbox": [
            "5510",
            "4186",
            "5718",
            "4222"
        ],
        "text": "X1124.",
        "text_to_ignore": []
    },
    {
        "id": "23cd4295-acef-4de4-88c1-f1597231f155",
        "display": "test/3.png",
        "bbox": [
            "5786",
            "4773",
            "7111",
            "4871"
        ],
        "text": "Center Console Switch - Sliding Tray a sAj8eaAwre rf",
        "text_to_ignore": []
    },
    {
        "id": "60b95214-9666-4527-bdc3-ad7122e4bea0",
        "display": "test/3.png",
        "bbox": [
            "5840",
            "4986",
            "6476",
            "5052"
        ],
        "text": "X1129-2 Pass-through",
        "text_to_ignore": []
    },
    {
        "id": "56e1f57e-31db-4a07-94fc-0a3bb10ef838",
        "display": "test/3.png",
        "bbox": [
            "5840",
            "5050",
            "6122",
            "5096"
        ],
        "text": "Switch A",
        "text_to_ignore": []
    },
    {
        "id": "132bb5d0-1e5e-4f76-a46a-de8a79f3c760",
        "display": "test/3.png",
        "bbox": [
            "5510",
            "5088",
            "5718",
            "5118"
        ],
        "text": "X1129)",
        "text_to_ignore": []
    },
    {
        "id": "4630546a-bbac-4b8b-ac9f-85a6b00eb715",
        "display": "test/3.png",
        "bbox": [
            "6806",
            "4092",
            "7305",
            "4140"
        ],
        "text": "X1124-2 Ground",
        "text_to_ignore": []
    },
    {
        "id": "2ce0089e-4edc-41d9-a28c-24bb33373896",
        "display": "test/3.png",
        "bbox": [
            "7042",
            "4152",
            "7306",
            "4194"
        ],
        "text": "Ground",
        "text_to_ignore": []
    },
    {
        "id": "74358212-5a78-4102-ba59-cba1edcf7b78",
        "display": "test/3.png",
        "bbox": [
            "7428",
            "4186",
            "7634",
            "4222"
        ],
        "text": "'X1124",
        "text_to_ignore": []
    },
    {
        "id": "81d28d96-7f65-4bfb-bb8c-325a78a9346b",
        "display": "test/3.png",
        "bbox": [
            "6668",
            "4990",
            "8092",
            "5052"
        ],
        "text": "X1129-1 Pass-through INL65-A GY 0.75 FLRY AArTH MN ANMNCANMRC ANS ITP",
        "text_to_ignore": []
    },
    {
        "id": "dd9d08d7-5a17-49a6-b7f0-2c92eb53bcaf",
        "display": "test/3.png",
        "bbox": [
            "7024",
            "5050",
            "7306",
            "5096"
        ],
        "text": "Switch B",
        "text_to_ignore": []
    },
    {
        "id": "880c49b3-1bc9-454e-a75d-344f50f4a494",
        "display": "test/3.png",
        "bbox": [
            "7496",
            "5048",
            "8064",
            "5092"
        ],
        "text": "146.0 2486396-XX (C) VW",
        "text_to_ignore": []
    },
    {
        "id": "0d969535-0fad-49e1-928a-94792d50819b",
        "display": "test/3.png",
        "bbox": [
            "7428",
            "5088",
            "7634",
            "5118"
        ],
        "text": "IX1129",
        "text_to_ignore": []
    },
    {
        "id": "351e247b-0569-446e-9086-c873442dfd51",
        "display": "test/3.png",
        "bbox": [
            "8756",
            "4090",
            "9402",
            "4130"
        ],
        "text": "GLH31-J BK 0.35 FLRY",
        "text_to_ignore": []
    },
    {
        "id": "83c18d0b-a8b2-42c9-a3f7-2774105f7735",
        "display": "test/3.png",
        "bbox": [
            "8808",
            "4147",
            "9400",
            "4194"
        ],
        "text": "1417.0 2486396-XX (C)",
        "text_to_ignore": []
    },
    {
        "id": "23f4e75a-bcf0-4ce4-ba5f-e460cabf0ecf",
        "display": "test/3.png",
        "bbox": [
            "8262",
            "4780",
            "9436",
            "4867"
        ],
        "text": "Center Console Sliding Tray LED . \u00a9 &) fo me",
        "text_to_ignore": []
    },
    {
        "id": "a043e848-2085-4b86-82b9-6bf90b297790",
        "display": "test/3.png",
        "bbox": [
            "8266",
            "4864",
            "8963",
            "4928"
        ],
        "text": "YM",
        "text_to_ignore": []
    },
    {
        "id": "cd0d388b-797e-4054-9973-8422aa5b0cfa",
        "display": "test/3.png",
        "bbox": [
            "8314",
            "4992",
            "8842",
            "5041"
        ],
        "text": "X1125-1 Power In",
        "text_to_ignore": []
    },
    {
        "id": "fad841d9-8dbc-4cca-9f49-a03be023dd72",
        "display": "test/3.png",
        "bbox": [
            "8316",
            "5052",
            "8552",
            "5094"
        ],
        "text": "Power",
        "text_to_ignore": []
    },
    {
        "id": "dd524601-29f4-4488-bc26-b3d7aca80482",
        "display": "test/3.png",
        "bbox": [
            "7986",
            "5088",
            "8194",
            "5118"
        ],
        "text": "F X1125",
        "text_to_ignore": []
    },
    {
        "id": "686b770e-1266-478c-bd44-69918452f2cf",
        "display": "test/3.png",
        "bbox": [
            "9281",
            "4990",
            "10718",
            "5039"
        ],
        "text": "X1125-2 Ground GLH31-L BK 0.35 FLRY",
        "text_to_ignore": []
    },
    {
        "id": "c89eb2c7-9fd4-4a74-baa7-dae309de6727",
        "display": "test/3.png",
        "bbox": [
            "9518",
            "5047",
            "10686",
            "5094"
        ],
        "text": "Ground 706.0 2486396-XX (C) vi1A40c",
        "text_to_ignore": []
    },
    {
        "id": "dcff622e-705d-4b31-ada5-53e93dfcbafa",
        "display": "test/3.png",
        "bbox": [
            "9900",
            "5086",
            "10108",
            "5118"
        ],
        "text": "X1125",
        "text_to_ignore": []
    },
    {
        "id": "48b737cd-12b1-49bb-bc53-8b12a11c936c",
        "display": "test/3.png",
        "bbox": [
            "10783",
            "4034",
            "11147",
            "4082"
        ],
        "text": "Z8-GLH31",
        "text_to_ignore": []
    },
    {
        "id": "b3ce9931-24f1-4088-9593-a6cd33090e4c",
        "display": "test/3.png",
        "bbox": [
            "11188",
            "4090",
            "11845",
            "4130"
        ],
        "text": "GLH31-C BK 0.50 FLRY",
        "text_to_ignore": []
    },
    {
        "id": "fbe669c2-d21d-4090-81e9-781d9b2818d5",
        "display": "test/3.png",
        "bbox": [
            "11237",
            "4146",
            "11808",
            "4194"
        ],
        "text": "518.0 2486396-XX (C)",
        "text_to_ignore": []
    },
    {
        "id": "cfdcd41a-9e6c-41d9-bbd6-1c9c69bf506e",
        "display": "test/3.png",
        "bbox": [
            "11344",
            "4294",
            "11478",
            "4386"
        ],
        "text": "Auld",
        "text_to_ignore": []
    },
    {
        "id": "6be77871-74f4-4d28-8b30-7727283c7bad",
        "display": "test/3.png",
        "bbox": [
            "11344",
            "4462",
            "11544",
            "4546"
        ],
        "text": "0.50",
        "text_to_ignore": []
    },
    {
        "id": "bef50e0b-04f6-424e-b88c-4a7afc90e18d",
        "display": "test/3.png",
        "bbox": [
            "11340",
            "4540",
            "11540",
            "4782"
        ],
        "text": "XX-96EIBVC ) \u00bb\u00a2d",
        "text_to_ignore": []
    },
    {
        "id": "a390ab05-a379-48fb-ba6c-930d54934689",
        "display": "test/3.png",
        "bbox": [
            "11346",
            "4814",
            "11546",
            "5000"
        ],
        "text": "O'LOS W-LEH1D",
        "text_to_ignore": []
    },
    {
        "id": "c0cfd0b5-1482-45a7-98de-0b9a7fd11d00",
        "display": "test/3.png",
        "bbox": [
            "12158",
            "4076",
            "12392",
            "4114"
        ],
        "text": "X983M",
        "text_to_ignore": []
    },
    {
        "id": "1adbc25a-e457-4e9a-b4e4-6fe2613919dd",
        "display": "test/3.png",
        "bbox": [
            "12452",
            "4076",
            "13273",
            "4130"
        ],
        "text": "X983F GIH31-N BK 0.50 FLRY",
        "text_to_ignore": []
    },
    {
        "id": "fbbb75ac-482f-414f-96c7-111abb8face3",
        "display": "test/3.png",
        "bbox": [
            "12660",
            "4147",
            "13254",
            "4192"
        ],
        "text": "1761.0 3486394-XX (A)",
        "text_to_ignore": []
    },
    {
        "id": "a8b72231-b14c-4100-a905-d56be0563008",
        "display": "test/3.png",
        "bbox": [
            "11504",
            "5002",
            "11898",
            "5050"
        ],
        "text": "Z10-GLH31",
        "text_to_ignore": []
    },
    {
        "id": "0c4390e7-5e78-488f-8d5c-b119a0178d38",
        "display": "test/3.png",
        "bbox": [
            "13448",
            "5046",
            "13594",
            "5118"
        ],
        "text": "60",
        "text_to_ignore": []
    },
    {
        "id": "785cec2e-ed27-430f-b6a5-d5a1c61ce8e0",
        "display": "test/3.png",
        "bbox": [
            "1473",
            "5664",
            "2209",
            "5726"
        ],
        "text": "X030A-21 High-Side Drive",
        "text_to_ignore": []
    },
    {
        "id": "67de1623-18c2-4582-a992-90aefac7bca1",
        "display": "test/3.png",
        "bbox": [
            "1361",
            "5724",
            "2208",
            "5776"
        ],
        "text": "CENTER CONSOLE BIN REAR LED",
        "text_to_ignore": []
    },
    {
        "id": "a474dfd1-43fe-4a67-8e30-59cbdf2a4e5d",
        "display": "test/3.png",
        "bbox": [
            "1504",
            "6192",
            "2208",
            "6250"
        ],
        "text": "X030A-8 High-Side Drive",
        "text_to_ignore": []
    },
    {
        "id": "ef97f755-ebe1-4ae4-be48-cc03387eb6ce",
        "display": "test/3.png",
        "bbox": [
            "1324",
            "6246",
            "2210",
            "6302"
        ],
        "text": "CENTER CONSOLE BIN FRONT LED",
        "text_to_ignore": []
    },
    {
        "id": "00e230a0-7ee3-485d-a57b-fd79294c4c1e",
        "display": "test/3.png",
        "bbox": [
            "2326",
            "6286",
            "2536",
            "6322"
        ],
        "text": "X030A",
        "text_to_ignore": []
    },
    {
        "id": "aabc3511-4871-441b-826d-c0c69e08d11e",
        "display": "test/3.png",
        "bbox": [
            "2686",
            "5650",
            "3766",
            "5704"
        ],
        "text": "INL62-B WH 0.35 FLRY X983F",
        "text_to_ignore": []
    },
    {
        "id": "f36c98bd-cebd-4c06-bf4c-c6bd7849b7c4",
        "display": "test/3.png",
        "bbox": [
            "2736",
            "5702",
            "3888",
            "5774"
        ],
        "text": "\u2014\u2014\u2014\u2014 Net 1900.0 3486394- -XX (A A) 10 10\u00b0",
        "text_to_ignore": []
    },
    {
        "id": "321392f9-dc81-4052-afbc-a4100a4ad71a",
        "display": "test/3.png",
        "bbox": [
            "2684",
            "6176",
            "3766",
            "6230"
        ],
        "text": "INL61-C GY 0.35. FLRY X982F",
        "text_to_ignore": []
    },
    {
        "id": "f85a0bed-d0b1-4d1b-95f9-51e63ca71689",
        "display": "test/3.png",
        "bbox": [
            "2736",
            "6228",
            "3920",
            "6290"
        ],
        "text": "\u2014\u2014 \u2014 1932.0 3486304- XX (A A)",
        "text_to_ignore": []
    },
    {
        "id": "1736f799-d2b4-4ccf-a607-aa3fd7981cc2",
        "display": "test/3.png",
        "bbox": [
            "3828",
            "5649",
            "4061",
            "5687"
        ],
        "text": "X983M",
        "text_to_ignore": []
    },
    {
        "id": "631c20a1-3653-402a-a2df-59c034bc660e",
        "display": "test/3.png",
        "bbox": [
            "4410",
            "5665",
            "5071",
            "5704"
        ],
        "text": "INL62-A WH 0.35 FLRY",
        "text_to_ignore": []
    },
    {
        "id": "c042cee9-4ed1-4ef2-9ced-2938bc47630b",
        "display": "test/3.png",
        "bbox": [
            "4460",
            "5724",
            "5052",
            "5770"
        ],
        "text": "1130.0 2486396-XX (C)",
        "text_to_ignore": []
    },
    {
        "id": "9e0fb6b6-cf6f-44cc-9226-323c5ff2c1b1",
        "display": "test/3.png",
        "bbox": [
            "4770",
            "6110",
            "5110",
            "6160"
        ],
        "text": "Z5-INL61",
        "text_to_ignore": []
    },
    {
        "id": "c1a52c0c-709f-46f8-a768-1245e657b706",
        "display": "test/3.png",
        "bbox": [
            "3828",
            "6176",
            "4682",
            "6230"
        ],
        "text": ")X982M \u2014INL61-D GY 0.35. FLRY",
        "text_to_ignore": []
    },
    {
        "id": "7f097fde-532b-4637-b789-62e90fc97b87",
        "display": "test/3.png",
        "bbox": [
            "4934",
            "6190",
            "5580",
            "6230"
        ],
        "text": "\u00bb INL61-A GY 0.35 FLRY",
        "text_to_ignore": []
    },
    {
        "id": "bf6578bd-759d-48cd-9a85-7de8e71b1709",
        "display": "test/3.png",
        "bbox": [
            "4082",
            "6248",
            "4652",
            "6294"
        ],
        "text": "370.0 2486396-XX (C)",
        "text_to_ignore": []
    },
    {
        "id": "71edeba7-6cc5-4a2c-a166-cfd962407ae1",
        "display": "test/3.png",
        "bbox": [
            "4982",
            "6248",
            "5554",
            "6294"
        ],
        "text": "296.0 2486396-XX (C)",
        "text_to_ignore": []
    },
    {
        "id": "64805004-6de2-43cd-823a-ab9e3889692b",
        "display": "test/3.png",
        "bbox": [
            "5786",
            "5456",
            "6990",
            "5522"
        ],
        "text": "Center Console Switch - Rear Bin",
        "text_to_ignore": []
    },
    {
        "id": "e1450d70-6cdb-489c-a74d-2b79d53e1bf7",
        "display": "test/3.png",
        "bbox": [
            "5790",
            "5537",
            "6490",
            "5604"
        ],
        "text": "X1128",
        "text_to_ignore": []
    },
    {
        "id": "b9c22178-a6f0-4f24-9e8d-b2c9c833c997",
        "display": "test/3.png",
        "bbox": [
            "5840",
            "5660",
            "6476",
            "5728"
        ],
        "text": "X1128-2 Pass-through",
        "text_to_ignore": []
    },
    {
        "id": "0cb8a503-4020-4080-8be0-846f6a2ff2ff",
        "display": "test/3.png",
        "bbox": [
            "5840",
            "5726",
            "6122",
            "5772"
        ],
        "text": "Switch A",
        "text_to_ignore": []
    },
    {
        "id": "ddc09be8-0ad8-4714-862f-e2ad89e3e910",
        "display": "test/3.png",
        "bbox": [
            "5510",
            "5762",
            "5720",
            "5798"
        ],
        "text": "X1128.",
        "text_to_ignore": []
    },
    {
        "id": "7f0d0c51-d8f9-4107-af80-4452c50e09bc",
        "display": "test/3.png",
        "bbox": [
            "5786",
            "5982",
            "6854",
            "6064"
        ],
        "text": "Center Console Light Pipe FL",
        "text_to_ignore": []
    },
    {
        "id": "39dbd36a-6156-4054-803d-6f118868db25",
        "display": "test/3.png",
        "bbox": [
            "5790",
            "6064",
            "6488",
            "6128"
        ],
        "text": "X1122.",
        "text_to_ignore": []
    },
    {
        "id": "d45fa3c1-e7ff-4761-8f65-e46246e822ce",
        "display": "test/3.png",
        "bbox": [
            "5840",
            "6192",
            "6364",
            "6240"
        ],
        "text": "X1122-1 Power In",
        "text_to_ignore": []
    },
    {
        "id": "5040de25-2162-426e-a5c5-f5004d0c4f3c",
        "display": "test/3.png",
        "bbox": [
            "5842",
            "6252",
            "6076",
            "6294"
        ],
        "text": "Power",
        "text_to_ignore": []
    },
    {
        "id": "d569a02a-d074-4792-b5f6-6be25fb2184f",
        "display": "test/3.png",
        "bbox": [
            "5510",
            "6286",
            "5718",
            "6322"
        ],
        "text": "X1122.",
        "text_to_ignore": []
    },
    {
        "id": "67118758-c635-4e3d-b7f6-96e530856a21",
        "display": "test/3.png",
        "bbox": [
            "6667",
            "5665",
            "7306",
            "5726"
        ],
        "text": "X1128-1 Pass-through",
        "text_to_ignore": []
    },
    {
        "id": "04909393-e46e-4b41-a437-195bffa89966",
        "display": "test/3.png",
        "bbox": [
            "7446",
            "5665",
            "8093",
            "5704"
        ],
        "text": "INL63-A BU 0.35 FLRY",
        "text_to_ignore": []
    },
    {
        "id": "ebffcb3b-8c30-43ee-89c1-9a8f159974d2",
        "display": "test/3.png",
        "bbox": [
            "7024",
            "5723",
            "8066",
            "5770"
        ],
        "text": "SwitchB . 681.0 2486396-XX (C) Vv",
        "text_to_ignore": []
    },
    {
        "id": "945d1c25-760a-4dfc-9506-72a573b0d070",
        "display": "test/3.png",
        "bbox": [
            "7428",
            "5762",
            "7636",
            "5798"
        ],
        "text": "IX1128",
        "text_to_ignore": []
    },
    {
        "id": "ad1064dd-0a8e-410a-986f-83379355db73",
        "display": "test/3.png",
        "bbox": [
            "6806",
            "6191",
            "7305",
            "6240"
        ],
        "text": "X1122-2 Ground",
        "text_to_ignore": []
    },
    {
        "id": "6682e0cf-d908-45a3-a015-29adff7bd77d",
        "display": "test/3.png",
        "bbox": [
            "7042",
            "6252",
            "7306",
            "6294"
        ],
        "text": "Ground",
        "text_to_ignore": []
    },
    {
        "id": "5d0c7b10-e4b2-4527-bf16-394c9bdc50af",
        "display": "test/3.png",
        "bbox": [
            "7428",
            "6286",
            "7634",
            "6322"
        ],
        "text": "'X1122",
        "text_to_ignore": []
    },
    {
        "id": "0a12729f-d605-4711-9d76-a117ea76d717",
        "display": "test/3.png",
        "bbox": [
            "8262",
            "5456",
            "9408",
            "5538"
        ],
        "text": "Center Console Light Pipe Rear",
        "text_to_ignore": []
    },
    {
        "id": "e610a056-00a8-4696-9f94-d5c7a4d67140",
        "display": "test/3.png",
        "bbox": [
            "8268",
            "5536",
            "8966",
            "5602"
        ],
        "text": "X1120",
        "text_to_ignore": []
    },
    {
        "id": "0b9ea655-5a83-4de2-8e4b-32f1c14e18bb",
        "display": "test/3.png",
        "bbox": [
            "8313",
            "5665",
            "8842",
            "5719"
        ],
        "text": "X1120-1 Power In",
        "text_to_ignore": []
    },
    {
        "id": "b8aebd26-4682-4bb9-83d4-f576307eda76",
        "display": "test/3.png",
        "bbox": [
            "8314",
            "5726",
            "8553",
            "5775"
        ],
        "text": "Power",
        "text_to_ignore": []
    },
    {
        "id": "14c867af-c738-4752-9583-963e64dcf2ad",
        "display": "test/3.png",
        "bbox": [
            "7986",
            "5762",
            "8194",
            "5798"
        ],
        "text": "\u2014t X1120.",
        "text_to_ignore": []
    },
    {
        "id": "cb1797bc-c0fe-460a-b2f3-c27f5c71b661",
        "display": "test/3.png",
        "bbox": [
            "8786",
            "6190",
            "9448",
            "6230"
        ],
        "text": "GLH31-D BK 0.35 FLRY",
        "text_to_ignore": []
    },
    {
        "id": "27c3ecde-ea69-4b4e-96de-bdab4be86c5a",
        "display": "test/3.png",
        "bbox": [
            "8836",
            "6248",
            "9406",
            "6294"
        ],
        "text": "271.0 2486396-XX (C)",
        "text_to_ignore": []
    },
    {
        "id": "a81a2ba6-025e-40ac-a75c-7d38cc488c93",
        "display": "test/3.png",
        "bbox": [
            "9281",
            "5665",
            "9782",
            "5717"
        ],
        "text": "X1120-2 Ground",
        "text_to_ignore": []
    },
    {
        "id": "3b4854a1-46ce-4eae-9df2-936fec04f3e4",
        "display": "test/3.png",
        "bbox": [
            "9996",
            "5665",
            "10638",
            "5704"
        ],
        "text": "GLH31- BK 0.35 FLRY",
        "text_to_ignore": []
    },
    {
        "id": "40bf9554-b129-477a-b832-39b53016f7f0",
        "display": "test/3.png",
        "bbox": [
            "9518",
            "5724",
            "10638",
            "5768"
        ],
        "text": "1109.0 2486396-XX (C) VAAIN Ground",
        "text_to_ignore": []
    },
    {
        "id": "b352ce4a-b02a-4040-92d3-01548f0e54a7",
        "display": "test/3.png",
        "bbox": [
            "9902",
            "5762",
            "10110",
            "5796"
        ],
        "text": "X1120",
        "text_to_ignore": []
    },
    {
        "id": "eee8ca00-1766-472c-b5db-10f421c014b9",
        "display": "test/3.png",
        "bbox": [
            "1684",
            "7391",
            "2206",
            "7451"
        ],
        "text": "X032-32 Signal In",
        "text_to_ignore": []
    },
    {
        "id": "1c39be2f-eb28-4191-8f8c-3cbc261fdf69",
        "display": "test/3.png",
        "bbox": [
            "1706",
            "7444",
            "2207",
            "7501"
        ],
        "text": "SPARE ANALOG 3",
        "text_to_ignore": []
    },
    {
        "id": "58fb4add-5589-4cf5-906a-1962820b8bfe",
        "display": "test/3.png",
        "bbox": [
            "2326",
            "7486",
            "2514",
            "7522"
        ],
        "text": "X032",
        "text_to_ignore": []
    },
    {
        "id": "715be021-458b-407e-84ce-8ddcebe31509",
        "display": "test/3.png",
        "bbox": [
            "2686",
            "7376",
            "3765",
            "7428"
        ],
        "text": "INL60-B BU 0.35 FLRY X982F",
        "text_to_ignore": []
    },
    {
        "id": "1f1e48a4-5ac9-45c9-9def-fc496b7a0389",
        "display": "test/3.png",
        "bbox": [
            "2736",
            "7428",
            "3918",
            "7490"
        ],
        "text": "Ee NO =o 1909.0 3486394- XX (A a)",
        "text_to_ignore": []
    },
    {
        "id": "d18117c9-d8d7-4d92-b779-e36bfc8f12ac",
        "display": "test/3.png",
        "bbox": [
            "4936",
            "6714",
            "5578",
            "6754"
        ],
        "text": "INL61-B GY 0.35 FLRY",
        "text_to_ignore": []
    },
    {
        "id": "cac8b011-9d10-4321-8515-90d73b7cc255",
        "display": "test/3.png",
        "bbox": [
            "4984",
            "6772",
            "5556",
            "6818"
        ],
        "text": "296.0 2486396-XX (C)",
        "text_to_ignore": []
    },
    {
        "id": "7f63f2ec-755e-4680-b29d-a19697c9dbfc",
        "display": "test/3.png",
        "bbox": [
            "3827",
            "7372",
            "4062",
            "7415"
        ],
        "text": "- X982M",
        "text_to_ignore": []
    },
    {
        "id": "a15ee8a1-0a8b-42f1-8e3b-025948d8d1cb",
        "display": "test/3.png",
        "bbox": [
            "4410",
            "7390",
            "5056",
            "7428"
        ],
        "text": "INL60-A BU 0.35 FLRY",
        "text_to_ignore": []
    },
    {
        "id": "1970e69c-215a-4710-9bb5-f4cbeca7a222",
        "display": "test/3.png",
        "bbox": [
            "4457",
            "7447",
            "5028",
            "7494"
        ],
        "text": "563.0 2486396-XX (C)",
        "text_to_ignore": []
    },
    {
        "id": "44a390fd-054c-404a-8dc2-85ecf4c38742",
        "display": "test/3.png",
        "bbox": [
            "5786",
            "6506",
            "6862",
            "6590"
        ],
        "text": "Center Console Light Pipe FR ;. ww am am",
        "text_to_ignore": []
    },
    {
        "id": "f843244b-f1e7-4546-85cc-8719adfbe3e8",
        "display": "test/3.png",
        "bbox": [
            "5840",
            "6716",
            "6366",
            "6766"
        ],
        "text": "X1123-1 Power In",
        "text_to_ignore": []
    },
    {
        "id": "7bff6440-934e-4653-81e5-6081bf8a1c3b",
        "display": "test/3.png",
        "bbox": [
            "5842",
            "6778",
            "6076",
            "6818"
        ],
        "text": "Power",
        "text_to_ignore": []
    },
    {
        "id": "4d3c77b3-9a32-4cea-a1a4-d4ea883be206",
        "display": "test/3.png",
        "bbox": [
            "5510",
            "6812",
            "5718",
            "6846"
        ],
        "text": "X1123.",
        "text_to_ignore": []
    },
    {
        "id": "b2b26fe1-81df-49e9-9c09-487b8ef11211",
        "display": "test/3.png",
        "bbox": [
            "5785",
            "7178",
            "7016",
            "7247"
        ],
        "text": "Center Console Switch - Front Bin",
        "text_to_ignore": []
    },
    {
        "id": "e046127d-b2db-4047-bafb-2232ad76b362",
        "display": "test/3.png",
        "bbox": [
            "5790",
            "7264",
            "6486",
            "7328"
        ],
        "text": "X1127",
        "text_to_ignore": []
    },
    {
        "id": "fccc7f8e-d0a9-4ef9-a3c5-0c71d455204d",
        "display": "test/3.png",
        "bbox": [
            "5840",
            "7386",
            "6476",
            "7452"
        ],
        "text": "X1127-2 Pass-through",
        "text_to_ignore": []
    },
    {
        "id": "40f6eae7-19d3-4531-a56f-02f25f998300",
        "display": "test/3.png",
        "bbox": [
            "5840",
            "7450",
            "6122",
            "7496"
        ],
        "text": "Switch A",
        "text_to_ignore": []
    },
    {
        "id": "3d75198f-a11e-4742-9185-80c68accdd9f",
        "display": "test/3.png",
        "bbox": [
            "5510",
            "7488",
            "5718",
            "7522"
        ],
        "text": "X1127)",
        "text_to_ignore": []
    },
    {
        "id": "41249056-30f7-4e82-b075-0a0dd764677c",
        "display": "test/3.png",
        "bbox": [
            "6806",
            "6715",
            "7306",
            "6767"
        ],
        "text": "X1123-2 Ground",
        "text_to_ignore": []
    },
    {
        "id": "f27dba89-ecc2-4f8d-92b6-aece217f420b",
        "display": "test/3.png",
        "bbox": [
            "7042",
            "6776",
            "7306",
            "6818"
        ],
        "text": "Ground",
        "text_to_ignore": []
    },
    {
        "id": "b41d065c-c23c-4f28-b386-cf50c9f69251",
        "display": "test/3.png",
        "bbox": [
            "7428",
            "6812",
            "7634",
            "6846"
        ],
        "text": "X1123",
        "text_to_ignore": []
    },
    {
        "id": "b1ac8ce9-186d-4b78-be5c-89780fc62a48",
        "display": "test/3.png",
        "bbox": [
            "6667",
            "7391",
            "7306",
            "7451"
        ],
        "text": "X1127-1 Pass-through",
        "text_to_ignore": []
    },
    {
        "id": "f14a9793-9615-49cf-9884-97e46658ef60",
        "display": "test/3.png",
        "bbox": [
            "7024",
            "7450",
            "7306",
            "7496"
        ],
        "text": "Switch B",
        "text_to_ignore": []
    },
    {
        "id": "c508fdc8-8d63-486d-807c-55f04d1b4597",
        "display": "test/3.png",
        "bbox": [
            "7428",
            "7486",
            "7634",
            "7522"
        ],
        "text": "'X1127",
        "text_to_ignore": []
    },
    {
        "id": "c865b0d2-cb00-42cc-8898-b3f2ea1c9282",
        "display": "test/3.png",
        "bbox": [
            "8828",
            "6714",
            "9482",
            "6752"
        ],
        "text": "GLH31-E BK 0.35 FLRY",
        "text_to_ignore": []
    },
    {
        "id": "c470d9e0-2576-444c-bbeb-0a4206363652",
        "display": "test/3.png",
        "bbox": [
            "8878",
            "6771",
            "9448",
            "6818"
        ],
        "text": "271.0 2486396-XX (C)",
        "text_to_ignore": []
    },
    {
        "id": "a190746f-3ae4-4a7e-8df5-4fff4fbd3471",
        "display": "test/3.png",
        "bbox": [
            "8860",
            "7390",
            "9524",
            "7428"
        ],
        "text": "GLH31-O BK 0.50 FLRY",
        "text_to_ignore": []
    },
    {
        "id": "7f7368e8-51c4-4fe3-8d7a-19f455e004ae",
        "display": "test/3.png",
        "bbox": [
            "8910",
            "7446",
            "9480",
            "7494"
        ],
        "text": "424.0 2486396-XX (C)",
        "text_to_ignore": []
    },
    {
        "id": "108913b7-33ef-4b73-8abb-49639b6adb8f",
        "display": "test/3.png",
        "bbox": [
            "950",
            "7974",
            "2208",
            "8029"
        ],
        "text": "CENTER CONSOLE BIN FRONT HALF OPEN SWITCH",
        "text_to_ignore": []
    },
    {
        "id": "a5fd8cd1-1ba3-4cd5-b1e4-c37886d4bd07",
        "display": "test/3.png",
        "bbox": [
            "1106",
            "8500",
            "2208",
            "8552"
        ],
        "text": "CENTER CONSOLE BIN CUPHOLDER SWITCH",
        "text_to_ignore": []
    },
    {
        "id": "08979ced-d4e3-4e55-82c5-1bef50e5025a",
        "display": "test/3.png",
        "bbox": [
            "1648",
            "7915",
            "2206",
            "7975"
        ],
        "text": "\u2014 X038A-12 Signal In",
        "text_to_ignore": []
    },
    {
        "id": "d8f6a487-e586-4fd4-831c-71a4e021d17d",
        "display": "test/3.png",
        "bbox": [
            "1647",
            "8438",
            "2206",
            "8500"
        ],
        "text": "X038A-26 Signal In",
        "text_to_ignore": []
    },
    {
        "id": "398ba0ce-cacc-41eb-bfd2-3ab21c1ba3f8",
        "display": "test/3.png",
        "bbox": [
            "2325",
            "8536",
            "2535",
            "8572"
        ],
        "text": "X038A",
        "text_to_ignore": []
    },
    {
        "id": "f8d75a58-85c4-4e74-bd3c-44c5d2a11c8d",
        "display": "test/3.png",
        "bbox": [
            "2686",
            "7900",
            "3766",
            "7952"
        ],
        "text": "INL66-B WH 0.35. FLRY X982F",
        "text_to_ignore": []
    },
    {
        "id": "0c472a29-84ad-4bfa-86a2-1c12c63ea3df",
        "display": "test/3.png",
        "bbox": [
            "2736",
            "7952",
            "3916",
            "8016"
        ],
        "text": "\u2014\u2014\u2014\u2014 VEO Veet 1934.0 3486304- -XX (A A) 16 16",
        "text_to_ignore": []
    },
    {
        "id": "303f9c81-afff-494c-a109-1016722a698f",
        "display": "test/3.png",
        "bbox": [
            "2686",
            "8424",
            "3768",
            "8478"
        ],
        "text": "INL67-B GN 0.35. FLRY X983F",
        "text_to_ignore": []
    },
    {
        "id": "f9d277f6-203f-4836-a80f-78d6eccd909b",
        "display": "test/3.png",
        "bbox": [
            "2736",
            "8476",
            "3916",
            "8540"
        ],
        "text": "aE TY Vet 1902.0 3486394- XX (A ) 19 19",
        "text_to_ignore": []
    },
    {
        "id": "1a07950d-ad92-4188-bcb5-9a0c479e2f07",
        "display": "test/3.png",
        "bbox": [
            "3828",
            "7900",
            "4061",
            "7938"
        ],
        "text": "X982M",
        "text_to_ignore": []
    },
    {
        "id": "8a1d89f6-c4f6-4364-b39e-0816a89056c8",
        "display": "test/3.png",
        "bbox": [
            "4410",
            "7914",
            "5074",
            "7952"
        ],
        "text": "INL66-A WH 0.35 FLRY",
        "text_to_ignore": []
    },
    {
        "id": "402633b4-a3e3-4a7e-840d-95b5631e1572",
        "display": "test/3.png",
        "bbox": [
            "4457",
            "7970",
            "5028",
            "8018"
        ],
        "text": "528.0 2486396-XX (C)",
        "text_to_ignore": []
    },
    {
        "id": "46dda1b6-fe39-4d4a-ac71-0aa2eb3301c0",
        "display": "test/3.png",
        "bbox": [
            "3828",
            "8424",
            "4062",
            "8462"
        ],
        "text": "- X983M",
        "text_to_ignore": []
    },
    {
        "id": "1d5c9b18-1f64-4ba9-b25f-fc5e05070b9a",
        "display": "test/3.png",
        "bbox": [
            "4410",
            "8439",
            "5063",
            "8478"
        ],
        "text": "INL67-A GN 0.35 FLRY",
        "text_to_ignore": []
    },
    {
        "id": "78187ccb-98a9-49a2-8c41-d6479ba38535",
        "display": "test/3.png",
        "bbox": [
            "4456",
            "8498",
            "5028",
            "8544"
        ],
        "text": "436.0 2486396-XX (C)",
        "text_to_ignore": []
    },
    {
        "id": "a155bc4a-b2dd-4aa0-b78c-3c2ee955658b",
        "display": "test/3.png",
        "bbox": [
            "5784",
            "7703",
            "7172",
            "7774"
        ],
        "text": "Center Console Switch - Half Front Bin",
        "text_to_ignore": []
    },
    {
        "id": "d1ea9ebd-6f50-4d9b-a19f-7c971ea69a0f",
        "display": "test/3.png",
        "bbox": [
            "5840",
            "7910",
            "6476",
            "7976"
        ],
        "text": "X1115-2 Pass-through",
        "text_to_ignore": []
    },
    {
        "id": "d76598aa-a264-4bb5-a2a8-81fd7cb937a4",
        "display": "test/3.png",
        "bbox": [
            "5840",
            "7975",
            "6122",
            "8019"
        ],
        "text": "Switch A",
        "text_to_ignore": []
    },
    {
        "id": "9271197f-eb2b-462d-9dc8-67382d71ec10",
        "display": "test/3.png",
        "bbox": [
            "5510",
            "8012",
            "5718",
            "8046"
        ],
        "text": "X1115.",
        "text_to_ignore": []
    },
    {
        "id": "6319bf45-66ec-4eb8-9828-8870fcda60ef",
        "display": "test/3.png",
        "bbox": [
            "5786",
            "8228",
            "7072",
            "8313"
        ],
        "text": "Center Console Switch - Cupholder",
        "text_to_ignore": []
    },
    {
        "id": "a96fc6ce-3947-471b-ab34-18b089eaa0e8",
        "display": "test/3.png",
        "bbox": [
            "5840",
            "8434",
            "6476",
            "8502"
        ],
        "text": "X1116-2 Pass-through",
        "text_to_ignore": []
    },
    {
        "id": "dc52a3dc-8219-4284-9d89-5624362b73ab",
        "display": "test/3.png",
        "bbox": [
            "5840",
            "8502",
            "6124",
            "8546"
        ],
        "text": "Switch A",
        "text_to_ignore": []
    },
    {
        "id": "2b36fa28-7187-4f1f-a17c-aae38d965921",
        "display": "test/3.png",
        "bbox": [
            "5510",
            "8538",
            "5720",
            "8572"
        ],
        "text": "X1116.",
        "text_to_ignore": []
    },
    {
        "id": "58f0433e-2adb-4209-ae9a-4448a58e429e",
        "display": "test/3.png",
        "bbox": [
            "6668",
            "7916",
            "7306",
            "7976"
        ],
        "text": "X1115-1 Pass-through",
        "text_to_ignore": []
    },
    {
        "id": "8c65c423-e857-4f53-8c1e-c3e6e3f32797",
        "display": "test/3.png",
        "bbox": [
            "7024",
            "7976",
            "7306",
            "8020"
        ],
        "text": "Switch B",
        "text_to_ignore": []
    },
    {
        "id": "b097b202-3d92-4b87-bf41-3471c006f14c",
        "display": "test/3.png",
        "bbox": [
            "7428",
            "8012",
            "7634",
            "8046"
        ],
        "text": "X1115",
        "text_to_ignore": []
    },
    {
        "id": "e5b08f04-f508-4348-ac0b-d989ab44ea8d",
        "display": "test/3.png",
        "bbox": [
            "6668",
            "8442",
            "7306",
            "8500"
        ],
        "text": "X1116-1 Pass-through",
        "text_to_ignore": []
    },
    {
        "id": "1fdfe57b-3000-4697-aa79-589238232cbe",
        "display": "test/3.png",
        "bbox": [
            "7024",
            "8502",
            "7306",
            "8546"
        ],
        "text": "Switch B",
        "text_to_ignore": []
    },
    {
        "id": "f9be3c05-eaa4-49e9-aeb5-b377290edcaa",
        "display": "test/3.png",
        "bbox": [
            "7428",
            "8536",
            "7636",
            "8572"
        ],
        "text": "'X1116",
        "text_to_ignore": []
    },
    {
        "id": "4d4eecb4-c2ab-4199-bae2-d34cbbe8eb70",
        "display": "test/3.png",
        "bbox": [
            "9088",
            "7914",
            "9746",
            "7952"
        ],
        "text": "GLH31-A BK 0.35 FLRY",
        "text_to_ignore": []
    },
    {
        "id": "deef9cac-33dc-4d91-8cd4-7be415d0a5be",
        "display": "test/3.png",
        "bbox": [
            "9136",
            "7972",
            "9708",
            "8018"
        ],
        "text": "684.0 2486396-XX (C)",
        "text_to_ignore": []
    },
    {
        "id": "4066ccd9-9004-47c7-bf4e-e73dff0a33c1",
        "display": "test/3.png",
        "bbox": [
            "9164",
            "8437",
            "9819",
            "8478"
        ],
        "text": "GLH31-B BK 0.35 FLRY",
        "text_to_ignore": []
    },
    {
        "id": "968465ad-9822-43a8-931b-e5e0c0ac4c85",
        "display": "test/3.png",
        "bbox": [
            "9211",
            "8498",
            "9784",
            "8544"
        ],
        "text": "295.0 2486396-XX (C)",
        "text_to_ignore": []
    },
    {
        "id": "2cdaa84f-98f0-43b7-88cf-77ada81fe7ad",
        "display": "test/3.png",
        "bbox": [
            "11672",
            "8626",
            "13852",
            "8656"
        ],
        "text": "THE INFORMATION CONTAINED HEREIN IS DEEMED TO BE CONFIDENTIAL, PROPRIETARY, AND A TRADE SECRET OF TESLA MOTORS. THIS",
        "text_to_ignore": []
    },
    {
        "id": "2940c95a-537b-4b00-8778-08615b0e3cfd",
        "display": "test/3.png",
        "bbox": [
            "11672",
            "8658",
            "13884",
            "8696"
        ],
        "text": "INFORMATION \u201cMAY NOT BE USED, REPRODUCED, OR \u201cDISCLOSED AS THE DIRECT \u201cOR\u201d INDIRECT BASIS FOR THE \u2018DEVELOPMENT, MANUFACTURE ,",
        "text_to_ignore": []
    },
    {
        "id": "2ee9a760-f0ba-4ca2-9823-888d85634903",
        "display": "test/3.png",
        "bbox": [
            "11670",
            "8698",
            "13288",
            "8728"
        ],
        "text": "OR SALE OF PROCESSES OR PRODUCTS WITHOUT THE EXPRESSD WRITTEN CONSENT OF TESLA MOTORS.",
        "text_to_ignore": []
    },
    {
        "id": "c21554f9-5d03-481b-a9f2-e8290d8cfabb",
        "display": "test/3.png",
        "bbox": [
            "11916",
            "8776",
            "12978",
            "8826"
        ],
        "text": "DRAWN CHECKED",
        "text_to_ignore": []
    },
    {
        "id": "dda3bd59-7ded-4898-b987-fcb84f4f35d8",
        "display": "test/3.png",
        "bbox": [
            "13362",
            "8778",
            "13744",
            "8828"
        ],
        "text": "APPROVED",
        "text_to_ignore": []
    },
    {
        "id": "0f029364-bd50-4be7-88fb-ee5798b7c9f9",
        "display": "test/3.png",
        "bbox": [
            "11664",
            "9078",
            "12048",
            "9126"
        ],
        "text": "MATERIAL",
        "text_to_ignore": []
    },
    {
        "id": "6f052c06-ef7e-4db4-afe4-c2ce747c1054",
        "display": "test/3.png",
        "bbox": [
            "12602",
            "9076",
            "13020",
            "9126"
        ],
        "text": "FINISHING",
        "text_to_ignore": []
    },
    {
        "id": "e770a007-2f99-4b74-8215-6b257563e1f4",
        "display": "test/3.png",
        "bbox": [
            "11740",
            "9156",
            "12472",
            "9230"
        ],
        "text": "AS SPECIFIED",
        "text_to_ignore": []
    },
    {
        "id": "f83c0b86-c40e-4f88-aab2-46dca04505f9",
        "display": "test/3.png",
        "bbox": [
            "12674",
            "9156",
            "13408",
            "9229"
        ],
        "text": "AS SPECIFIED",
        "text_to_ignore": []
    },
    {
        "id": "8be2299f-3388-49bb-9c13-f02c630d371f",
        "display": "test/3.png",
        "bbox": [
            "11666",
            "9302",
            "12082",
            "9352"
        ],
        "text": "PART NAME",
        "text_to_ignore": []
    },
    {
        "id": "c45a8208-2b1f-413a-9738-c084222d666e",
        "display": "test/3.png",
        "bbox": [
            "11660",
            "9376",
            "12500",
            "9450"
        ],
        "text": "Center Console",
        "text_to_ignore": []
    },
    {
        "id": "07d4f7fa-3acc-4a31-914e-1f37bbe18d42",
        "display": "test/3.png",
        "bbox": [
            "11666",
            "9528",
            "12152",
            "9578"
        ],
        "text": "PART NUMBER",
        "text_to_ignore": []
    },
    {
        "id": "122e424a-d095-4a6b-a69c-05b6647b5969",
        "display": "test/3.png",
        "bbox": [
            "13537",
            "9076",
            "13814",
            "9126"
        ],
        "text": "SCALE",
        "text_to_ignore": []
    },
    {
        "id": "2c331a22-5880-4630-b3fb-b3945648ce12",
        "display": "test/3.png",
        "bbox": [
            "13596",
            "9154",
            "13901",
            "9223"
        ],
        "text": "NONE",
        "text_to_ignore": []
    },
    {
        "id": "ccbb11b5-d73d-4d95-b37c-c116a802ad23",
        "display": "test/3.png",
        "bbox": [
            "12788",
            "9526",
            "13364",
            "9577"
        ],
        "text": "REV SHEET",
        "text_to_ignore": []
    },
    {
        "id": "0d6f532b-e911-45d2-8e00-638c9bfcf36e",
        "display": "test/3.png",
        "bbox": [
            "13613",
            "9528",
            "13853",
            "9575"
        ],
        "text": "SIZE",
        "text_to_ignore": []
    },
    {
        "id": "a2e487a9-3de5-4f8e-a028-35b0174ed70f",
        "display": "test/3.png",
        "bbox": [
            "12878",
            "9646",
            "13585",
            "9716"
        ],
        "text": "14 oF 61",
        "text_to_ignore": []
    }
]